0.0,1.26474737935,1.23206820257,1.09855764062,0.0,0.0,0.658392419584,-0.0187466365898,-0.376144956914,0.130749524124,0.0585244644081,0.241795121341,0.123343455642,0.0,0.0,0.0,0.0,-0.0108677089725,-0.263068133946,0.266533823645,0.430274585344,1.39002032865,-0.188629910247,2.50196373069,0.244034186844,-0.00479704540877,0.306222780544,0.000347903101401,0.0,0.0,0.0,1.33226762955e-15,0.0,0.0,0.0,0.0,0.0,0.0,0.0,0.0,0.0,0.0,0.0,0.0,0.0,0.0,0.0,0.0,0.0,0.0
0.00970792770386,1.26488330097,1.23195425937,1.09857332666,0.0,0.0,0.656377569546,-0.019799187353,-0.376370106165,0.130444609901,0.0579503737298,0.241574673598,0.123220331611,4.4408920985e-16,0.0,0.0,0.0,-0.0256218223665,-0.266432162611,0.278657644181,0.431621288318,1.39234024097,-0.17731318891,2.49609877532,0.243662971285,-0.0109707836186,0.31165396228,0.000875585076492,0.0,0.0,0.0,-1.11022302463e-15,0.0,0.0,0.0,0.0,0.0,0.0,0.0,0.0,0.0,0.0,0.0,0.0,0.0,0.0,0.0,0.0,0.0,0.0
0.0101404190063,1.26501243042,1.23159286691,1.09847542627,0.0,0.0,0.660358272149,-0.0178068555045,-0.37704045012,0.123572842887,0.0576413176479,0.241660989755,0.123218739236,1.99840144433e-15,0.0,5.49532360539e-16,0.0,-0.0426342782634,-0.270011667831,0.290035874982,0.431442565003,1.39205473016,-0.164266301748,2.49431029355,0.243845226171,-0.0135766864558,0.304992837899,0.0011373284341,1.66533453694e-16,0.0,0.0,1.7763568394e-15,0.0,1.76635401602e-16,-3.3364464747e-16,1.11022302463e-16,0.0,0.0,0.0,0.0,0.0,0.0,0.0,0.0,0.0,0.0,0.0,0.0,0.0,0.0
0.0100426673889,1.26500263962,1.23161048406,1.09847274073,0.0,0.0,0.658347604405,-0.017374387401,-0.376939491162,0.123843644426,0.0573127918931,0.241697003288,0.123238999867,2.88657986403e-15,0.0,7.11448145341e-16,0.0,-0.0576287811436,-0.271494013125,0.307331501567,0.43131049538,1.39092424368,-0.166961822829,2.50434475322,0.243849240386,-0.0128859485484,0.293675271637,0.00100689543178,-7.77156117238e-16,0.0,1.22663473335e-16,1.99840144433e-15,0.0,0.0,-4.56308120805e-16,4.4408920985e-16,0.0,0.0,0.0,0.0,0.0,0.0,0.0,0.0,0.0,0.0,0.0,0.0,0.0,0.0
0.0100710391998,1.26486916218,1.23165267392,1.09840773828,0.0,0.0,0.656170065215,-0.0164069025396,-0.376861966282,0.123476265404,0.0572627822679,0.241880267997,0.123274334695,2.22044604925e-15,0.0,2.7476618027e-16,-3.14018491737e-16,-0.0698035618297,-0.273539649661,0.320474124362,0.431903243009,1.39247215556,-0.166185280597,2.50469393221,0.24345535721,-0.020536002523,0.287526154332,0.00176803952476,-7.21644966006e-16,0.0,0.0,3.33066907388e-15,0.0,0.0,-7.50700456808e-16,6.66133814775e-16,0.0,0.0,0.0,0.0,0.0,0.0,0.0,0.0,0.0,0.0,0.0,0.0,0.0,0.0
0.00991415977478,1.26449152799,1.23137936484,1.09801039942,0.0,0.0,0.650668310408,-0.0183649992262,-0.378129935575,0.125741026674,0.0573996604062,0.242520321461,0.123643373631,2.44249065418e-15,0.0,1.11869087681e-15,-1.57009245868e-16,-0.0754922912882,-0.272619565503,0.330256416545,0.431832877345,1.39319763923,-0.170704703389,2.51251087192,0.243281421786,-0.0146867952498,0.280885335585,0.00107904795235,-1.11022302463e-15,0.0,2.45326946669e-16,4.88498130835e-15,0.0,0.0,-3.3364464747e-16,7.77156117238e-16,0.0,0.0,0.0,0.0,0.0,0.0,0.0,0.0,0.0,0.0,0.0,0.0,0.0,0.0
0.0100085735321,1.26457723336,1.23181189199,1.09834645899,0.0,0.0,0.647212606789,-0.0169459932069,-0.376559162616,0.127625785654,0.0563639506681,0.241792857446,0.123379863023,3.33066907388e-15,0.0,1.14813011041e-15,0.0,-0.082944953263,-0.276839836897,0.33347288695,0.431207048269,1.39096646123,-0.164628274516,2.51064899791,0.243563149071,-0.026901889827,0.276492404426,0.00208291767299,-1.44328993201e-15,0.0,2.40420407736e-16,5.10702591328e-15,0.0,0.0,-3.38551186404e-16,8.32667268469e-16,0.0,0.0,0.0,0.0,0.0,0.0,0.0,0.0,0.0,0.0,0.0,0.0,0.0,0.0
0.010046005249,1.26463872845,1.23172480175,1.09840663965,0.0,0.0,0.646889477421,-0.0165614474544,-0.376260125462,0.125133577328,0.0570923480379,0.241971014509,0.124085628658,3.33066907388e-15,0.0,8.92990085876e-16,0.0,-0.0911466278037,-0.272604594155,0.35156906512,0.431878814146,1.39421642907,-0.180693504131,2.51907140319,0.24291007072,-0.022804712423,0.272542372749,0.00161384960903,-1.88737914186e-15,0.0,6.0841082774e-16,4.88498130835e-15,0.0,0.0,0.0,1.33226762955e-15,0.0,0.0,0.0,0.0,0.0,0.0,0.0,0.0,0.0,0.0,0.0,0.0,0.0,0.0
0.0097987651825,1.2645325653,1.2316917195,1.09837264307,0.0,0.0,0.643346897037,-0.016964891663,-0.375721674943,0.126197385082,0.0569585218169,0.241965641383,0.124025651403,2.6645352591e-15,0.0,1.04509279281e-15,0.0,-0.0967058327733,-0.273409179664,0.357924312642,0.431752893605,1.39831244895,-0.182145896115,2.51896250186,0.243214614334,-0.0190785738397,0.280679081487,0.00138009028246,-1.94289029309e-15,0.0,6.47663139207e-16,3.10862446895e-15,0.0,-1.57009245868e-16,0.0,1.33226762955e-15,0.0,0.0,0.0,0.0,0.0,0.0,0.0,0.0,0.0,0.0,0.0,0.0,0.0,0.0
0.0100512504578,1.2645087736,1.23162281272,1.09836354883,0.0,0.0,0.641902697308,-0.0165954452666,-0.375114557863,0.124966433042,0.0568252521527,0.241853738812,0.123926401258,1.11022302463e-15,0.0,1.39836359602e-15,-3.14018491737e-16,-0.0958059265888,-0.273732410633,0.356194889166,0.43204218307,1.4033429376,-0.182231108295,2.51931786291,0.242856839391,-0.0198213893031,0.282471906526,0.00151783209782,-1.38777878078e-15,0.0,3.77803497871e-16,3.77475828373e-15,0.0,-1.37383090135e-16,0.0,1.22124532709e-15,0.0,0.0,0.0,0.0,0.0,0.0,0.0,0.0,0.0,0.0,0.0,0.0,0.0,0.0
0.0100722312927,1.26447192522,1.23159642005,1.09839363916,0.0,0.0,0.639322648782,-0.0168558394111,-0.374403344129,0.124882387789,0.0568777429996,0.241742278127,0.123757230697,6.66133814775e-16,0.0,1.89883056722e-15,-5.59345438406e-16,-0.0948918302657,-0.274356024698,0.355040428541,0.431688080418,1.4063163901,-0.184150926319,2.51773119172,0.242945590977,-0.0215141999327,0.271077754532,0.00156020490178,-1.49880108324e-15,0.0,3.1892503067e-16,2.6645352591e-15,0.0,0.0,0.0,1.16573417586e-15,0.0,0.0,0.0,0.0,0.0,0.0,0.0,0.0,0.0,0.0,0.0,0.0,0.0,0.0
0.00990557670593,1.26451971842,1.23147764419,1.09842189843,0.0,0.0,0.640603373001,-0.0151002959473,-0.373861477661,0.120685742891,0.0564201887988,0.241460526329,0.123159711101,2.6645352591e-15,0.0,1.54555976402e-15,-2.7476618027e-16,-0.0874325591157,-0.275964816399,0.345472976068,0.431329487231,1.41010243209,-0.184680835738,2.51891868399,0.243227631172,-0.021088607387,0.270863155004,0.00140691040687,-1.66533453694e-15,0.0,5.88784672006e-16,3.10862446895e-15,0.0,0.0,-1.22663473335e-16,1.27675647832e-15,0.0,0.0,0.0,0.0,0.0,0.0,0.0,0.0,0.0,0.0,0.0,0.0,0.0,0.0
0.0100245475769,1.26450627258,1.2313946503,1.09846035058,0.0,0.0,0.640547998153,-0.0139132579143,-0.373424825979,0.11849440304,0.0569290703411,0.241700129543,0.123414898761,2.6645352591e-15,0.0,1.63387746482e-15,-4.51401581872e-16,-0.0828298726489,-0.275650166834,0.3350407677,0.431347820271,1.4168012701,-0.182022460421,2.52006529566,0.242878959412,-0.0174863829551,0.271484926577,0.00111520914914,-2.27595720048e-15,0.0,5.69158516273e-16,2.88657986403e-15,0.0,0.0,0.0,1.38777878078e-15,0.0,0.0,0.0,0.0,0.0,0.0,0.0,0.0,0.0,0.0,0.0,0.0,0.0,0.0
0.0101976394653,1.26441898978,1.23135703246,1.09840895898,0.0,0.0,0.639961057941,-0.0126221887509,-0.373193207829,0.117409265892,0.0571416493425,0.242027493993,0.123428316967,2.88657986403e-15,0.0,1.53084014722e-15,-5.00466971205e-16,-0.0783290934027,-0.276168201586,0.322362598664,0.43124886846,1.42560113267,-0.178109475158,2.5216187665,0.242872829457,-0.0147334619322,0.287066623076,0.000976202602283,-2.55351295664e-15,0.0,5.05373510139e-16,8.881784197e-16,0.0,0.0,-1.12850395468e-16,1.72084568817e-15,0.0,0.0,0.0,0.0,0.0,0.0,0.0,0.0,0.0,0.0,0.0,0.0,0.0,0.0
0.00979161262512,1.26431746905,1.23132791159,1.09841713769,0.0,0.0,0.639258123763,-0.0116388519669,-0.373017835169,0.116707166883,0.0570802336582,0.242202349628,0.123362385345,2.44249065418e-15,0.0,1.47686821895e-15,-2.64953102403e-16,-0.0711757285219,-0.276896974077,0.306521102907,0.43160171706,1.43596462812,-0.175551988238,2.51661437154,0.243263263223,-0.00814961404482,0.295017276018,0.000525757943411,-2.6645352591e-15,0.0,2.99298874937e-16,1.99840144433e-15,0.0,0.0,-1.66822323735e-16,1.83186799063e-15,0.0,0.0,0.0,0.0,0.0,0.0,0.0,0.0,0.0,0.0,0.0,0.0,0.0,0.0
0.0100319385529,1.26419733217,1.23141382973,1.09846706445,0.0,0.0,0.635055526377,-0.0121754980156,-0.372735185087,0.119761539072,0.0569919811104,0.242291606511,0.123301379818,2.44249065418e-15,0.0,1.56518591975e-15,0.0,-0.0566631271246,-0.273218144121,0.290214348961,0.430451683876,1.43764015886,-0.188721527438,2.52330084611,0.243046303977,-0.00784941838107,0.288969260442,0.000449735513459,-2.27595720048e-15,0.0,5.9369121094e-16,1.11022302463e-15,0.0,0.0,0.0,1.88737914186e-15,0.0,0.0,0.0,0.0,0.0,0.0,0.0,0.0,0.0,0.0,0.0,0.0,0.0,0.0
0.00988483428955,1.26414141513,1.23137727505,1.09848256738,0.0,0.0,0.633943834454,-0.0115707026902,-0.37252317474,0.119525092092,0.0570718360425,0.242447389016,0.123331698387,1.7763568394e-15,0.0,1.32476551201e-15,0.0,-0.0417155189694,-0.272601177801,0.263736490666,0.430302687628,1.4469553049,-0.18585660017,2.52972603637,0.242966842139,-0.00132062347316,0.293041067323,8.10521428995e-05,-2.72004641033e-15,0.0,5.7897159414e-16,3.10862446895e-15,0.0,0.0,0.0,1.7763568394e-15,0.0,0.0,0.0,0.0,0.0,0.0,0.0,0.0,0.0,0.0,0.0,0.0,0.0,0.0
0.0103709697723,1.26411923352,1.23140233729,1.09850991113,0.0,0.0,0.632217384359,-0.0110811129875,-0.372078736322,0.11994223224,0.057368373755,0.242589476295,0.123404309813,2.22044604925e-15,0.0,1.01074702028e-15,0.0,-0.0293278146682,-0.271501267509,0.239868547153,0.430202760492,1.45640576345,-0.187747677231,2.53424381154,0.243392908718,0.0048769297971,0.288651104539,-0.000293220410638,-2.33146835171e-15,0.0,4.21962348271e-16,8.881784197e-16,0.0,0.0,0.0,1.88737914186e-15,0.0,0.0,0.0,0.0,0.0,0.0,0.0,0.0,0.0,0.0,0.0,0.0,0.0,0.0
0.00976014137268,1.26397830426,1.23137824454,1.09855623682,0.0,0.0,0.630935994301,-0.0102873056833,-0.372534238676,0.119498939875,0.0579701978506,0.242987933676,0.123587753599,3.33066907388e-15,0.0,1.50630745255e-15,0.0,-0.00856374664958,-0.271294765711,0.195776066235,0.43005812537,1.46572344796,-0.174608138027,2.54247814088,0.243262427959,0.00471640125232,0.299965554594,-0.000263803122704,-2.55351295664e-15,0.0,5.24999665872e-16,1.33226762955e-15,0.0,0.0,0.0,1.83186799063e-15,0.0,0.0,0.0,0.0,0.0,0.0,0.0,0.0,0.0,0.0,0.0,0.0,0.0,0.0
0.00998711585999,1.26397560938,1.23132390211,1.09860012109,0.0,0.0,0.630393601063,-0.00982840250619,-0.372766515338,0.119184557099,0.0581906127214,0.243185770999,0.123704464838,4.21884749358e-15,0.0,1.23154127228e-15,0.0,0.0150109829026,-0.269430064105,0.164441743638,0.429828425274,1.4734814359,-0.184225913214,2.54997379381,0.243057807477,0.013858609399,0.293196316934,-0.000769530561656,-2.6645352591e-15,0.0,3.43457725337e-16,3.77475828373e-15,0.0,0.0,0.0,1.83186799063e-15,0.0,0.0,0.0,0.0,0.0,0.0,0.0,0.0,0.0,0.0,0.0,0.0,0.0,0.0
0.0101034641266,1.26404515273,1.23114316601,1.09863393457,0.0,0.0,0.633081250856,-0.00813412387471,-0.372983199957,0.115715575308,0.0581925576082,0.243309094559,0.123644891342,5.3290705182e-15,0.0,1.52102706935e-15,0.0,0.0433811152097,-0.267471888099,0.128221121144,0.429752721511,1.48163646164,-0.195460101806,2.5521744692,0.242685546287,0.022024501794,0.298349668827,-0.00131758290579,-3.44169137634e-15,0.0,6.42756600274e-16,8.881784197e-16,0.0,0.0,0.0,2.16493489802e-15,0.0,0.0,0.0,0.0,0.0,0.0,0.0,0.0,0.0,0.0,0.0,0.0,0.0,0.0
0.00986433029175,1.26403051918,1.23108613344,1.09866689355,0.0,0.0,0.631382234884,-0.00849673093671,-0.373466989943,0.117141047322,0.0583035352975,0.243499940169,0.123673632003,5.55111512313e-15,0.0,1.44252244642e-15,0.0,0.0722962620247,-0.268008062533,0.0751844965332,0.429622783992,1.49129655052,-0.186729701046,2.55575717891,0.24286429236,0.0303575435008,0.314333062514,-0.00186193638439,-3.88578058619e-15,0.0,4.95560432272e-16,-6.66133814775e-16,0.0,0.0,0.0,2.44249065418e-15,0.0,0.0,0.0,0.0,0.0,0.0,0.0,0.0,0.0,0.0,0.0,0.0,0.0,0.0
0.0100462436676,1.26405433409,1.23098430702,1.0986864248,0.0,0.0,0.631308151839,-0.00794392411889,-0.374046906102,0.116820632545,0.058607780034,0.243762593354,0.123622959821,5.99520433298e-15,0.0,1.23154127228e-15,1.47196168002e-16,0.102575618622,-0.268049780636,0.0287279014711,0.429463515109,1.4958009713,-0.186817038431,2.52033719609,0.242612020964,-0.0037309798104,0.328641702706,0.000264240957636,-3.71924713249e-15,0.0,5.69158516273e-16,-4.4408920985e-16,0.0,0.0,0.0,2.60902410787e-15,0.0,0.0,0.0,0.0,0.0,0.0,0.0,0.0,0.0,0.0,0.0,0.0,0.0,0.0
0.00994968414307,1.26409907343,1.23094978371,1.09870900781,0.0,0.0,0.630653119766,-0.0076283814176,-0.374318783859,0.117489581129,0.0585955699432,0.243783693257,0.123395731315,6.2172489379e-15,0.0,1.37873744028e-15,9.71494708811e-16,0.134657667571,-0.270175676071,-0.0272030333188,0.429103733643,1.5011863247,-0.182849098034,2.52204439491,0.242664336801,0.000209586912234,0.326859525593,-1.52505723414e-05,-3.83026943496e-15,0.0,6.42756600274e-16,-5.10702591328e-15,0.0,0.0,0.0,2.49800180541e-15,0.0,0.0,0.0,0.0,0.0,0.0,0.0,0.0,0.0,0.0,0.0,0.0,0.0,0.0
0.0101232528687,1.26415579279,1.23093782041,1.09869027002,0.0,0.0,0.630225190306,-0.00721278253874,-0.374448895765,0.118122251845,0.0586274264412,0.243781278359,0.123172490707,5.99520433298e-15,0.0,1.46705514108e-15,8.14485462942e-16,0.16731659566,-0.272722432391,-0.0855294972489,0.428874148324,1.5049634846,-0.172327762721,2.47726930907,0.242747335448,-0.033477410341,0.378903131903,0.00269409949929,-3.66373598126e-15,0.0,6.42756600274e-16,-4.66293670343e-15,0.0,0.0,-3.28738108537e-16,2.83106871279e-15,0.0,0.0,0.0,0.0,0.0,0.0,0.0,0.0,0.0,0.0,0.0,0.0,0.0,0.0
0.00986862182617,1.2641919014,1.23095995265,1.09868758447,0.0,0.0,0.629784035353,-0.0066662761065,-0.374667744393,0.118584911946,0.0587314388281,0.243764447078,0.122925582605,6.43929354283e-15,0.0,1.85957825575e-15,6.0841082774e-16,0.197382209158,-0.274598453781,-0.137387360995,0.428478601114,1.51155639426,-0.175160985923,2.47876091022,0.243416380978,-0.0362186530334,0.373897294421,0.00316714276775,-3.27515792264e-15,0.0,1.06471894854e-15,-4.66293670343e-15,0.0,-1.76635401602e-16,-1.91355018402e-16,3.71924713249e-15,0.0,0.0,0.0,0.0,0.0,0.0,0.0,0.0,0.0,0.0,0.0,0.0,0.0,0.0
0.0099663734436,1.26434410959,1.23094751569,1.09869368799,0.0,0.0,0.630724105361,-0.00594477393264,-0.374679264785,0.117750238165,0.0589444892217,0.243659124985,0.122625790797,6.43929354283e-15,0.0,2.52686755069e-15,0.0,0.228904583897,-0.277881749312,-0.18551391064,0.427794718964,1.51450644779,-0.180948537594,2.48859620267,0.243743221552,-0.0237974468978,0.378627005849,0.00203155978986,-3.16413562018e-15,0.0,1.24135435015e-15,-8.21565038223e-15,0.0,-4.71027737605e-16,0.0,3.5527136788e-15,0.0,0.0,0.0,0.0,0.0,0.0,0.0,0.0,0.0,0.0,0.0,0.0,0.0,0.0
0.0100011825562,1.26428056752,1.2310317495,1.09863192041,0.0,0.0,0.629553399204,-0.00535813877261,-0.375461957482,0.118822208287,0.0608587234723,0.244348547881,0.12175336889,6.2172489379e-15,0.0,3.34625955257e-15,0.0,0.249452315454,-0.283907787901,-0.242299653192,0.428022610494,1.52108069507,-0.164832018851,2.49517822518,0.243226547036,-0.0177344442762,0.377947573288,0.00157776804004,-3.49720252757e-15,0.0,1.13831703255e-15,-9.10382880193e-15,0.0,-1.76635401602e-16,0.0,3.88578058619e-15,0.0,0.0,0.0,0.0,0.0,0.0,0.0,0.0,0.0,0.0,0.0,0.0,0.0,0.0
0.0100445747375,1.26441857084,1.23107265719,1.09859395654,0.0,0.0,0.630677025776,-0.00439175338409,-0.375570075001,0.117772416334,0.05921923849,0.243457730237,0.121912662759,7.54951656745e-15,0.0,3.78784805657e-15,0.0,0.310481494378,-0.28689935761,-0.28762481111,0.426954089108,1.52074422101,-0.211303855902,2.54711286142,0.242588426483,0.0377186658255,0.364510386944,-0.00283382232815,-3.88578058619e-15,0.0,1.17756934401e-15,-1.06581410364e-14,0.0,0.0,-1.86448479469e-16,4.32986979604e-15,0.0,0.0,0.0,0.0,0.0,0.0,0.0,0.0,0.0,0.0,0.0,0.0,0.0,0.0
0.0102043151855,1.26448181067,1.23119370763,1.09851058252,0.0,0.0,0.629110629748,-0.0043882774834,-0.375933526788,0.119822030809,0.0593269173695,0.243330970818,0.121538945542,7.77156117238e-15,0.0,3.76822190084e-15,0.0,0.333190115625,-0.296875105747,-0.345627999827,0.426814407572,1.52752784294,-0.188029722601,2.56394879408,0.242411093429,0.0452520832446,0.360136529479,-0.003323515542,-4.10782519111e-15,0.0,1.27079358375e-15,-1.02140518266e-14,0.0,0.0,-2.79672719203e-16,4.21884749358e-15,0.0,0.0,0.0,0.0,0.0,0.0,0.0,0.0,0.0,0.0,0.0,0.0,0.0,0.0
0.0099310874939,1.26459422134,1.23121212216,1.09841170556,0.0,0.0,0.631699007483,-0.0024377227686,-0.376816164757,0.117613993725,0.0593289047266,0.243263214434,0.121165300677,9.32587340685e-15,0.0,4.09205347044e-15,0.0,0.350563580891,-0.308077445844,-0.385240297765,0.426209159128,1.53704683094,-0.176460545919,2.59087803853,0.242703777643,0.0742025468202,0.354870163996,-0.0054364958025,-3.88578058619e-15,0.0,1.27570012268e-15,-1.487698853e-14,0.0,0.0,-9.1261624161e-16,4.21884749358e-15,0.0,0.0,0.0,0.0,0.0,0.0,0.0,0.0,0.0,0.0,0.0,0.0,0.0,0.0
0.00995540618896,1.26468481823,1.23131962339,1.09829360254,0.0,0.0,0.632403722862,-0.00122433580692,-0.377582589885,0.117402130997,0.0592431326305,0.24318936901,0.120893444622,1.08801856413e-14,0.0,4.43060465685e-15,0.0,0.365649063443,-0.320458844221,-0.41729587729,0.426062721959,1.54775974815,-0.162859894227,2.58843864992,0.242175518547,0.0672726773044,0.356853353517,-0.00561676550953,-3.88578058619e-15,0.0,6.62382756007e-16,-1.7763568394e-14,0.0,-4.12149270404e-16,-5.69158516273e-16,4.05231403988e-15,0.0,0.0,0.0,0.0,0.0,0.0,0.0,0.0,0.0,0.0,0.0,0.0,0.0,0.0
0.00996398925781,1.26478022093,1.2315481113,1.09821755273,0.0,0.0,0.629944665483,-0.00165144238218,-0.378369151564,0.120775671694,0.0592037590324,0.243025999333,0.120816898338,1.06581410364e-14,0.0,4.40607196218e-15,1.17756934401e-16,0.378887175949,-0.334521178561,-0.438887463662,0.426000738917,1.56068049512,-0.156463418053,2.60960553833,0.241663388378,0.0927158952414,0.327195134916,-0.00665620067117,-3.88578058619e-15,0.0,6.3785006134e-16,-1.7763568394e-14,0.0,-2.94392336003e-16,-5.29906204806e-16,4.16333634234e-15,0.0,0.0,0.0,0.0,0.0,0.0,0.0,0.0,0.0,0.0,0.0,0.0,0.0,0.0
0.0100567340851,1.26497504516,1.23169515491,1.09803389795,0.0,0.0,0.630249069933,-0.00111136315631,-0.378930941195,0.121106707033,0.0590787575518,0.242899786153,0.120808003982,1.08801856413e-14,0.0,4.52873543552e-15,0.0,0.390956682734,-0.345334175139,-0.448655663059,0.425145730001,1.57373699305,-0.154492754512,2.59912217414,0.241401274157,0.0887920965717,0.355000445081,-0.00669209710351,-3.5527136788e-15,0.0,4.75934276539e-16,-1.33226762955e-14,0.0,-2.94392336003e-16,-3.58177342137e-16,4.38538094727e-15,0.0,0.0,0.0,0.0,0.0,0.0,0.0,0.0,0.0,0.0,0.0,0.0,0.0,0.0
0.010036945343,1.26521914351,1.23189826925,1.09783779199,0.0,0.0,0.629748970771,-0.00100564141762,-0.379228444996,0.122257067442,0.0588421657481,0.242820398025,0.120900169316,1.11022302463e-14,0.0,4.83294084939e-15,-1.17756934401e-16,0.400740225464,-0.357134280224,-0.45205422701,0.424875698875,1.58967986312,-0.157335791261,2.60678754644,0.241428171861,0.101480992254,0.332166361833,-0.00640061091733,-3.10862446895e-15,0.0,4.90653893339e-16,-1.22124532709e-14,0.0,1.37383090135e-16,-6.32943522407e-16,4.4408920985e-15,0.0,0.0,0.0,0.0,0.0,0.0,0.0,0.0,0.0,0.0,0.0,0.0,0.0,0.0
0.00988149642944,1.26557811837,1.23199794861,1.0976885,0.0,0.0,0.632422562475,0.000415291680446,-0.379716219048,0.119734424632,0.0572321381862,0.242067380899,0.1198362197,1.1768364061e-14,0.0,4.73971660965e-15,0.0,0.411746431967,-0.371279431123,-0.44282492138,0.423626813731,1.60141990507,-0.165345043126,2.58048236425,0.241568764711,0.0745953591379,0.341669816788,-0.00491255921073,-3.33066907388e-15,0.0,4.17055809338e-16,-1.13242748512e-14,0.0,-3.92523114671e-16,-6.2313044454e-16,4.71844785466e-15,0.0,0.0,0.0,0.0,0.0,0.0,0.0,0.0,0.0,0.0,0.0,0.0,0.0,0.0
0.00992155075073,1.2659157122,1.23223933145,1.09749300439,0.0,0.0,0.631517588686,0.000425601673436,-0.379525567753,0.121342064236,0.05837365162,0.242490679913,0.120667438842,1.15463194561e-14,0.0,4.76915584325e-15,0.0,0.416745488753,-0.379219118031,-0.434446034212,0.423700325201,1.62806736646,-0.173137577499,2.59607664453,0.24144738563,0.120931394718,0.331864851618,-0.00522216595534,-3.44169137634e-15,0.0,6.32943522407e-16,-1.22124532709e-14,0.0,-4.71027737605e-16,-4.31775426138e-16,4.77395900589e-15,0.0,0.0,0.0,0.0,0.0,0.0,0.0,0.0,0.0,0.0,0.0,0.0,0.0,0.0
0.0100116729736,1.26610013626,1.23255710596,1.09731478174,0.0,0.0,0.626258181874,-0.00148940207739,-0.380330157949,0.127621373112,0.0581718656871,0.242550881599,0.120672872213,1.1990408666e-14,0.0,4.91144547232e-15,4.31775426138e-16,0.41822781877,-0.392720920238,-0.43807684483,0.422641399513,1.64822069929,-0.150524841387,2.57590155852,0.241112118934,0.110214180152,0.338582634424,-0.00566478781927,-3.05311331772e-15,0.0,1.88411095042e-15,-1.33226762955e-14,0.0,-5.88784672006e-16,-4.21962348271e-16,5.10702591328e-15,0.0,0.0,0.0,0.0,0.0,0.0,0.0,0.0,0.0,0.0,0.0,0.0,0.0,0.0
0.00992822647095,1.26645191452,1.2326721151,1.09711129053,0.0,0.0,0.627229925907,-0.000940100834189,-0.380653663378,0.126954185363,0.0582555868911,0.242784096072,0.120926121318,1.24344978758e-14,0.0,4.57780082485e-15,3.43457725337e-16,0.433074165711,-0.404854773295,-0.419509544575,0.423769736075,1.67596468193,-0.16914422375,2.57486526186,0.239707322098,0.134323307023,0.335858254136,-0.00661449589266,-3.77475828373e-15,0.0,1.95280249549e-15,-1.33226762955e-14,0.0,-1.39345705708e-15,-6.5256967814e-16,5.16253706451e-15,0.0,0.0,0.0,0.0,0.0,0.0,0.0,0.0,0.0,0.0,0.0,0.0,0.0,0.0
0.0101194381714,1.26682706346,1.2326791216,1.09687410791,0.0,0.0,0.630377622524,0.00041372005192,-0.381632646268,0.123340796799,0.0583086395267,0.243161526043,0.121076930511,1.28785870857e-14,0.0,4.12149270404e-15,2.35513868803e-16,0.438170592991,-0.416837429434,-0.428140070622,0.424326951023,1.70529578642,-0.146291966116,2.57265684202,0.240188111202,0.144347983456,0.332896050996,-0.00657552390878,-3.77475828373e-15,0.0,2.19322290322e-15,-1.84297022088e-14,0.0,-1.57009245868e-15,-7.16354684274e-16,5.38458166943e-15,0.0,0.0,0.0,0.0,0.0,0.0,0.0,0.0,0.0,0.0,0.0,0.0,0.0,0.0
0.0101201534271,1.26728455133,1.23297887865,1.09680233057,0.0,0.0,0.630843533623,0.00136970863267,-0.381907859023,0.122523589866,0.0568340755268,0.242720615929,0.11989053852,1.33226762955e-14,0.0,4.06752077578e-15,5.39719282673e-16,0.452454225851,-0.431821192803,-0.415905039013,0.422524214245,1.72032786413,-0.153839947377,2.5646338872,0.240060719552,0.147503314748,0.32465479083,-0.0059492345004,-4.32986979604e-15,0.0,2.40911061629e-15,-1.79856129989e-14,0.0,-1.68784939309e-15,-7.89952768275e-16,5.49560397189e-15,0.0,0.0,0.0,0.0,0.0,0.0,0.0,0.0,0.0,0.0,0.0,0.0,0.0,0.0
0.0099413394928,1.26764796371,1.2332581417,1.09661769922,0.0,0.0,0.630539788336,0.00223631366838,-0.382166310128,0.122105103419,0.0579027060605,0.243644027888,0.120599965797,1.33226762955e-14,0.0,4.05770769791e-15,3.23831569604e-16,0.4514417896,-0.441723215864,-0.4199121079,0.419042101563,1.73662789622,-0.125565023749,2.55610290359,0.240436230843,0.121716599605,0.326655372569,-0.0045939497407,-4.60742555219e-15,0.0,2.23247521469e-15,-2.02060590482e-14,0.0,-1.78598017175e-15,-5.88784672006e-16,5.99520433298e-15,0.0,0.0,0.0,0.0,0.0,0.0,0.0,0.0,0.0,0.0,0.0,0.0,0.0,0.0
0.0100498199463,1.2680985202,1.23348878005,1.09645156152,0.0,0.0,0.628817306957,0.00177408052259,-0.381801640468,0.122640072975,0.0578864367944,0.243933291132,0.120260485168,1.28785870857e-14,0.0,3.97429653604e-15,-3.82710036804e-16,0.457586664269,-0.451523532805,-0.419860234341,0.416297607001,1.75394991165,-0.11154306072,2.55645100299,0.241681536559,0.122063890107,0.323623151679,-0.00355515256143,-4.32986979604e-15,0.0,2.36985830483e-15,-1.53210777398e-14,0.0,-1.04018625388e-15,-5.64251977339e-16,5.99520433298e-15,0.0,0.0,0.0,0.0,0.0,0.0,0.0,0.0,0.0,0.0,0.0,0.0,0.0,0.0
0.00996565818787,1.26860909746,1.23354914943,1.0963034292,0.0,0.0,0.628740507477,0.00107540668513,-0.381966785768,0.12077627919,0.0583008174557,0.244457935989,0.120183023699,1.33226762955e-14,0.0,4.19509078805e-15,-5.49532360539e-16,0.4789548504,-0.460976679808,-0.414196114269,0.415607784782,1.77453598879,-0.118776452079,2.56006413257,0.241202288409,0.116655302868,0.324786055394,-0.0031398863067,-4.55191440096e-15,0.0,3.02242798297e-15,-1.95399252334e-14,0.0,-1.13831703255e-15,-5.7897159414e-16,5.99520433298e-15,0.0,0.0,0.0,0.0,0.0,0.0,0.0,0.0,0.0,0.0,0.0,0.0,0.0,0.0
0.00997591018677,1.26911856889,1.23349430993,1.09618050439,0.0,0.0,0.631817483464,0.00148472315099,-0.382451630284,0.115215358728,0.0567459260025,0.244102343196,0.11865009486,1.35447209004e-14,0.0,4.41097850111e-15,-9.81307786677e-16,0.499940270238,-0.479250448635,-0.438707445317,0.414356582784,1.7879024688,-0.0907871684633,2.55325288242,0.241180380418,0.105482389932,0.331248563496,-0.00346123607542,-5.05151476204e-15,0.0,3.11074568377e-15,-2.13162820728e-14,0.0,-1.00093394241e-15,-2.84579258136e-16,5.93969318174e-15,0.0,0.0,0.0,0.0,0.0,0.0,0.0,0.0,0.0,0.0,0.0,0.0,0.0,0.0
0.00989198684692,1.26945534171,1.23356482798,1.09610836084,0.0,0.0,0.631990525833,0.000940476853828,-0.383299903859,0.113590922402,0.0571610101667,0.244583805018,0.118725672746,1.35447209004e-14,0.0,4.79368853792e-15,-1.10887779895e-15,0.524076619879,-0.490158691064,-0.442748950578,0.413849184723,1.80832917556,-0.0921793183595,2.56058343613,0.240912405292,0.110222720973,0.349474560481,-0.00335632287556,-5.21804821574e-15,0.0,2.88504489283e-15,-2.02060590482e-14,0.0,-1.11869087681e-15,0.0,6.05071548421e-15,0.0,0.0,0.0,0.0,0.0,0.0,0.0,0.0,0.0,0.0,0.0,0.0,0.0,0.0
0.00999188423157,1.2698084359,1.23383344106,1.09615584619,0.0,0.0,0.629045307112,-0.000647634381318,-0.383527587705,0.115209179253,0.0570064297223,0.244498051291,0.118260607551,1.35447209004e-14,0.0,4.48457658512e-15,-1.16775626615e-15,0.549037402429,-0.504372448329,-0.459614395743,0.413449899767,1.82473089537,-0.0816291527006,2.56750678527,0.241045070254,0.0903969461249,0.336337997382,-0.00420875007527,-5.10702591328e-15,0.0,2.64953102403e-15,-1.97619698383e-14,0.0,-1.04018625388e-15,0.0,5.93969318174e-15,0.0,0.0,0.0,0.0,0.0,0.0,0.0,0.0,0.0,0.0,0.0,0.0,0.0,0.0
0.00997614860535,1.2703732772,1.23374908859,1.09618990381,0.0,0.0,0.636660869061,0.00235745587623,-0.384421645324,0.105699278236,0.057045432059,0.244556186999,0.117976580503,1.42108547152e-14,0.0,4.69555775925e-15,-1.10887779895e-15,0.578991044116,-0.517504315679,-0.468935977493,0.413477397002,1.84253946765,-0.0900422455181,2.58341187452,0.240626778852,0.102688507591,0.331137526348,-0.00453262037418,-5.77315972805e-15,0.0,2.26191444829e-15,-1.90958360236e-14,0.0,-6.47663139207e-16,0.0,5.99520433298e-15,0.0,0.0,0.0,0.0,0.0,0.0,0.0,0.0,0.0,0.0,0.0,0.0,0.0,0.0
0.00996279716492,1.27066635787,1.23392292504,1.09618239648,0.0,0.0,0.635128408905,0.0019389046324,-0.385805766648,0.106678565526,0.057077380753,0.244734882864,0.11766726913,1.42108547152e-14,0.0,5.14205280219e-15,-1.08925164321e-15,0.603530814052,-0.53184907081,-0.487655073205,0.412444873654,1.85445362411,-0.0856388774771,2.5901872151,0.240642493878,0.0972917401932,0.351502072925,-0.0054304135667,-6.32827124036e-15,0.0,2.20303598109e-15,-1.99840144433e-14,0.0,0.0,0.0,5.93969318174e-15,0.0,0.0,0.0,0.0,0.0,0.0,0.0,0.0,0.0,0.0,0.0,0.0,0.0,0.0
0.0100219249725,1.27091747501,1.23417531577,1.09611208399,0.0,0.0,0.631089037758,0.000657523494683,-0.386983098519,0.110739149479,0.0570373527515,0.244944573816,0.117102927529,1.55431223448e-14,0.0,4.94579124485e-15,-1.02056009814e-15,0.62697107249,-0.548205692817,-0.514824341976,0.411550615033,1.86273769408,-0.0744257311973,2.59562157448,0.240547004676,0.105025109204,0.345648305084,-0.00728868287555,-6.60582699652e-15,0.0,2.36495176589e-15,-1.93178806285e-14,0.0,1.37383090135e-16,0.0,5.93969318174e-15,0.0,0.0,0.0,0.0,0.0,0.0,0.0,0.0,0.0,0.0,0.0,0.0,0.0,0.0
0.0100224018097,1.27124549207,1.23441853898,1.09606203516,0.0,0.0,0.628564959586,-0.000164499506439,-0.387350269518,0.112993818873,0.0573472688757,0.24501685331,0.116522115148,1.64313007645e-14,0.0,4.70046429818e-15,-1.02056009814e-15,0.652152985933,-0.562673105679,-0.529793950315,0.410763432079,1.86958248889,-0.0825706037807,2.60484210301,0.240299471106,0.142803494892,0.334229426181,-0.0115193366799,-6.66133814775e-15,0.0,2.17359674749e-15,-2.04281036531e-14,0.0,0.0,-1.47196168002e-16,6.16173778667e-15,0.0,0.0,0.0,0.0,0.0,0.0,0.0,0.0,0.0,0.0,0.0,0.0,0.0,0.0
0.00999689102173,1.27150274357,1.2347645409,1.0960110708,0.0,0.0,0.624169572338,-0.00112308022879,-0.388029750999,0.117373468307,0.0575451087371,0.24516211915,0.115797509909,1.84297022088e-14,0.0,4.93597816699e-15,-8.53737774409e-16,0.668941646064,-0.578903692187,-0.549439980342,0.408069604176,1.86558927373,-0.0801392088047,2.61631561963,0.240854300937,0.146518764889,0.327790301618,-0.0131224898053,-7.66053886991e-15,0.0,2.41892369416e-15,-1.95399252334e-14,0.0,1.17756934401e-16,0.0,6.49480469406e-15,0.0,0.0,0.0,0.0,0.0,0.0,0.0,0.0,0.0,0.0,0.0,0.0,0.0,0.0
0.0102076530457,1.27172432723,1.23503620634,1.096001,0.0,0.0,0.620966256452,-0.00147500691822,-0.389127908781,0.120283848271,0.0575231016881,0.245256648681,0.114545734673,1.88737914186e-14,0.0,5.25490319766e-15,-1.13831703255e-15,0.691918350004,-0.597821094476,-0.573132924148,0.407741755047,1.86543921345,-0.0860779179875,2.62721624592,0.241522997827,0.14586390228,0.335414423343,-0.013065840081,-7.49400541622e-15,0.0,2.57593294003e-15,-1.73194791842e-14,0.0,0.0,0.0,6.60582699652e-15,0.0,0.0,0.0,0.0,0.0,0.0,0.0,0.0,0.0,0.0,0.0,0.0,0.0,0.0
0.00992155075073,1.27202267714,1.23519672323,1.09601479394,0.0,0.0,0.621325349959,-0.00100903520575,-0.390031466008,0.120105501814,0.0575386980924,0.245319397222,0.113406567141,1.84297022088e-14,0.0,5.35794051526e-15,-1.22663473335e-15,0.714365774022,-0.614781122006,-0.60303866647,0.406736470801,1.85641311746,-0.0910093497386,2.63655937563,0.24190585663,0.167411492048,0.327082441153,-0.0155214601272,-7.66053886991e-15,0.0,2.27663406509e-15,-2.15383266777e-14,0.0,0.0,0.0,6.55031584529e-15,0.0,0.0,0.0,0.0,0.0,0.0,0.0,0.0,0.0,0.0,0.0,0.0,0.0,0.0
0.0100891590118,1.27228186342,1.23538255908,1.09604641016,0.0,0.0,0.617616898842,-0.003211763424,-0.391453993826,0.125541547324,0.0576628691032,0.245446598517,0.112762994235,1.90958360236e-14,0.0,5.70630477953e-15,-1.32476551201e-15,0.734702669129,-0.634084905657,-0.631558957167,0.405544947749,1.8411346545,-0.0951991123958,2.6471065113,0.2418697209,0.171484243822,0.308553945106,-0.0169588635202,-7.66053886991e-15,0.0,2.27172752616e-15,-2.22044604925e-14,0.0,0.0,0.0,6.49480469406e-15,0.0,0.0,0.0,0.0,0.0,0.0,0.0,0.0,0.0,0.0,0.0,0.0,0.0,0.0
0.00985431671143,1.27260617707,1.23538046306,1.09614809472,0.0,0.0,0.618355792938,-0.00329078334418,-0.393721853959,0.126330736943,0.0576888674199,0.245579350526,0.112155156522,1.86517468137e-14,0.0,5.43644513819e-15,-1.12850395468e-15,0.758381544708,-0.65259221929,-0.662896712393,0.404799325156,1.82438934736,-0.104013619369,2.65459096956,0.242272727811,0.199954400596,0.323307468316,-0.0236031336506,-7.66053886991e-15,0.0,2.38948446056e-15,-1.75415237891e-14,0.0,0.0,0.0,6.55031584529e-15,0.0,0.0,0.0,0.0,0.0,0.0,0.0,0.0,0.0,0.0,0.0,0.0,0.0,0.0
0.0100791454315,1.27299179889,1.23536464717,1.09626326806,0.0,0.0,0.620330520083,-0.00309736339623,-0.395048003443,0.126305741394,0.058002586694,0.245672462315,0.111751792333,1.86517468137e-14,0.0,5.04392202352e-15,-5.7897159414e-16,0.778863329917,-0.671487105331,-0.695492231358,0.40390991706,1.80005639625,-0.108829370982,2.66047766935,0.24226905023,0.222014647161,0.315964362735,-0.0276845224272,-7.49400541622e-15,0.0,2.37476484376e-15,-1.82076576039e-14,0.0,0.0,0.0,6.55031584529e-15,0.0,0.0,0.0,0.0,0.0,0.0,0.0,0.0,0.0,0.0,0.0,0.0,0.0,0.0
0.010148525238,1.27320770153,1.23552655261,1.09635750635,0.0,0.0,0.617312544267,-0.00462796483647,-0.39668487036,0.131639233113,0.0580989754468,0.245793471578,0.111176057753,1.90958360236e-14,0.0,5.54438899473e-15,-3.14018491737e-16,0.794294915191,-0.691914463852,-0.7183758306,0.403060222314,1.77341418543,-0.11920142467,2.68066531038,0.242881574849,0.260888098972,0.31446356155,-0.0336615977302,-8.04911692853e-15,0.0,2.65443756296e-15,-2.22044604925e-14,0.0,0.0,-1.27570012268e-16,6.43929354283e-15,0.0,0.0,0.0,0.0,0.0,0.0,0.0,0.0,0.0,0.0,0.0,0.0,0.0,0.0
0.00982570648193,1.27350587908,1.23563594776,1.09635964257,0.0,0.0,0.619220811229,-0.00373066891675,-0.398242831404,0.13168789888,0.0578883153368,0.245857730862,0.110238401614,1.93178806285e-14,0.0,5.892753259e-15,-1.66822323735e-16,0.810476665491,-0.713077156095,-0.742473244755,0.402469159449,1.74076445096,-0.129334405162,2.68369181631,0.243289533039,0.264979697128,0.331827980514,-0.0360203065913,-8.32667268469e-15,0.0,2.6004656347e-15,-2.39808173319e-14,0.0,0.0,0.0,6.38378239159e-15,0.0,0.0,0.0,0.0,0.0,0.0,0.0,0.0,0.0,0.0,0.0,0.0,0.0,0.0
0.0100910663605,1.27376746029,1.23564215821,1.09633602197,0.0,0.0,0.622362484727,-0.00280431139952,-0.400408753971,0.131828761335,0.0577327202084,0.246046678901,0.109297394668,1.88737914186e-14,0.0,5.93200557046e-15,0.0,0.821895880155,-0.733956673069,-0.76059495119,0.402032854947,1.70413054524,-0.144893925686,2.7015476381,0.244077276262,0.266710500392,0.297909627318,-0.0382023341402,-8.881784197e-15,0.0,2.39929753843e-15,-2.26485497024e-14,0.0,0.0,0.0,6.82787160144e-15,0.0,0.0,0.0,0.0,0.0,0.0,0.0,0.0,0.0,0.0,0.0,0.0,0.0,0.0
0.0100882053375,1.27395208559,1.23583958588,1.09628981836,0.0,0.0,0.623027598508,-0.00208175651092,-0.401938965313,0.133929681997,0.0577891651812,0.246378907888,0.108626194594,1.93178806285e-14,0.0,6.1577063614e-15,4.31775426138e-16,0.832836667434,-0.757393915459,-0.783045806302,0.401197583534,1.66227578111,-0.156685174096,2.74206630008,0.244634647911,0.331960898742,0.211104697077,-0.0432841618558,-8.881784197e-15,0.0,2.22756867576e-15,-2.10942374679e-14,0.0,-3.92523114671e-16,0.0,6.93889390391e-15,0.0,0.0,0.0,0.0,0.0,0.0,0.0,0.0,0.0,0.0,0.0,0.0,0.0,0.0
0.00969934463501,1.27419727078,1.23602354809,1.09630519922,0.0,0.0,0.624574386283,-0.000865302142907,-0.402789238622,0.1356184722,0.0582898025746,0.246776425344,0.108172002163,1.90958360236e-14,0.0,5.9221924926e-15,5.98597749873e-16,0.843983838321,-0.776989485014,-0.797049516668,0.401002919722,1.62008975462,-0.175761231715,2.74281951213,0.24524955551,0.332232421938,0.170850273483,-0.041981852712,-9.0483176507e-15,0.0,3.26775492964e-15,-2.35367281221e-14,0.0,-3.14018491737e-16,0.0,6.93889390391e-15,0.0,0.0,0.0,0.0,0.0,0.0,0.0,0.0,0.0,0.0,0.0,0.0,0.0,0.0
0.010315656662,1.27460620409,1.23620979463,1.09640389306,0.0,0.0,0.625524524884,-0.000804499460844,-0.403523948314,0.138915006668,0.0583392742848,0.246651693603,0.107727845409,1.93178806285e-14,0.0,5.69158516273e-15,2.7476618027e-16,0.852845404928,-0.798650586182,-0.816014789818,0.400328965236,1.5690570486,-0.185665027033,2.7302901564,0.245321507986,0.339352819651,0.149260994777,-0.0441886835039,-9.43689570931e-15,0.0,3.50326879844e-15,-2.17603712827e-14,0.0,-2.94392336003e-16,0.0,7.38298311376e-15,0.0,0.0,0.0,0.0,0.0,0.0,0.0,0.0,0.0,0.0,0.0,0.0,0.0,0.0
0.0098979473114,1.27510245524,1.23638021897,1.09645443018,0.0,0.0,0.628338871036,-0.000553271232491,-0.404482173124,0.140182501363,0.0584671285457,0.246553343051,0.106813963707,1.93178806285e-14,0.0,5.42663206033e-15,0.0,0.85856453695,-0.821249217257,-0.838531480415,0.399666225978,1.51760208746,-0.179545036112,2.71055214892,0.24440642438,0.308967767452,0.206179315592,-0.0524558127558,-1.01030295241e-14,0.0,3.26775492964e-15,-1.95399252334e-14,0.0,-2.15887713069e-16,0.0,7.60502771868e-15,0.0,0.0,0.0,0.0,0.0,0.0,0.0,0.0,0.0,0.0,0.0,0.0,0.0,0.0
0.00998330116272,1.27552841241,1.23658127569,1.09637325342,0.0,0.0,0.629137017714,-0.00126615341517,-0.405258989288,0.142860164773,0.058373755941,0.246241393318,0.10553691406,1.84297022088e-14,0.0,5.04392202352e-15,-1.17756934401e-16,0.862940934897,-0.845360531933,-0.853870843566,0.399437847609,1.46738762466,-0.184202822094,2.71695869399,0.245230276898,0.366272799382,0.201394033572,-0.0579853872312,-9.43689570931e-15,0.0,3.09602606697e-15,-1.73194791842e-14,0.0,-3.3364464747e-16,0.0,8.16013923099e-15,0.0,0.0,0.0,0.0,0.0,0.0,0.0,0.0,0.0,0.0,0.0,0.0,0.0,0.0
0.00985407829285,1.27615680885,1.23662945306,1.09629293115,0.0,0.0,0.634189373452,-0.000358118199029,-0.405061361399,0.141702047712,0.0592307063598,0.246327381479,0.105001913501,1.86517468137e-14,0.0,4.86238008299e-15,0.0,0.865922355602,-0.864728333021,-0.870059194831,0.3988497148,1.41570887091,-0.185810572755,2.72023929417,0.245290624269,0.354175223152,0.180827535568,-0.059426942774,-9.43689570931e-15,0.0,3.2775680075e-15,-1.97619698383e-14,0.0,-2.94392336003e-16,-5.9369121094e-16,8.49320613838e-15,0.0,0.0,0.0,0.0,0.0,0.0,0.0,0.0,0.0,0.0,0.0,0.0,0.0,0.0
0.00994563102722,1.27669355881,1.23691381331,1.09632344873,0.0,0.0,0.632840016918,-0.00263610084886,-0.405205361581,0.148227824897,0.0603317716785,0.246499259951,0.105250237561,1.88737914186e-14,0.0,4.62686621418e-15,0.0,0.867737614779,-0.881700840436,-0.874138275956,0.398479265774,1.3686077517,-0.196778277434,2.72019562927,0.245636691083,0.354907826757,0.187185766504,-0.0610631977661,-9.32587340685e-15,0.0,3.34135301364e-15,-2.19824158876e-14,0.0,-5.29906204806e-16,-4.41588504005e-16,8.54871728961e-15,0.0,0.0,0.0,0.0,0.0,0.0,0.0,0.0,0.0,0.0,0.0,0.0,0.0,0.0
0.0100557804108,1.27731369066,1.23700167374,1.09633699853,0.0,0.0,0.640099697876,-0.000163510634532,-0.406915420658,0.144627628091,0.0610033033467,0.246762944358,0.104534881303,1.90958360236e-14,0.0,4.58761390272e-15,-7.75233151475e-16,0.867735453674,-0.900946356619,-0.882249806046,0.398586653959,1.32244414434,-0.202978115954,2.72855974029,0.245733898867,0.357472483815,0.168594157834,-0.0615890263245,-9.49240686055e-15,0.0,3.4836426427e-15,-2.22044604925e-14,0.0,-6.47663139207e-16,0.0,8.82627304577e-15,0.0,0.0,0.0,0.0,0.0,0.0,0.0,0.0,0.0,0.0,0.0,0.0,0.0,0.0
0.00998902320862,1.27777309206,1.23723395518,1.09617720849,0.0,0.0,0.643830004185,0.00152134598437,-0.408734614495,0.146134685947,0.0617968419919,0.247413791271,0.103390524475,2.02060590482e-14,0.0,4.45513735152e-15,-7.55606995742e-16,0.862875028883,-0.921264190071,-0.886140797657,0.398773854713,1.27710039814,-0.205415888885,2.73319556108,0.245208198153,0.359514077933,0.151244153053,-0.0638905139604,-1.01585406753e-14,0.0,3.67499766111e-15,-1.95399252334e-14,0.0,-1.25607396695e-15,0.0,9.10382880193e-15,0.0,0.0,0.0,0.0,0.0,0.0,0.0,0.0,0.0,0.0,0.0,0.0,0.0,0.0
0.0100584030151,1.2781757538,1.23749569833,1.09595809229,0.0,0.0,0.64739149526,0.00319360105983,-0.409772739272,0.147414581506,0.064683318594,0.249010839534,0.103654866122,2.13162820728e-14,0.0,4.60233351952e-15,-6.28036983474e-16,0.854510280806,-0.932550215845,-0.879956907408,0.397586614102,1.24175184367,-0.213695947728,2.73669518057,0.245698328751,0.358145818816,0.140734591679,-0.0646174837262,-9.99200722163e-15,0.0,3.62593227177e-15,-1.73194791842e-14,0.0,-1.31495243415e-15,0.0,9.27036225562e-15,0.0,0.0,0.0,0.0,0.0,0.0,0.0,0.0,0.0,0.0,0.0,0.0,0.0,0.0
0.010148525238,1.27859901729,1.23769803814,1.09582033594,0.0,0.0,0.650092298061,0.00425300737498,-0.411585416192,0.151227896047,0.0657712615616,0.25002203092,0.103313551713,2.13162820728e-14,0.0,4.15093193765e-15,-3.92523114671e-16,0.846877949326,-0.948248897007,-0.882606612123,0.397571320126,1.20356657288,-0.213853300676,2.75372584761,0.245403503745,0.360037143521,0.106002136832,-0.0645412653506,-1.07691633389e-14,0.0,3.37079224724e-15,-1.82076576039e-14,0.0,-1.68784939309e-15,-1.71728862669e-16,9.38138455808e-15,0.0,0.0,0.0,0.0,0.0,0.0,0.0,0.0,0.0,0.0,0.0,0.0,0.0,0.0
0.00996828079224,1.27937365957,1.23777716121,1.09585115869,0.0,0.0,0.659319213033,0.00874848866566,-0.412903896265,0.14826189456,0.0663947422628,0.250426867227,0.102677538332,2.13162820728e-14,0.0,4.36191311178e-15,-2.84579258136e-16,0.837964626266,-0.962663487888,-0.863554331811,0.398295320283,1.17043900939,-0.23147727434,2.74966725931,0.24527128733,0.359810652084,0.101420751974,-0.0656174834879,-1.06581410364e-14,0.0,3.67009112217e-15,-1.79856129989e-14,0.0,-1.72710170455e-15,1.32476551201e-16,9.82547376793e-15,0.0,0.0,0.0,0.0,0.0,0.0,0.0,0.0,0.0,0.0,0.0,0.0,0.0,0.0
0.00989246368408,1.27977933045,1.237955082,1.09565541894,0.0,0.0,0.663737227934,0.0104967325464,-0.415201967967,0.148607178971,0.0670511112109,0.251150716586,0.102426115446,2.3758772727e-14,0.0,4.79368853792e-15,-1.76635401602e-16,0.831123434007,-0.977579340115,-0.859853642205,0.397949283168,1.13532212813,-0.231434169094,2.76288346682,0.245211542233,0.356479916595,0.0828524318082,-0.0661225844441,-1.08801856413e-14,0.0,3.63574534964e-15,-1.90958360236e-14,0.0,-1.96261557335e-15,-7.31074301075e-16,9.7699626167e-15,0.0,0.0,0.0,0.0,0.0,0.0,0.0,0.0,0.0,0.0,0.0,0.0,0.0,0.0
0.0100431442261,1.28031703864,1.2382556693,1.09536306054,0.0,0.0,0.663276059664,0.00860003321328,-0.417218943195,0.155602585074,0.0670056390506,0.251695933812,0.102150279346,2.42028619368e-14,0.0,4.55817466912e-15,-5.00466971205e-16,0.822743782986,-0.990985804237,-0.856289436026,0.397924063358,1.10256469178,-0.228640197204,2.7726440863,0.245206483909,0.349717804465,0.0623325454637,-0.0670274433058,-1.14908083049e-14,0.0,3.79766113444e-15,-1.59872115546e-14,0.0,-1.92336326189e-15,-4.26868887205e-16,1.02140518266e-14,0.0,0.0,0.0,0.0,0.0,0.0,0.0,0.0,0.0,0.0,0.0,0.0,0.0,0.0
0.0101282596588,1.28096264251,1.23837913438,1.09524471338,0.0,0.0,0.665990022373,0.00851300143859,-0.41836403134,0.156467586754,0.0683108445729,0.252267208545,0.102128329773,2.42028619368e-14,0.0,4.16565155445e-15,-3.0420541387e-16,0.816097556674,-0.999602562801,-0.844562395962,0.397039428084,1.07441943911,-0.232180030425,2.77459974495,0.24580554138,0.34548358601,0.0379836420823,-0.0674798061001,-1.27675647832e-14,0.0,3.61611919391e-15,-1.68753899743e-14,0.0,-2.25700790936e-15,-2.30607329869e-16,9.99200722163e-15,0.0,0.0,0.0,0.0,0.0,0.0,0.0,0.0,0.0,0.0,0.0,0.0,0.0,0.0
0.00994205474854,1.28172540068,1.23830975683,1.09509975488,0.0,0.0,0.667095124056,0.00567058399579,-0.419844693933,0.160277177117,0.0683351816843,0.252310198919,0.101557145044,2.57571741713e-14,0.0,4.24415617738e-15,-3.43457725337e-16,0.811588428397,-1.01004646208,-0.83738914914,0.397381022014,1.04785220108,-0.2349989378,2.77700559668,0.245813900993,0.356838083369,0.0194476209763,-0.0697034886663,-1.31006316906e-14,0.0,3.76822190084e-15,-1.55431223448e-14,0.0,-2.35513868803e-15,-1.96261557335e-16,1.02140518266e-14,0.0,0.0,0.0,0.0,0.0,0.0,0.0,0.0,0.0,0.0,0.0,0.0,0.0,0.0
0.00993967056274,1.28230480098,1.23815132632,1.09492067773,0.0,0.0,0.671077472273,0.00451468799742,-0.422769356389,0.159950524606,0.0684644889509,0.252545238755,0.101182634228,2.62012633812e-14,0.0,4.17546463231e-15,-7.06541606408e-16,0.807254059294,-1.02045428542,-0.829197742291,0.397362330357,1.02250450355,-0.236573597945,2.78115344699,0.245594480144,0.359381204737,0.00647539699077,-0.066524625372,-1.39888101103e-14,0.0,3.71915651151e-15,-1.55431223448e-14,0.0,-2.29626022083e-15,-1.17756934401e-16,1.02140518266e-14,0.0,0.0,0.0,0.0,0.0,0.0,0.0,0.0,0.0,0.0,0.0,0.0,0.0,0.0
0.00999021530151,1.28311751754,1.23803240019,1.09477608545,0.0,0.0,0.678849848379,0.00464057608854,-0.425011160427,0.155555668815,0.0686826541248,0.252868602461,0.101170778876,2.70894418009e-14,0.0,4.04789462004e-15,-1.18738242188e-15,0.803231585176,-1.02586703483,-0.805049048265,0.398001020418,1.00482118208,-0.253696014948,2.78473998802,0.245831308689,0.351531386202,-0.0124926566152,-0.0642996362485,-1.44328993201e-14,0.0,3.79766113444e-15,-1.50990331349e-14,0.0,-2.19812944216e-15,0.0,1.06581410364e-14,0.0,0.0,0.0,0.0,0.0,0.0,0.0,0.0,0.0,0.0,0.0,0.0,0.0,0.0
0.00986909866333,1.28390641697,1.23811436938,1.09476583154,0.0,0.0,0.682284230676,0.00286721188052,-0.426938694707,0.156228019426,0.0688965850058,0.252829277946,0.100293352792,2.88657986403e-14,0.0,4.20981040485e-15,-1.47196168002e-15,0.793934485604,-1.03521775583,-0.799003119193,0.397810037921,0.984440649339,-0.242427092651,2.78555057407,0.245941142074,0.349971150427,-0.0213081948323,-0.0651228716027,-1.43218770177e-14,0.0,3.58667996031e-15,-1.44328993201e-14,0.0,-2.33551253229e-15,-5.05373510139e-16,1.05471187339e-14,0.0,0.0,0.0,0.0,0.0,0.0,0.0,0.0,0.0,0.0,0.0,0.0,0.0,0.0
0.0100944042206,1.28457519593,1.23808879038,1.09467916162,0.0,0.0,0.688352024799,0.00328035080632,-0.427963484244,0.152326565507,0.069027944483,0.252981017277,0.10035653603,2.81996648255e-14,0.0,3.71424997257e-15,-1.59953169228e-15,0.793550256378,-1.03686367194,-0.761046258263,0.399659445749,0.971541147856,-0.277371166383,2.77695212498,0.245836871447,0.353926813414,-0.0448820287497,-0.064133051016,-1.49324996812e-14,0.0,3.55233418777e-15,-1.62092561595e-14,0.0,-2.17850328642e-15,-3.53270803204e-16,1.05471187339e-14,0.0,0.0,0.0,0.0,0.0,0.0,0.0,0.0,0.0,0.0,0.0,0.0,0.0,0.0
0.00994157791138,1.28523553077,1.2381648908,1.09455440576,0.0,0.0,0.693979443626,0.00465850871693,-0.428249878621,0.14809355824,0.0686424550297,0.252592030373,0.100028347984,2.75335310107e-14,0.0,4.09696000938e-15,-1.76635401602e-15,0.788238781637,-1.04474438157,-0.767221125924,0.396936046073,0.946827436212,-0.25400817089,2.7856392161,0.247575844531,0.329925192151,-0.0533330415903,-0.0607862440594,-1.52655665886e-14,0.0,3.21378300137e-15,-2.04281036531e-14,0.0,-2.29626022083e-15,-3.72896958937e-16,1.07691633389e-14,0.0,0.0,0.0,0.0,0.0,0.0,0.0,0.0,0.0,0.0,0.0,0.0,0.0,0.0
0.00993728637695,1.28567399438,1.23840143186,1.09434322412,0.0,0.0,0.695542729325,0.00423247808571,-0.430348748835,0.148362063033,0.068743721496,0.253145365787,0.100038043117,2.90878432452e-14,0.0,3.66518458324e-15,-1.73691478242e-15,0.784506375898,-1.04904962063,-0.741902926055,0.397592587385,0.934146411525,-0.266065733195,2.78416645213,0.247413536361,0.318950603193,-0.068587509747,-0.0586634664117,-1.487698853e-14,0.0,3.1156522227e-15,-1.24344978758e-14,0.0,-2.25700790936e-15,-2.01168096269e-16,1.15463194561e-14,0.0,0.0,0.0,0.0,0.0,0.0,0.0,0.0,0.0,0.0,0.0,0.0,0.0,0.0
0.0101180076599,1.2860674066,1.2386986728,1.09419564111,0.0,0.0,0.698128241322,0.00566323097755,-0.432923370629,0.147374239882,0.0681364468933,0.253463248827,0.0992925987027,2.9531932455e-14,0.0,3.69462381684e-15,-1.90373710615e-15,0.779869977487,-1.05570085739,-0.731797559304,0.397789907851,0.921021371463,-0.264203031275,2.78635826772,0.24756239175,0.31050094126,-0.0885366843549,-0.0564235000303,-1.52100554374e-14,0.0,3.32663339684e-15,-1.26565424807e-14,0.0,-1.88411095042e-15,0.0,1.13242748512e-14,0.0,0.0,0.0,0.0,0.0,0.0,0.0,0.0,0.0,0.0,0.0,0.0,0.0,0.0
0.0099515914917,1.28639387174,1.23918741752,1.09419612939,0.0,0.0,0.69591534945,0.00403833403266,-0.434130651653,0.15235227314,0.0672592830395,0.253299023829,0.0983306713176,2.975397706e-14,0.0,3.55233418777e-15,-1.81541940535e-15,0.774866116194,-1.05975965498,-0.703482829428,0.399178551625,0.909957927992,-0.277978275625,2.78326514404,0.247850667366,0.298157995438,-0.107263784542,-0.0550050292074,-1.57651669497e-14,0.0,3.22359607924e-15,-9.7699626167e-15,0.0,-1.88411095042e-15,-5.83878133073e-16,1.15463194561e-14,0.0,0.0,0.0,0.0,0.0,0.0,0.0,0.0,0.0,0.0,0.0,0.0,0.0,0.0
0.0102498531342,1.28684867014,1.23954910669,1.09426674707,0.0,0.0,0.698582752754,0.00462920713252,-0.434101110512,0.152140675788,0.0671173665965,0.253014338316,0.098201092182,3.08642000846e-14,0.0,3.66518458324e-15,-1.57990553655e-15,0.770441288967,-1.06206234615,-0.690409999935,0.399347080072,0.89875658806,-0.278808189196,2.78731799085,0.248317763382,0.285285713251,-0.118896641723,-0.0538138421934,-1.64868119157e-14,0.0,3.20887646243e-15,-1.1990408666e-14,0.0,-1.70747554882e-15,-5.05373510139e-16,1.14352971536e-14,0.0,0.0,0.0,0.0,0.0,0.0,0.0,0.0,0.0,0.0,0.0,0.0,0.0,0.0
0.00996255874634,1.28736727199,1.23974972711,1.09424190577,0.0,0.0,0.704121406842,0.00631883090272,-0.434169537485,0.148361572077,0.0674036861733,0.253165971836,0.0983759832357,3.06421554797e-14,0.0,4.64158583098e-15,-1.49158783575e-15,0.766660347022,-1.0624391452,-0.673812061152,0.399155865218,0.889921982164,-0.285503589909,2.78679191192,0.248410917964,0.274741034778,-0.133521067754,-0.0510644609417,-1.66533453694e-14,0.0,3.11074568377e-15,-1.44328993201e-14,0.0,-1.39345705708e-15,-5.34812743739e-16,1.18793863635e-14,0.0,0.0,0.0,0.0,0.0,0.0,0.0,0.0,0.0,0.0,0.0,0.0,0.0,0.0
0.00990223884583,1.28780188334,1.24002479566,1.09424178369,0.0,0.0,0.707376156164,0.00696726412717,-0.43489655834,0.146461924424,0.0676871850008,0.253204195101,0.0980768189706,3.08642000846e-14,0.0,4.42079157898e-15,-1.10887779895e-15,0.763437113482,-1.06301452202,-0.65347663921,0.399707604084,0.882195536757,-0.296731429418,2.78827241818,0.248551758285,0.268849439135,-0.150418444512,-0.0501596777212,-1.62092561595e-14,0.0,2.97336259363e-15,-1.24344978758e-14,0.0,-1.25607396695e-15,-4.26868887205e-16,1.1990408666e-14,0.0,0.0,0.0,0.0,0.0,0.0,0.0,0.0,0.0,0.0,0.0,0.0,0.0,0.0
0.0100741386414,1.28812663188,1.24054233631,1.09417440088,0.0,0.0,0.70370407666,0.00484715615572,-0.434821988289,0.151834454639,0.0670208047698,0.252818960256,0.0978603162032,3.17523785043e-14,0.0,4.50910927978e-15,-1.05981240961e-15,0.762218982155,-1.06549200084,-0.640878587132,0.400240726513,0.871739892072,-0.300348440004,2.78342720948,0.248364651726,0.255703643753,-0.155370877437,-0.0470146007721,-1.67643676718e-14,0.0,2.94882989897e-15,-1.64313007645e-14,0.0,-1.31495243415e-15,-4.17055809338e-16,1.23234755733e-14,0.0,0.0,0.0,0.0,0.0,0.0,0.0,0.0,0.0,0.0,0.0,0.0,0.0,0.0
0.00972747802734,1.28861136593,1.24096700523,1.09414797266,0.0,0.0,0.703229887292,0.00210266294221,-0.4349979621,0.155032554371,0.0665444361384,0.252444785765,0.0981289275651,3.15303338994e-14,0.0,4.46004389045e-15,-1.02056009814e-15,0.76108834123,-1.06539679926,-0.631555374511,0.400439125047,0.861559911351,-0.303845257838,2.78788344745,0.248645095206,0.240475853087,-0.168141598308,-0.045820894379,-1.76525460915e-14,0.0,3.37569878617e-15,-1.95399252334e-14,0.0,-1.33457858988e-15,-3.92523114671e-16,1.23234755733e-14,0.0,0.0,0.0,0.0,0.0,0.0,0.0,0.0,0.0,0.0,0.0,0.0,0.0,0.0
0.0100889205933,1.2893750968,1.24147368973,1.09427803858,0.0,0.0,0.708355498649,0.00590538441016,-0.432756062141,0.150044033471,0.0665953463931,0.251947989988,0.0971679407226,3.19744231092e-14,0.0,4.64158583098e-15,-1.70747554882e-15,0.757402225202,-1.06553096684,-0.616027083162,0.40100643369,0.853106322089,-0.309161929051,2.78229000504,0.248630503385,0.231312037947,-0.172101582059,-0.0435107765827,-1.7763568394e-14,0.0,3.52780149311e-15,-3.01980662698e-14,0.0,-1.62897092588e-15,-6.5256967814e-16,1.23234755733e-14,0.0,0.0,0.0,0.0,0.0,0.0,0.0,0.0,0.0,0.0,0.0,0.0,0.0,0.0
0.0100200176239,1.2896085118,1.2422158343,1.09429067285,0.0,0.0,0.699667800403,0.00227263942457,-0.432137339443,0.160177155761,0.066190352101,0.251485521227,0.0964037911881,3.19744231092e-14,0.0,5.44625821606e-15,-1.75654093815e-15,0.756167622194,-1.06726436867,-0.611848679543,0.401553550072,0.843506598569,-0.307661813458,2.79212897414,0.248846482116,0.210421865123,-0.182602632248,-0.0404676887897,-1.82631687551e-14,0.0,3.3070072411e-15,-3.01980662698e-14,0.0,-1.70747554882e-15,0.0,1.25455201783e-14,0.0,0.0,0.0,0.0,0.0,0.0,0.0,0.0,0.0,0.0,0.0,0.0,0.0,0.0
0.0101938247681,1.29026663021,1.24264458509,1.09436153467,0.0,0.0,0.704814000062,0.00485416029436,-0.430442235231,0.154428469201,0.0662868085983,0.250991686328,0.09611318575,3.17523785043e-14,0.0,6.10864097207e-15,-1.54065322508e-15,0.756273940512,-1.0667845486,-0.606394602579,0.401749662753,0.833103490769,-0.309217944841,2.80943658888,0.248748564313,0.186748915496,-0.20336217813,-0.0362366254914,-1.88182802674e-14,0.0,3.3511660915e-15,-3.37507799486e-14,0.0,-1.64859708162e-15,0.0,1.28785870857e-14,0.0,0.0,0.0,0.0,0.0,0.0,0.0,0.0,0.0,0.0,0.0,0.0,0.0,0.0
0.00977659225464,1.2906424158,1.24312125634,1.09434413965,0.0,0.0,0.702141755382,0.00332440932212,-0.429147107941,0.15724182305,0.0663210480587,0.250673702615,0.095838841406,3.01980662698e-14,0.0,6.03013634913e-15,-1.20700857761e-15,0.757171949259,-1.06589687271,-0.600275708504,0.401959983776,0.825469466999,-0.31232491664,2.81789336687,0.248796922443,0.175895727093,-0.21060031486,-0.0343066016617,-1.93178806285e-14,0.0,3.64065188857e-15,-3.41948691585e-14,0.0,-1.90373710615e-15,-3.1892503067e-16,1.3211653993e-14,0.0,0.0,0.0,0.0,0.0,0.0,0.0,0.0,0.0,0.0,0.0,0.0,0.0,0.0
0.0099401473999,1.29102161995,1.24353056927,1.09435305078,0.0,0.0,0.701560583565,0.0028097099774,-0.427806289332,0.157581089068,0.0667654748855,0.250537483669,0.0957403298981,3.10862446895e-14,0.0,6.07920173847e-15,-8.43924696543e-16,0.756895659617,-1.06518569325,-0.597435815155,0.40189636822,0.819399912536,-0.310763704475,2.82323298615,0.24900851311,0.160527397015,-0.215074119586,-0.0321953822052,-1.96509475359e-14,0.0,3.80747421231e-15,-3.8635761257e-14,0.0,-1.92336326189e-15,-3.43457725337e-16,1.35447209004e-14,0.0,0.0,0.0,0.0,0.0,0.0,0.0,0.0,0.0,0.0,0.0,0.0,0.0,0.0
0.0100471973419,1.29134643211,1.2439019446,1.09437807519,0.0,0.0,0.701418392241,0.00259569720065,-0.426922556233,0.157261150371,0.0670326880617,0.250433199251,0.0956575040818,3.17523785043e-14,0.0,6.29508945154e-15,-7.35980840008e-16,0.757337192264,-1.06439872885,-0.589830005794,0.401979306004,0.814683454487,-0.315517076867,2.81661047866,0.248962470284,0.159108133592,-0.22103599842,-0.0313589695891,-1.96509475359e-14,0.0,2.87032527603e-15,-3.8635761257e-14,0.0,-2.35513868803e-15,-4.56308120805e-16,1.39888101103e-14,0.0,0.0,0.0,0.0,0.0,0.0,0.0,0.0,0.0,0.0,0.0,0.0,0.0,0.0
0.0100519657135,1.29152849871,1.24423808822,1.0943947378,0.0,0.0,0.699336199855,0.0014079958909,-0.426802724441,0.159083629985,0.0669006303379,0.250286011037,0.0955721566055,3.19744231092e-14,0.0,6.65326679367e-15,-5.7897159414e-16,0.759286966859,-1.06544106339,-0.591770263796,0.402141989572,0.808176588195,-0.314022083724,2.82180960126,0.248711198165,0.150812513754,-0.23483300964,-0.0297472115542,-1.94844140822e-14,0.0,2.9831756715e-15,-3.95239396767e-14,0.0,-2.29626022083e-15,-5.7897159414e-16,1.39888101103e-14,0.0,0.0,0.0,0.0,0.0,0.0,0.0,0.0,0.0,0.0,0.0,0.0,0.0,0.0
0.00994229316711,1.2918071924,1.24466507498,1.09447383936,0.0,0.0,0.698829731115,0.00142996629372,-0.426059939184,0.15968037644,0.0668601874261,0.24991719585,0.0953864597166,3.24185123191e-14,0.0,6.28036983474e-15,-6.57476217074e-16,0.759282184616,-1.06606054275,-0.592084095896,0.402137039708,0.803231296184,-0.312643621906,2.8230153969,0.248860613095,0.144795599455,-0.243449060966,-0.0291539363874,-1.96509475359e-14,0.0,3.01752144403e-15,-3.79696274422e-14,0.0,-2.29626022083e-15,-7.06541606408e-16,1.39888101103e-14,0.0,0.0,0.0,0.0,0.0,0.0,0.0,0.0,0.0,0.0,0.0,0.0,0.0,0.0
0.0102179050446,1.29185676226,1.24493399966,1.09445992334,0.0,0.0,0.69572202283,-3.88449034356e-06,-0.426337548621,0.163187202399,0.0673147323993,0.250077874973,0.0952903383029,3.2640556924e-14,0.0,6.2460240622e-15,-4.31775426138e-16,0.758856006099,-1.06589202196,-0.593003847286,0.401897025325,0.800447619187,-0.312143645719,2.82578644338,0.249127354971,0.136055871456,-0.249865668446,-0.0279104733811,-2.09832151654e-14,0.0,3.10583914483e-15,-3.77475828373e-14,0.0,-2.37476484376e-15,-2.94392336003e-16,1.42108547152e-14,0.0,0.0,0.0,0.0,0.0,0.0,0.0,0.0,0.0,0.0,0.0,0.0,0.0,0.0
0.00986433029175,1.29190752826,1.24513399947,1.09442348535,0.0,0.0,0.695316789817,0.000174331585149,-0.426893993024,0.164072758363,0.0672098076391,0.250065757657,0.0951750427042,3.37507799486e-14,0.0,6.21167828967e-15,-7.75233151475e-16,0.75835653298,-1.06751254999,-0.594371545684,0.401763300778,0.797011130068,-0.309969073733,2.82731806534,0.249308226043,0.127451757963,-0.254467200981,-0.0264627523154,-2.18158824339e-14,0.0,3.24322223497e-15,-3.59712259979e-14,0.0,-2.33551253229e-15,0.0,1.45439216226e-14,0.0,0.0,0.0,0.0,0.0,0.0,0.0,0.0,0.0,0.0,0.0,0.0,0.0,0.0
0.0100893974304,1.29198460539,1.24533457296,1.09437404688,0.0,0.0,0.695598837051,0.000591228413778,-0.427503557347,0.164827482321,0.0669836479467,0.25006187033,0.0951084568536,3.44169137634e-14,0.0,6.28036983474e-15,-1.09906472108e-15,0.757059437145,-1.06967153004,-0.597761749101,0.401471136006,0.794062858226,-0.305325873993,2.83029340372,0.249395648693,0.120113256414,-0.257035657087,-0.0251943928184,-2.19824158876e-14,0.0,2.8212598867e-15,-4.37427871702e-14,0.0,-2.6887833355e-15,0.0,1.49880108324e-14,0.0,0.0,0.0,0.0,0.0,0.0,0.0,0.0,0.0,0.0,0.0,0.0,0.0,0.0
0.0101232528687,1.29204870994,1.24548715836,1.09431868798,0.0,0.0,0.696812364744,0.00168304405518,-0.427998762318,0.164413494271,0.0667919388023,0.250010896867,0.0950281726924,3.68594044176e-14,0.0,6.0988278942e-15,-8.63550852276e-16,0.755891786642,-1.07108795935,-0.590353460073,0.402004266042,0.793008606035,-0.311070846537,2.82704147864,0.249111046232,0.118119547939,-0.259764885328,-0.024887934072,-2.19269047363e-14,0.0,3.06658683337e-15,-4.35207425653e-14,0.0,-2.7476618027e-15,1.57009245868e-16,1.487698853e-14,0.0,0.0,0.0,0.0,0.0,0.0,0.0,0.0,0.0,0.0,0.0,0.0,0.0,0.0
0.00984764099121,1.29213885821,1.24556321663,1.09418026025,0.0,0.0,0.697150182449,0.00182784127064,-0.428277065437,0.165067079187,0.0668037459977,0.250041964934,0.0949905852237,3.75255382323e-14,0.0,6.39812676914e-15,-1.70747554882e-15,0.754413575907,-1.07209702467,-0.588262576395,0.401820149814,0.7922529125,-0.311964407292,2.82452091673,0.249170371888,0.116938737009,-0.261301353344,-0.0246169235453,-2.209343819e-14,0.0,2.90467104856e-15,-4.55191440096e-14,0.0,-2.6299048683e-15,0.0,1.487698853e-14,0.0,0.0,0.0,0.0,0.0,0.0,0.0,0.0,0.0,0.0,0.0,0.0,0.0,0.0
0.00995397567749,1.29211846717,1.24569131108,1.09406313379,0.0,0.0,0.696308906828,0.00174212915091,-0.428797174046,0.166762620458,0.0666577481686,0.250050325136,0.0949184846518,3.8635761257e-14,0.0,6.24111752327e-15,-1.87429787255e-15,0.753124101598,-1.0738482371,-0.587974634202,0.40183811577,0.792303173405,-0.311442083683,2.82711682754,0.249043838557,0.113060998579,-0.262427896843,-0.0237093438726,-2.24820162487e-14,0.0,2.87523181496e-15,-5.15143483426e-14,0.0,-2.6299048683e-15,2.01168096269e-16,1.50990331349e-14,0.0,0.0,0.0,0.0,0.0,0.0,0.0,0.0,0.0,0.0,0.0,0.0,0.0,0.0
