0.0,2.01174793962,0.842797436253,1.1063344961,0.0,0.0,2.01031803484,-0.157011535711,-0.395919802202,0.202269773776,0.050256256368,0.251565743119,0.129883411128,-1.76192394008e-13,0.0,-8.63550852276e-16,5.7897159414e-16,0.609419441886,-0.611154789961,1.05933660391,0.405623800221,-2.78926601786,-1.31452325048,-1.72096238105,0.240918618024,0.421300123528,0.165843188863,-0.0519805905761,-3.68594044176e-14,0.0,0.0,1.81077375316e-13,0.0,-1.68784939309e-15,0.0,-1.72639680329e-14,0.0,0.0,0.0,0.0,0.0,0.0,0.0,0.0,0.0,0.0,0.0,0.0,0.0,0.0
0.00985312461853,2.01178922397,0.842763059549,1.10631111963,0.0,0.0,2.01022326673,-0.157183282066,-0.397817924476,0.204304786107,0.0503536347006,0.251740096533,0.12946703439,-1.76414438613e-13,0.0,-9.4205547521e-16,1.20210203868e-15,0.624846050348,-0.61617035992,1.05968752576,0.40492003926,-2.74465498393,-1.31376361288,-1.68059515128,0.241553851825,0.417139248889,0.170263001038,-0.0526280778572,-3.71924713249e-14,0.0,0.0,1.82409642946e-13,0.0,-1.29532627841e-15,-4.41588504005e-16,-1.75692793647e-14,0.0,0.0,0.0,0.0,0.0,0.0,0.0,0.0,0.0,0.0,0.0,0.0,0.0,0.0
0.0100865364075,2.0119588569,0.842749665125,1.1062589956,0.0,0.0,2.01355957538,-0.156306106941,-0.400394318634,0.203250838605,0.050795756072,0.252151908013,0.129117122247,-1.78634884662e-13,0.0,-9.81307786677e-16,1.24626088908e-15,0.644384144815,-0.621838146126,1.03802108664,0.405296563621,-2.75848123768,-1.31546455351,-1.6927339696,0.241164672907,0.424149011353,0.171676266578,-0.0522713625128,-3.71369601737e-14,0.0,0.0,1.84963155903e-13,0.0,-2.00186788482e-15,-9.76401247744e-16,-1.80688797258e-14,0.0,0.0,0.0,0.0,0.0,0.0,0.0,0.0,0.0,0.0,0.0,0.0,0.0,0.0
0.00986528396606,2.01195570761,0.84265396066,1.10620424707,0.0,0.0,2.01461443589,-0.156196853605,-0.402935299573,0.205119631,0.0503945301669,0.252349607788,0.128799511641,-1.79523063082e-13,0.0,-1.13831703255e-15,1.32967205095e-15,0.661475504606,-0.631280056114,1.02560682209,0.404645567705,-2.75099108298,-1.32228810781,-1.68716431436,0.241433322882,0.415550204167,0.174972960114,-0.0525274700816,-3.70814490225e-14,0.0,-1.47196168002e-16,1.87960758069e-13,0.0,-1.84485863895e-15,-8.88083546943e-16,-1.82076576039e-14,0.0,0.0,0.0,0.0,0.0,0.0,0.0,0.0,0.0,0.0,0.0,0.0,0.0,0.0
0.0101218223572,2.0118945082,0.842632087427,1.10618056543,0.0,0.0,2.01583043187,-0.155675705577,-0.405227230996,0.207052095015,0.0507619828934,0.252619935683,0.12855020402,-1.79634085384e-13,0.0,-8.24298540809e-16,9.46962014144e-16,0.675491781876,-0.639442175407,1.01790213006,0.403818987915,-2.726759291,-1.32630304013,-1.66470152128,0.241676248972,0.420367534775,0.173233750489,-0.0536092879598,-3.72479824762e-14,0.0,-1.91355018402e-16,1.91402449445e-13,0.0,-1.76635401602e-15,-8.92990085876e-16,-1.84297022088e-14,0.0,0.0,0.0,0.0,0.0,0.0,0.0,0.0,0.0,0.0,0.0,0.0,0.0,0.0
0.0100643634796,2.01177130901,0.842678150019,1.10611013086,0.0,0.0,2.0170926769,-0.154129936189,-0.407056857312,0.208791509373,0.0509109386872,0.253057052406,0.127716465457,-1.81299419921e-13,0.0,1.17756934401e-16,1.33457858988e-15,0.691166349807,-0.649955175258,1.00439017122,0.403609645128,-2.71393851782,-1.33266641398,-1.65730792993,0.241199537102,0.416102493496,0.178630601309,-0.0509047879484,-3.71924713249e-14,0.0,-3.92523114671e-16,1.93511873192e-13,0.0,-2.27663406509e-15,-1.01565355921e-15,-1.83741910575e-14,0.0,0.0,0.0,0.0,0.0,0.0,0.0,0.0,0.0,0.0,0.0,0.0,0.0,0.0
0.0100586414337,2.01164204111,0.842805822162,1.10605953271,0.0,0.0,2.01851769754,-0.152255985096,-0.4088561609,0.210365244118,0.050904553126,0.253235066306,0.126855029022,-1.84963155903e-13,0.0,1.57009245868e-16,9.32242397343e-16,0.706984417146,-0.66202942306,0.992454307475,0.403499074732,-2.69314989434,-1.34069702359,-1.63258830426,0.241162273682,0.419076401603,0.176297154566,-0.0532608618921,-3.73034936274e-14,0.0,-4.46495042938e-16,1.97175609173e-13,0.0,-2.35513868803e-15,-8.29205079742e-16,-1.85407245112e-14,0.0,0.0,0.0,0.0,0.0,0.0,0.0,0.0,0.0,0.0,0.0,0.0,0.0,0.0
0.0100083351135,2.011532932,0.843106353611,1.10615529687,0.0,0.0,2.02018677004,-0.151466255023,-0.409748939397,0.211617381039,0.0512542230428,0.253174428164,0.126026113864,-1.87072579649e-13,0.0,0.0,1.21682165548e-15,0.720330320143,-0.672927668358,0.987383918896,0.40291894403,-2.64986515296,-1.34995991467,-1.58182543276,0.241570710519,0.413329117773,0.164506050877,-0.0530126661335,-3.68594044176e-14,0.0,-4.21962348271e-16,2.0061730055e-13,0.0,-2.35513868803e-15,-1.08925164321e-15,-1.85962356625e-14,0.0,0.0,0.0,0.0,0.0,0.0,0.0,0.0,0.0,0.0,0.0,0.0,0.0,0.0
0.00995373725891,2.01150828549,0.84335177453,1.10627578027,0.0,0.0,2.02182790092,-0.151883542756,-0.412183079763,0.213163297254,0.0513891661631,0.253187705675,0.125216508344,-1.87072579649e-13,0.0,-1.57009245868e-16,7.45793917875e-16,0.737316556091,-0.68569235128,0.973541644265,0.402538374766,-2.61553862085,-1.36244728123,-1.54579172279,0.241321197287,0.407761299632,0.160454853987,-0.0519428535546,-3.73034936274e-14,0.0,-3.43457725337e-16,2.02393657389e-13,0.0,-2.43364331096e-15,-1.03037317601e-15,-1.85962356625e-14,0.0,0.0,0.0,0.0,0.0,0.0,0.0,0.0,0.0,0.0,0.0,0.0,0.0,0.0
0.0100898742676,2.01154957776,0.843592950773,1.10639101465,0.0,0.0,2.0240929713,-0.152319485481,-0.41553917255,0.214293833516,0.0512519512054,0.25331405452,0.124806797728,-1.89515070304e-13,0.0,0.0,1.27570012268e-16,0.755016362197,-0.698515663697,0.971972927801,0.401907416973,-2.51906034817,-1.36877094127,-1.44498412313,0.241617901095,0.406112468183,0.156569934099,-0.0526122708214,-3.90798504668e-14,0.0,-5.10280049072e-16,2.04170014229e-13,0.0,-1.92336326189e-15,-5.29906204806e-16,-1.86795023893e-14,0.0,0.0,0.0,0.0,0.0,0.0,0.0,0.0,0.0,0.0,0.0,0.0,0.0,0.0
0.00983858108521,2.01137981259,0.843913771632,1.10637380273,0.0,0.0,2.02314382392,-0.15360283484,-0.41616239018,0.219328386475,0.0515807133937,0.253532524309,0.124039463308,-1.91291427143e-13,0.0,-1.57009245868e-16,-1.57009245868e-16,0.770326225842,-0.711322445041,0.958067568535,0.401625678969,-2.46342380875,-1.38442079444,-1.38231400809,0.241277490787,0.393955080585,0.144451907857,-0.0480745415836,-4.08562073062e-14,0.0,-5.59345438406e-16,2.04614103438e-13,0.0,-1.92336326189e-15,-3.14018491737e-16,-1.8846035843e-14,0.0,0.0,0.0,0.0,0.0,0.0,0.0,0.0,0.0,0.0,0.0,0.0,0.0,0.0
0.00999355316162,2.01123273805,0.844232284499,1.10640462549,0.0,0.0,2.02376090064,-0.153489420041,-0.417210080222,0.223462407793,0.0516156623011,0.253603586201,0.12303126067,-1.938449401e-13,0.0,9.81307786677e-16,5.29906204806e-16,0.781839968065,-0.725860117898,0.949188339734,0.401073488502,-2.38163831279,-1.40021945236,-1.29022655095,0.241572142518,0.385526531415,0.132579350125,-0.0493145418364,-4.0800696155e-14,0.0,-6.28036983474e-16,2.0694557179e-13,0.0,-1.68784939309e-15,-6.47663139207e-16,-1.90680804479e-14,0.0,0.0,0.0,0.0,0.0,0.0,0.0,0.0,0.0,0.0,0.0,0.0,0.0,0.0
0.00994729995728,2.01106679679,0.844531933655,1.10639089258,0.0,0.0,2.02653047565,-0.152546176352,-0.419803876293,0.22545828241,0.0518415443714,0.253902128926,0.122186617602,-1.95843341544e-13,0.0,1.17756934401e-15,0.0,0.792937939928,-0.740092941067,0.942254757084,0.400264033904,-2.2679518575,-1.4115531828,-1.17331604975,0.24171107987,0.382742946749,0.121467614915,-0.0476668164672,-4.08562073062e-14,0.0,0.0,2.10165218562e-13,0.0,-2.00186788482e-15,-3.82710036804e-16,-1.94566585066e-14,0.0,0.0,0.0,0.0,0.0,0.0,0.0,0.0,0.0,0.0,0.0,0.0,0.0,0.0
0.00997591018677,2.01105183973,0.844822932139,1.10636360986,0.0,0.0,2.03093687399,-0.153213531574,-0.424040535869,0.226605996899,0.0515690409558,0.25425025796,0.121925455262,-1.97619698383e-13,0.0,5.49532360539e-16,-1.17756934401e-16,0.807485988667,-0.754949975686,0.938415667712,0.399576034235,-2.11156380235,-1.41498843653,-1.01735358096,0.2419646706,0.379033014126,0.111717000108,-0.0470238209513,-4.10227407599e-14,0.0,1.47196168002e-16,2.10276240864e-13,0.0,-2.04112019629e-15,-4.02336192538e-16,-1.96231919602e-14,0.0,0.0,0.0,0.0,0.0,0.0,0.0,0.0,0.0,0.0,0.0,0.0,0.0,0.0
0.0100705623627,2.01111027178,0.845238066485,1.10615865381,0.0,0.0,2.03499074552,-0.153285267698,-0.426729247605,0.226949348514,0.0515255945186,0.2547353588,0.121154115541,-1.98174809896e-13,0.0,5.49532360539e-16,0.0,0.82123633965,-0.769440223867,0.933542542348,0.399515458041,-1.95483359254,-1.41669726064,-0.853610147258,0.242080475577,0.383243892783,0.111513946727,-0.0482778597456,-4.06896738525e-14,0.0,0.0,2.11275441586e-13,0.0,-1.64859708162e-15,-4.71027737605e-16,-1.98452365652e-14,0.0,0.0,0.0,0.0,0.0,0.0,0.0,0.0,0.0,0.0,0.0,0.0,0.0,0.0
0.0101881027222,2.01114446655,0.845552989459,1.10612715967,0.0,0.0,2.0381374309,-0.153191933282,-0.430009645969,0.228284893528,0.0516585051711,0.254963757764,0.119910457142,-2.0106138976e-13,0.0,1.05981240961e-15,0.0,0.832860214821,-0.786021127345,0.926828205196,0.39882865828,-1.78944193892,-1.41844008839,-0.690865339783,0.242120086331,0.376865963172,0.0996672525785,-0.0449804980689,-4.07451850037e-14,0.0,-1.86448479469e-16,2.12274642308e-13,0.0,-1.60934477015e-15,-5.59345438406e-16,-1.98452365652e-14,0.0,0.0,0.0,0.0,0.0,0.0,0.0,0.0,0.0,0.0,0.0,0.0,0.0,0.0
0.00996708869934,2.01120311496,0.846019074858,1.10624239404,0.0,0.0,2.04228388334,-0.154620643961,-0.433444899789,0.229669329788,0.0516133186415,0.255291585395,0.119512248501,-2.04170014229e-13,0.0,9.02803163743e-16,0.0,0.846220690924,-0.801422255965,0.912154057585,0.398765259103,-1.62909684857,-1.42292225012,-0.533582518527,0.242136047849,0.381198517823,0.103450966519,-0.0494270909503,-4.16333634234e-14,0.0,-3.63083881071e-16,2.13162820728e-13,0.0,-1.64859708162e-15,-2.84579258136e-16,-2.00395255945e-14,0.0,0.0,0.0,0.0,0.0,0.0,0.0,0.0,0.0,0.0,0.0,0.0,0.0,0.0
0.00985622406006,2.01095612411,0.846577208613,1.10616933496,0.0,0.0,2.04474584401,-0.154685489233,-0.435742441775,0.232964923827,0.0517237824531,0.25570799469,0.118507991387,-2.09499084747e-13,0.0,8.24298540809e-16,0.0,0.855240100844,-0.817138313356,0.912385273305,0.39900295621,-1.48308453584,-1.41214612454,-0.385602792825,0.242183851494,0.377995072861,0.0979525688242,-0.0477786968793,-4.1522341121e-14,0.0,-2.15887713069e-16,2.1371793224e-13,0.0,-1.60934477015e-15,-2.55140024536e-16,-2.00117700189e-14,0.0,0.0,0.0,0.0,0.0,0.0,0.0,0.0,0.0,0.0,0.0,0.0,0.0,0.0
0.00995898246765,2.01076632463,0.847119033833,1.10607778222,0.0,0.0,2.04990828662,-0.152975358549,-0.437886352777,0.233358518549,0.052070535192,0.256026627306,0.117259877024,-2.11386463889e-13,0.0,7.85046229342e-16,1.17756934401e-16,0.860658514484,-0.833293324203,0.911799767546,0.398722851325,-1.33642610451,-1.40254199769,-0.241866303777,0.242118274066,0.377186462398,0.0879222417583,-0.0484593807168,-4.17443857259e-14,0.0,-4.90653893339e-16,2.15716333685e-13,0.0,-1.49158783575e-15,-7.26167762141e-16,-2.04003480775e-14,0.0,0.0,0.0,0.0,0.0,0.0,0.0,0.0,0.0,0.0,0.0,0.0,0.0,0.0
0.0099835395813,2.01050691629,0.847638267006,1.10604689844,0.0,0.0,2.05166542207,-0.155402202009,-0.442395111762,0.239439446896,0.0515232854829,0.256365693731,0.116982460094,-2.11386463889e-13,0.0,1.35420474561e-15,0.0,0.868300462567,-0.850039150273,0.912524085943,0.398268777997,-1.21914302241,-1.38645611598,-0.123936717394,0.242584142027,0.371210518982,0.0871134254239,-0.0465298427562,-4.14668299697e-14,0.0,-2.94392336003e-16,2.16160422895e-13,0.0,-1.60934477015e-15,-3.72896958937e-16,-2.04003480775e-14,0.0,0.0,0.0,0.0,0.0,0.0,0.0,0.0,0.0,0.0,0.0,0.0,0.0,0.0
0.0101029872894,2.01018066448,0.848218465105,1.10621328027,0.0,0.0,2.05233993256,-0.157440693031,-0.445268202332,0.244823419033,0.0519130206611,0.256873295908,0.116313689063,-2.11719530796e-13,0.0,6.28036983474e-16,0.0,0.875048781976,-0.866436115368,0.905683193141,0.397665511647,-1.08717034576,-1.37670341778,0.0166238883019,0.242505648167,0.358434373909,0.0676725989981,-0.0450745201644,-4.14668299697e-14,0.0,-5.7897159414e-16,2.16604512104e-13,0.0,-1.76635401602e-15,-5.69158516273e-16,-2.03725925019e-14,0.0,0.0,0.0,0.0,0.0,0.0,0.0,0.0,0.0,0.0,0.0,0.0,0.0,0.0
0.0100917816162,2.010354353,0.84884908907,1.1060992666,0.0,0.0,2.06032237883,-0.155659438815,-0.448385287262,0.241972328492,0.0524497436928,0.257387765652,0.114785611253,-2.11497486191e-13,0.0,4.12149270404e-16,-1.17756934401e-16,0.880780466671,-0.882547535031,0.909263477612,0.398171946963,-1.01660407131,-1.35752743445,0.0896795384981,0.242572259186,0.359412624742,0.0588951288886,-0.0451071210837,-4.18554080284e-14,0.0,-4.21962348271e-16,2.18602913549e-13,0.0,-2.04112019629e-15,-3.72896958937e-16,-2.04836148043e-14,0.0,0.0,0.0,0.0,0.0,0.0,0.0,0.0,0.0,0.0,0.0,0.0,0.0,0.0
0.0100796222687,2.0100850766,0.849360733171,1.10586995752,0.0,0.0,2.06170517602,-0.157625796945,-0.452422334826,0.247635426574,0.0519972353813,0.257962395298,0.114185340759,-2.1416202145e-13,0.0,4.51401581872e-16,0.0,0.887190580816,-0.900539001798,0.909601476573,0.397873599545,-0.943277452037,-1.33732524195,0.172479557036,0.242358754065,0.352254004072,0.0424409648473,-0.0427410063191,-4.16333634234e-14,0.0,-4.12149270404e-16,2.19713136573e-13,0.0,-2.04112019629e-15,-3.92523114671e-16,-2.04281036531e-14,0.0,0.0,0.0,0.0,0.0,0.0,0.0,0.0,0.0,0.0,0.0,0.0,0.0,0.0
0.00970768928528,2.00972152759,0.849990439724,1.10566371973,0.0,0.0,2.0628992366,-0.15812672428,-0.455049364874,0.252937613024,0.052290201615,0.258803475631,0.113082096179,-2.16604512104e-13,0.0,2.35513868803e-16,0.0,0.88952148626,-0.917167902131,0.91267056298,0.397812029439,-0.884170256533,-1.3202081862,0.238740903465,0.24283596654,0.34010102557,0.037089538591,-0.0424724239543,-4.22994972382e-14,0.0,-5.59345438406e-16,2.21600515715e-13,0.0,-1.96261557335e-15,-5.49532360539e-16,-2.08999484386e-14,0.0,0.0,0.0,0.0,0.0,0.0,0.0,0.0,0.0,0.0,0.0,0.0,0.0,0.0
0.0101687908173,2.00929370145,0.850766686727,1.10580483301,0.0,0.0,2.06296490948,-0.16061618462,-0.456830357616,0.259808497804,0.0526702728783,0.259073739985,0.112278594775,-2.17381668222e-13,0.0,0.0,0.0,0.894334596436,-0.932926934983,0.915441640686,0.397737657934,-0.836634868246,-1.30000614083,0.290372824133,0.242132822401,0.337501868894,0.0254898402154,-0.0407328382202,-4.27435864481e-14,0.0,-3.14018491737e-16,2.24154028672e-13,0.0,-1.96261557335e-15,-3.63083881071e-16,-2.10664818923e-14,0.0,0.0,0.0,0.0,0.0,0.0,0.0,0.0,0.0,0.0,0.0,0.0,0.0,0.0
0.0100734233856,2.00887370571,0.851623619194,1.10567226465,0.0,0.0,2.06664441749,-0.162227660809,-0.460439276073,0.263217938176,0.0524998613595,0.259325291603,0.111760377004,-2.19713136573e-13,0.0,2.94392336003e-16,0.0,0.897896815928,-0.948671834746,0.917072931126,0.397322589846,-0.798095923896,-1.28061532032,0.332854760893,0.242677681995,0.327635261318,0.0148541585526,-0.040876590882,-4.34097202628e-14,0.0,-6.67289294941e-16,2.26485497024e-13,0.0,-1.88411095042e-15,-2.94392336003e-16,-2.13440376484e-14,0.0,0.0,0.0,0.0,0.0,0.0,0.0,0.0,0.0,0.0,0.0,0.0,0.0,0.0
0.00992798805237,2.00878242453,0.852412769046,1.10541439112,0.0,0.0,2.07096230388,-0.163327024244,-0.463090162905,0.265779511414,0.0513835366615,0.259188576803,0.110698500581,-2.21711538018e-13,0.0,6.67289294941e-16,0.0,0.903311477158,-0.966297856012,0.925020192692,0.397817093353,-0.775263785189,-1.25334054422,0.359250749106,0.243025991886,0.325474755471,0.00188894286322,-0.0411807665538,-4.42423875313e-14,0.0,-5.20093126939e-16,2.29150032283e-13,0.0,-1.88411095042e-15,-5.7897159414e-16,-2.1593837829e-14,0.0,0.0,0.0,0.0,0.0,0.0,0.0,0.0,0.0,0.0,0.0,0.0,0.0,0.0
0.00984406471252,2.00838098144,0.853382225434,1.10527364404,0.0,0.0,2.07385175292,-0.16343131919,-0.464125664946,0.268607459172,0.0521914269519,0.259570291221,0.109680730363,-2.21267448808e-13,0.0,7.45793917875e-16,0.0,0.905592115811,-0.980565121881,0.924216393425,0.397343411538,-0.732003117053,-1.23752337109,0.401939217679,0.24316012831,0.327174329693,-0.000986392534037,-0.0426529878146,-4.40758540776e-14,0.0,0.0,2.299271884e-13,0.0,-2.00186788482e-15,-4.51401581872e-16,-2.18158824339e-14,0.0,0.0,0.0,0.0,0.0,0.0,0.0,0.0,0.0,0.0,0.0,0.0,0.0,0.0
0.0099949836731,2.00793164016,0.854187065333,1.105110375,0.0,0.0,2.07433011189,-0.165768022904,-0.467873764382,0.27448333663,0.0522978951493,0.260277684418,0.108935167721,-2.22599716437e-13,0.0,1.00093394241e-15,0.0,0.910079022431,-0.995567517584,0.929972469297,0.397201706103,-0.720858116962,-1.21497769192,0.41930209275,0.243203824828,0.323410752284,-0.0115378461221,-0.040938532065,-4.46309655899e-14,0.0,0.0,2.27928786956e-13,0.0,-1.84485863895e-15,-2.7476618027e-16,-2.18713935851e-14,0.0,0.0,0.0,0.0,0.0,0.0,0.0,0.0,0.0,0.0,0.0,0.0,0.0,0.0
0.0101566314697,2.00743128855,0.855137146022,1.10500313623,0.0,0.0,2.07781700406,-0.164558839421,-0.468538650217,0.276527308237,0.0519264448323,0.260118882424,0.107601261527,-2.24154028672e-13,0.0,8.8317700801e-16,0.0,0.912594419298,-1.01178195264,0.934639020166,0.397588361104,-0.689599003067,-1.19349771492,0.449689313052,0.243245377939,0.319040995922,-0.0162745796738,-0.0422832598046,-4.5130565951e-14,0.0,0.0,2.29261054585e-13,0.0,-2.00186788482e-15,-4.71027737605e-16,-2.22877272194e-14,0.0,0.0,0.0,0.0,0.0,0.0,0.0,0.0,0.0,0.0,0.0,0.0,0.0,0.0
0.00987195968628,2.00678567092,0.856367560489,1.1048091665,0.0,0.0,2.081712439,-0.164467310012,-0.469024192381,0.278105019456,0.0513459478983,0.259659090577,0.107012393294,-2.25264251696e-13,0.0,7.65420073608e-16,0.0,0.916708467155,-1.02642935506,0.933796852001,0.397325304459,-0.653700839262,-1.17336054952,0.482329618274,0.243560811221,0.315515828958,-0.0232613841173,-0.0431679555286,-4.56301663121e-14,0.0,0.0,2.31703545239e-13,0.0,-1.49158783575e-15,-5.98597749873e-16,-2.24820162487e-14,0.0,0.0,0.0,0.0,0.0,0.0,0.0,0.0,0.0,0.0,0.0,0.0,0.0,0.0
0.00999736785889,2.00643409712,0.857728852812,1.10486043604,0.0,0.0,2.08837358199,-0.16631363806,-0.470550464828,0.277038295855,0.0511593924662,0.259197269746,0.106010080778,-2.24820162487e-13,0.0,5.88784672006e-16,-3.82710036804e-16,0.922800661521,-1.03925711772,0.938819682253,0.398111230768,-0.647221228429,-1.14915052084,0.490899136471,0.243445970769,0.313241473751,-0.0285262943016,-0.0425456920912,-4.59077220683e-14,0.0,0.0,2.31814567542e-13,0.0,-1.17756934401e-15,-5.39719282673e-16,-2.29261054585e-14,0.0,0.0,0.0,0.0,0.0,0.0,0.0,0.0,0.0,0.0,0.0,0.0,0.0,0.0
0.0102643966675,2.00576366835,0.858796903274,1.10482381494,0.0,0.0,2.09053774239,-0.166994659859,-0.471085833686,0.280793228916,0.0514172509901,0.259212339097,0.104969730301,-2.25930385511e-13,0.0,3.72896958937e-16,-4.02336192538e-16,0.92513246396,-1.05174791475,0.938495578159,0.398212273674,-0.625722284103,-1.13055284374,0.514951357669,0.243772451473,0.31076918375,-0.0367186353345,-0.0428003710659,-4.64073224293e-14,0.0,0.0,2.32480701357e-13,0.0,-1.29532627841e-15,-9.22429319477e-16,-2.3037127761e-14,0.0,0.0,0.0,0.0,0.0,0.0,0.0,0.0,0.0,0.0,0.0,0.0,0.0,0.0
0.00987768173218,2.00540923662,0.859683910841,1.10448635156,0.0,0.0,2.08929450693,-0.1705983371,-0.472770463765,0.287808776223,0.0512979677284,0.259432333284,0.104659114982,-2.28039809258e-13,0.0,0.0,-4.71027737605e-16,0.932194100038,-1.06587349911,0.936898864324,0.398077571755,-0.607724657836,-1.10869936747,0.535056597438,0.243305052146,0.304143023901,-0.0384949580745,-0.040083623957,-4.66293670343e-14,0.0,0.0,2.32702745961e-13,0.0,-1.57009245868e-15,-1.35420474561e-15,-2.31481500634e-14,0.0,0.0,0.0,0.0,0.0,0.0,0.0,0.0,0.0,0.0,0.0,0.0,0.0,0.0
0.00992941856384,2.00518141651,0.861013143619,1.10439522607,0.0,0.0,2.09597622524,-0.170490152313,-0.4746006316,0.285010441505,0.0517674277401,0.259378318319,0.103783086083,-2.2948309919e-13,0.0,0.0,0.0,0.937172287871,-1.0773261613,0.93577990624,0.397911396628,-0.592268399523,-1.09059993312,0.54793377124,0.243791430586,0.301932387684,-0.0403564030578,-0.0413704474398,-4.6573855883e-14,0.0,-1.27570012268e-16,2.35922392733e-13,0.0,-1.45233552428e-15,-1.36401782348e-15,-2.31759056391e-14,0.0,0.0,0.0,0.0,0.0,0.0,0.0,0.0,0.0,0.0,0.0,0.0,0.0,0.0
0.0100004673004,2.00445672916,0.862636502541,1.10431771142,0.0,0.0,2.10032315281,-0.170457338742,-0.473310321512,0.284383470573,0.0520701732895,0.258841323793,0.102789716271,-2.29705143795e-13,0.0,0.0,0.0,0.94108617974,-1.08781568061,0.938427672862,0.397606871473,-0.571670362225,-1.06902836118,0.568906740066,0.243932223936,0.291225843959,-0.0420428113958,-0.0393888783081,-4.64073224293e-14,0.0,0.0,2.37476704967e-13,0.0,-1.72710170455e-15,-1.51121399148e-15,-2.31759056391e-14,0.0,0.0,0.0,0.0,0.0,0.0,0.0,0.0,0.0,0.0,0.0,0.0,0.0,0.0
0.009920835495,2.00438179754,0.863577217995,1.10413216455,0.0,0.0,2.10417663532,-0.172553404569,-0.47716004487,0.28496413046,0.0514060294388,0.258623663974,0.102287623464,-2.31037411424e-13,0.0,0.0,0.0,0.950133454765,-1.10170356967,0.941188283092,0.39805168491,-0.574468388499,-1.04475873808,0.564135366744,0.244403613128,0.30003304716,-0.0472581666971,-0.0410678584992,-4.62963001269e-14,0.0,0.0,2.37254660362e-13,0.0,-1.64859708162e-15,-1.74672786029e-15,-2.32869279415e-14,0.0,0.0,0.0,0.0,0.0,0.0,0.0,0.0,0.0,0.0,0.0,0.0,0.0,0.0
0.00999927520752,2.00417179064,0.864520148892,1.10374489648,0.0,0.0,2.10629736391,-0.1752598622,-0.478855534579,0.28749730022,0.0516313656728,0.259045523779,0.101559631993,-2.30260255307e-13,0.0,0.0,0.0,0.955505803543,-1.11319192338,0.93419591242,0.397942240279,-0.552761729082,-1.02875315666,0.58651214203,0.244491822018,0.299601514378,-0.0533326401352,-0.0406846144325,-4.63518112781e-14,0.0,0.0,2.3758772727e-13,0.0,-1.21682165548e-15,-1.89392402829e-15,-2.32314167903e-14,0.0,0.0,0.0,0.0,0.0,0.0,0.0,0.0,0.0,0.0,0.0,0.0,0.0,0.0
0.0100734233856,2.00358001368,0.866168606269,1.10385701807,0.0,0.0,2.11050472087,-0.176718928266,-0.476686431498,0.287244579651,0.0532199398877,0.258396012124,0.100955424688,-2.31259456029e-13,0.0,-7.85046229342e-16,-1.37383090135e-16,0.95989754984,-1.11823052429,0.93822298791,0.397583447958,-0.553514963462,-1.01022087555,0.584933094223,0.244934681262,0.306932428776,-0.0474412426566,-0.043602152244,-4.7517545454e-14,0.0,-1.86448479469e-16,2.39586128714e-13,0.0,-1.29532627841e-15,-2.09999866349e-15,-2.3397950244e-14,0.0,0.0,0.0,0.0,0.0,0.0,0.0,0.0,0.0,0.0,0.0,0.0,0.0,0.0
0.00999522209167,2.00310026537,0.867223928279,1.10382155664,0.0,0.0,2.10992662487,-0.181097652203,-0.47822148809,0.293237850886,0.0528466938775,0.257744483765,0.100587868406,-2.31703545239e-13,0.0,-1.05981240961e-15,0.0,0.966754841545,-1.13115588062,0.933110454188,0.397862684836,-0.539040014036,-0.991824673683,0.592759039294,0.244500355819,0.308936754795,-0.0455027928303,-0.0437047985325,-4.76285677564e-14,0.0,0.0,2.40363284831e-13,0.0,-8.24298540809e-16,-2.01168096269e-15,-2.34257058196e-14,0.0,0.0,0.0,0.0,0.0,0.0,0.0,0.0,0.0,0.0,0.0,0.0,0.0,0.0
0.0100018978119,2.00284097374,0.868180099135,1.10350930078,0.0,0.0,2.11545888497,-0.180997620041,-0.48104305413,0.292760561179,0.0524466857485,0.257761118763,0.0998072052867,-2.33035812869e-13,0.0,-1.13831703255e-15,0.0,0.970511711195,-1.14306517632,0.929627599469,0.397738272545,-0.524676927349,-0.975108142496,0.602802265484,0.244808585318,0.311916482458,-0.0352287098864,-0.0460990662517,-4.77395900589e-14,0.0,0.0,2.41806574763e-13,0.0,-1.53084014722e-15,-2.12943789709e-15,-2.3397950244e-14,0.0,0.0,0.0,0.0,0.0,0.0,0.0,0.0,0.0,0.0,0.0,0.0,0.0,0.0
0.0101115703583,2.00214642034,0.869196151481,1.1033344961,0.0,0.0,2.11622627559,-0.181278584848,-0.481346837815,0.296947260121,0.0532136779054,0.257872048422,0.0987951214923,-2.34368080498e-13,0.0,-9.22429319477e-16,4.31775426138e-16,0.971789640415,-1.15194306983,0.92545639627,0.397381615765,-0.512300096752,-0.962640041651,0.615187560823,0.244872900481,0.316880096009,-0.0273451577302,-0.0466069150914,-4.78506123613e-14,0.0,0.0,2.43360886998e-13,0.0,-1.49158783575e-15,-2.17850328642e-15,-2.34950947586e-14,0.0,0.0,0.0,0.0,0.0,0.0,0.0,0.0,0.0,0.0,0.0,0.0,0.0,0.0
0.0099835395813,2.00180436914,0.870127522095,1.10320888574,0.0,0.0,2.120771621,-0.18084146192,-0.484514619482,0.297545197031,0.0529986294565,0.258022837273,0.0983787726794,-2.35034214313e-13,0.0,-8.63550852276e-16,3.92523114671e-16,0.976785789984,-1.16028405073,0.925514898349,0.397425071365,-0.518356844799,-0.946135335319,0.616233465397,0.244861137734,0.327858394277,-0.0295806002562,-0.0487143491658,-4.78506123613e-14,0.0,0.0,2.45026221535e-13,0.0,-1.64859708162e-15,-2.19812944216e-15,-2.35922392733e-14,0.0,0.0,0.0,0.0,0.0,0.0,0.0,0.0,0.0,0.0,0.0,0.0,0.0,0.0
0.00983357429504,2.00152748178,0.87114172082,1.10320827539,0.0,0.0,2.12840836106,-0.178521193858,-0.488450888427,0.29429460373,0.0526795274609,0.257991070416,0.0975809397646,-2.35922392733e-13,0.0,-8.8317700801e-16,3.63083881071e-16,0.980168980724,-1.17115541125,0.921091049523,0.396885397027,-0.507472141883,-0.932292782961,0.623605039274,0.245408964169,0.336247904008,-0.0132785766113,-0.0519887726158,-4.85167461761e-14,0.0,0.0,2.47246667584e-13,0.0,-1.53084014722e-15,-2.21775559789e-15,-2.37865283026e-14,0.0,0.0,0.0,0.0,0.0,0.0,0.0,0.0,0.0,0.0,0.0,0.0,0.0,0.0
0.0101120471954,2.00086643666,0.872138822963,1.10309078271,0.0,0.0,2.12992417779,-0.17879270274,-0.488382391807,0.297431020694,0.0530011310305,0.257535829021,0.0968366808711,-2.3625545964e-13,0.0,-7.65420073608e-16,0.0,0.982485326471,-1.1780124513,0.918373458759,0.397273831488,-0.504645913453,-0.922486769627,0.628206912658,0.24520282221,0.344392183567,-0.0073270311084,-0.054435232268,-4.85167461761e-14,0.0,0.0,2.49245069028e-13,0.0,-1.49158783575e-15,-1.94298941762e-15,-2.39391839685e-14,0.0,0.0,0.0,0.0,0.0,0.0,0.0,0.0,0.0,0.0,0.0,0.0,0.0,0.0
0.00993824005127,2.00038563552,0.873005198991,1.10285628565,0.0,0.0,2.13193653875,-0.179750010326,-0.489026109771,0.300786615989,0.0525884157325,0.257271300963,0.0962197893879,-2.36144437338e-13,0.0,-5.49532360539e-16,0.0,0.986678540541,-1.18604703306,0.912779954841,0.397338795307,-0.496057319521,-0.908550164624,0.636285712192,0.245354192346,0.359629471281,0.00404558690432,-0.058151682857,-4.88498130835e-14,0.0,0.0,2.51909604287e-13,0.0,-1.37383090135e-15,-1.51121399148e-15,-2.41334729978e-14,0.0,0.0,0.0,0.0,0.0,0.0,0.0,0.0,0.0,0.0,0.0,0.0,0.0,0.0
0.00996589660645,1.99993676393,0.873896078871,1.10274105127,0.0,0.0,2.13474059663,-0.180468474919,-0.4916394692,0.302723700708,0.052754773007,0.257406275639,0.0958650668817,-2.3669954885e-13,0.0,-1.15794318828e-15,3.92523114671e-16,0.990379460367,-1.19261060183,0.910633339212,0.397052293146,-0.498735158247,-0.897212249304,0.622391772023,0.245518216811,0.371606648982,0.0231663181042,-0.0616391860411,-4.91828799909e-14,0.0,0.0,2.54574139547e-13,0.0,-1.49158783575e-15,-1.33457858988e-15,-2.42167397246e-14,0.0,0.0,0.0,0.0,0.0,0.0,0.0,0.0,0.0,0.0,0.0,0.0,0.0,0.0
0.0100655555725,1.99941072015,0.874906025549,1.10247170312,0.0,0.0,2.13701360397,-0.18135009058,-0.491588536815,0.305386143675,0.0526671996418,0.257091106438,0.0957845281893,-2.39031017202e-13,0.0,-7.85046229342e-16,3.43457725337e-16,0.994009906351,-1.19756774108,0.901375902839,0.396665360836,-0.49043814739,-0.888541512658,0.622274117987,0.245949079665,0.38863938413,0.0332236467383,-0.067295737519,-4.95159468983e-14,0.0,0.0,2.5923707625e-13,0.0,-1.64859708162e-15,-9.02803163743e-16,-2.42167397246e-14,0.0,0.0,0.0,0.0,0.0,0.0,0.0,0.0,0.0,0.0,0.0,0.0,0.0,0.0
0.0100555419922,1.99894636085,0.87555046662,1.1021917959,0.0,0.0,2.13613462704,-0.183548203213,-0.492941403232,0.311324819874,0.0530462447677,0.257347914505,0.0948607588566,-2.39697151017e-13,0.0,-8.63550852276e-16,3.0420541387e-16,0.996020090854,-1.20392348515,0.899677404385,0.396509936734,-0.488118416571,-0.877898437581,0.614559458959,0.245631036026,0.392090448932,0.0565972606094,-0.0688330572693,-4.96269692007e-14,0.0,0.0,2.6012525467e-13,0.0,-1.60934477015e-15,-9.71494708811e-16,-2.43277620271e-14,0.0,0.0,0.0,0.0,0.0,0.0,0.0,0.0,0.0,0.0,0.0,0.0,0.0,0.0
0.0100286006927,1.99852105181,0.876450913615,1.10204518946,0.0,0.0,2.14366574877,-0.179866283302,-0.494844878742,0.307659670857,0.0523773724552,0.256989198177,0.0943249442834,-2.40807374041e-13,0.0,-6.67289294941e-16,7.16354684274e-16,0.999190386789,-1.20961520313,0.894663051751,0.396996475842,-0.486232574762,-0.8684763911,0.605941792606,0.245594264232,0.404763704337,0.0728999364973,-0.0732968897798,-4.98490138057e-14,0.0,0.0,2.61235477694e-13,0.0,-1.60934477015e-15,-6.18223905607e-16,-2.47302178735e-14,0.0,0.0,0.0,0.0,0.0,0.0,0.0,0.0,0.0,0.0,0.0,0.0,0.0,0.0
0.00980544090271,1.99795761902,0.877217419716,1.10189357812,0.0,0.0,2.14809940451,-0.177808321975,-0.496474636564,0.307869686566,0.0526170883275,0.256889551661,0.0937567725321,-2.40918396344e-13,0.0,-5.29906204806e-16,1.08925164321e-15,1.00009075329,-1.21459667572,0.885233580627,0.396507111107,-0.478213442768,-0.86309946934,0.595085602359,0.245982972728,0.419250040431,0.0924929930409,-0.0796135805669,-5.03486141668e-14,0.0,0.0,2.62123656114e-13,0.0,-1.53084014722e-15,-6.67289294941e-16,-2.51187959321e-14,0.0,0.0,0.0,0.0,0.0,0.0,0.0,0.0,0.0,0.0,0.0,0.0,0.0,0.0
0.00999736785889,1.99727457931,0.877872378963,1.10149263818,0.0,0.0,2.14836033086,-0.178268933098,-0.497566080211,0.312518646599,0.0519988016777,0.25678828521,0.0930496534561,-2.42694753183e-13,0.0,-3.63083881071e-16,9.22429319477e-16,1.00113661654,-1.21990275791,0.878171668743,0.396252660144,-0.470396276963,-0.854913129746,0.589569767498,0.246542915249,0.4255811055,0.103023827605,-0.0806381761048,-5.09037256791e-14,0.0,0.0,2.62456723021e-13,0.0,-1.64859708162e-15,-4.71027737605e-16,-2.52853293858e-14,0.0,0.0,0.0,0.0,0.0,0.0,0.0,0.0,0.0,0.0,0.0,0.0,0.0,0.0
0.010053396225,1.99666501885,0.878832266648,1.10118996485,0.0,0.0,2.15034866928,-0.177899806591,-0.496064435012,0.313914687971,0.052500788244,0.256441895693,0.0923288241843,-2.4391599851e-13,0.0,-2.55140024536e-16,8.34111618676e-16,1.00295433617,-1.22067778228,0.878117242577,0.396122596124,-0.472833486884,-0.846451530638,0.58949082913,0.246526614732,0.423422320122,0.109979970309,-0.0790641984244,-5.09592368303e-14,0.0,0.0,2.64677169071e-13,0.0,-1.80560632749e-15,-6.86915450674e-16,-2.52159404468e-14,0.0,0.0,0.0,0.0,0.0,0.0,0.0,0.0,0.0,0.0,0.0,0.0,0.0,0.0
0.00990962982178,1.99624783252,0.879768342061,1.10115041406,0.0,0.0,2.15623135481,-0.177283482686,-0.497019941198,0.31184687473,0.0523083500513,0.255703255699,0.0921628272589,-2.45359288442e-13,0.0,-6.3785006134e-16,8.24298540809e-16,1.00622636666,-1.22545002178,0.868912147111,0.395958217466,-0.459961416946,-0.838490870649,0.602946466971,0.24612141246,0.420368312173,0.109658509748,-0.0781129344289,-5.08482145278e-14,0.0,0.0,2.6645352591e-13,0.0,-1.96261557335e-15,-5.20093126939e-16,-2.53685961127e-14,0.0,0.0,0.0,0.0,0.0,0.0,0.0,0.0,0.0,0.0,0.0,0.0,0.0,0.0
0.0100927352905,1.99601591424,0.880412062755,1.10099514062,0.0,0.0,2.16194545471,-0.175425391595,-0.499284259494,0.30925945674,0.052739311713,0.255617029344,0.0917130246265,-2.45858888803e-13,0.0,-5.49532360539e-16,1.00093394241e-15,1.00786702068,-1.22839064489,0.865725718058,0.395155413989,-0.457628808802,-0.833922226568,0.61122065181,0.246653873283,0.425197137647,0.117683730621,-0.079631965629,-5.1125770284e-14,0.0,-5.98597749873e-16,2.660094367e-13,0.0,-1.84485863895e-15,-6.18223905607e-16,-2.55351295664e-14,0.0,0.0,0.0,0.0,0.0,0.0,0.0,0.0,0.0,0.0,0.0,0.0,0.0,0.0
0.0101051330566,1.99525871238,0.880815391831,1.10058040674,0.0,0.0,2.15968485687,-0.1753418096,-0.498753796047,0.315795604271,0.0526495159897,0.255522365966,0.0912546897735,-2.47024622979e-13,0.0,-9.71494708811e-16,6.57476217074e-16,1.00787033142,-1.23116103544,0.869713914375,0.394923143054,-0.45955547409,-0.826308526033,0.616641858748,0.246910295386,0.421375775743,0.115542276763,-0.0785266563998,-5.07927033766e-14,0.0,-2.15887713069e-16,2.66675570515e-13,0.0,-1.96261557335e-15,-4.71027737605e-16,-2.5923707625e-14,0.0,0.0,0.0,0.0,0.0,0.0,0.0,0.0,0.0,0.0,0.0,0.0,0.0,0.0
0.0100800991058,1.99471853876,0.881339162351,1.10022487696,0.0,0.0,2.16653373434,-0.17049363843,-0.499987221406,0.312932770214,0.0529442829533,0.255558433677,0.0906919212245,-2.47912801399e-13,0.0,-1.22663473335e-15,8.92990085876e-16,1.00535063782,-1.23429218503,0.868075657025,0.394894647795,-0.454116884836,-0.822866842268,0.632922074409,0.24691200664,0.42826483481,0.100858586088,-0.0831070253784,-5.1125770284e-14,0.0,0.0,2.67119659725e-13,0.0,-2.04112019629e-15,-5.20093126939e-16,-2.60902410787e-14,0.0,0.0,0.0,0.0,0.0,0.0,0.0,0.0,0.0,0.0,0.0,0.0,0.0,0.0
0.00981426239014,1.99443103566,0.881858505784,1.10001412256,0.0,0.0,2.16853563187,-0.171507315594,-0.501916543205,0.31492297005,0.0525430236672,0.255221952368,0.0905455324818,-2.4796831255e-13,0.0,-7.16354684274e-16,8.04672385075e-16,1.00765286085,-1.23772219869,0.87368853757,0.394979826718,-0.461559189611,-0.814272291643,0.639398450841,0.24714848936,0.431956628707,0.0941871660871,-0.0836595812551,-5.10702591328e-14,0.0,0.0,2.68340905052e-13,0.0,-1.92336326189e-15,-7.06541606408e-16,-2.61179966543e-14,0.0,0.0,0.0,0.0,0.0,0.0,0.0,0.0,0.0,0.0,0.0,0.0,0.0,0.0
0.0100815296173,1.99409862874,0.882131325189,1.09980977685,0.0,0.0,2.16702115864,-0.173523992438,-0.503353677254,0.320880547482,0.0524897669276,0.255337699846,0.0904251862419,-2.48190357155e-13,0.0,-7.85046229342e-16,8.92990085876e-16,1.00743115848,-1.24266969383,0.867628246958,0.395688308571,-0.450047923788,-0.814728837658,0.662642337966,0.246178482969,0.43044920959,0.0933280727102,-0.0848387102682,-5.12923037377e-14,0.0,-1.47196168002e-16,2.70672373404e-13,0.0,-1.92336326189e-15,-6.3785006134e-16,-2.65343302885e-14,0.0,0.0,0.0,0.0,0.0,0.0,0.0,0.0,0.0,0.0,0.0,0.0,0.0,0.0
0.00993585586548,1.99341073821,0.882423766648,1.0994608999,0.0,0.0,2.16608071702,-0.173259163767,-0.50330495204,0.32596192391,0.0525404850415,0.255352168173,0.0901603971383,-2.49633647087e-13,0.0,-8.63550852276e-16,8.73363930143e-16,1.00575508926,-1.24492712999,0.872693219351,0.395263642241,-0.450478528548,-0.808096051387,0.672930278577,0.246608461711,0.438433708161,0.0819472491665,-0.0872918495326,-5.16253706451e-14,0.0,0.0,2.71116462613e-13,0.0,-2.23738175362e-15,-6.28036983474e-16,-2.69506639228e-14,0.0,0.0,0.0,0.0,0.0,0.0,0.0,0.0,0.0,0.0,0.0,0.0,0.0,0.0
0.00994825363159,1.99307266111,0.882787341664,1.09922536523,0.0,0.0,2.17081651582,-0.171147740443,-0.50556264311,0.325496095739,0.0519755562582,0.255010969134,0.0897395005089,-2.50188758599e-13,0.0,-9.61681630944e-16,7.94859307209e-16,1.00459541585,-1.24933546465,0.880350881033,0.395936869153,-0.455051215143,-0.800386484266,0.67071586069,0.246563620096,0.440127769549,0.0792330848223,-0.0885101032512,-5.21249710062e-14,0.0,-1.76635401602e-16,2.70228284194e-13,0.0,-2.27663406509e-15,-6.0841082774e-16,-2.69506639228e-14,0.0,0.0,0.0,0.0,0.0,0.0,0.0,0.0,0.0,0.0,0.0,0.0,0.0,0.0
0.010018825531,1.9929632499,0.883030286642,1.09899971826,0.0,0.0,2.17585407918,-0.168811980729,-0.508782866057,0.323681392383,0.0519691051286,0.255316772526,0.0892628604066,-2.49078535575e-13,0.0,-1.14813011041e-15,7.35980840008e-16,1.00252284244,-1.25396802885,0.876391744379,0.395771234288,-0.444965125645,-0.798937953989,0.687795800691,0.246297933068,0.441671821991,0.0695033066893,-0.0918209977312,-5.22359933086e-14,0.0,0.0,2.70672373404e-13,0.0,-2.39439099949e-15,-6.0841082774e-16,-2.70339306496e-14,0.0,0.0,0.0,0.0,0.0,0.0,0.0,0.0,0.0,0.0,0.0,0.0,0.0,0.0
0.0102064609528,1.99281890881,0.883295258397,1.09879183252,0.0,0.0,2.17803871358,-0.168174879425,-0.511200109976,0.324016877947,0.0517892765303,0.255217967645,0.088682989837,-2.47635245643e-13,0.0,-1.52102706935e-15,8.04672385075e-16,1.00227129978,-1.25827085886,0.881383587181,0.395973934716,-0.444968303884,-0.79372153375,0.68647840401,0.246475492015,0.441823817394,0.0741886781315,-0.089146515398,-5.23470156111e-14,0.0,0.0,2.71671574126e-13,0.0,-2.23738175362e-15,-5.69158516273e-16,-2.71310751643e-14,0.0,0.0,0.0,0.0,0.0,0.0,0.0,0.0,0.0,0.0,0.0,0.0,0.0,0.0
0.00968933105469,1.99264263413,0.883718550497,1.09857534082,0.0,0.0,2.18339954205,-0.165676621797,-0.513019936891,0.321102291625,0.0514522839517,0.255054304664,0.088352769517,-2.47746267945e-13,0.0,-1.49158783575e-15,7.45793917875e-16,1.00215221477,-1.26119312315,0.878989830774,0.396394712354,-0.439272123833,-0.791313136555,0.694338110227,0.246091704835,0.444207763098,0.0756798257929,-0.09019248353,-5.23470156111e-14,0.0,0.0,2.72448730243e-13,0.0,-2.15887713069e-15,-9.1261624161e-16,-2.70894418009e-14,0.0,0.0,0.0,0.0,0.0,0.0,0.0,0.0,0.0,0.0,0.0,0.0,0.0,0.0
0.010204076767,1.99216022967,0.884350964274,1.09811214502,0.0,0.0,2.188357327,-0.162566568349,-0.512941023094,0.31769937379,0.051882596497,0.255157550616,0.0881344006042,-2.49966713994e-13,0.0,-1.54065322508e-15,8.53737774409e-16,0.999912122464,-1.26019984161,0.894548100534,0.395501557793,-0.447825601624,-0.784198696069,0.682575268005,0.246910572392,0.441642818718,0.0717559676925,-0.0917933651035,-5.23470156111e-14,0.0,0.0,2.74780198595e-13,0.0,-2.27663406509e-15,-8.43924696543e-16,-2.71588307399e-14,0.0,0.0,0.0,0.0,0.0,0.0,0.0,0.0,0.0,0.0,0.0,0.0,0.0,0.0
0.010112285614,1.99187278703,0.884585065597,1.09798586328,0.0,0.0,2.18645971381,-0.164843619927,-0.514303554458,0.322561892784,0.0517482389603,0.254993420621,0.0879193454971,-2.52076137741e-13,0.0,-1.65841015948e-15,7.45793917875e-16,1.00090168403,-1.26167926852,0.901583901605,0.39520266655,-0.456789285147,-0.776680389387,0.674664790444,0.247423459796,0.446069939973,0.0740375639693,-0.0925966456896,-5.34017274845e-14,0.0,0.0,2.76667577737e-13,0.0,-2.23738175362e-15,-1.01074702028e-15,-2.71310751643e-14,0.0,0.0,0.0,0.0,0.0,0.0,0.0,0.0,0.0,0.0,0.0,0.0,0.0,0.0
0.00980091094971,1.99182770346,0.884819871565,1.09774404199,0.0,0.0,2.19025435782,-0.163632669335,-0.515925783576,0.320576618737,0.0516984766042,0.255010050974,0.0878439007141,-2.52409204649e-13,0.0,-1.75654093815e-15,8.8317700801e-16,1.00112794711,-1.26331246841,0.900286478673,0.395119949572,-0.454088692048,-0.774214911718,0.681505410526,0.247839031279,0.451568472551,0.0694693246762,-0.0942125265872,-5.36237720894e-14,0.0,0.0,2.75890421619e-13,0.0,-1.84485863895e-15,-6.57476217074e-16,-2.77000644644e-14,0.0,0.0,0.0,0.0,0.0,0.0,0.0,0.0,0.0,0.0,0.0,0.0,0.0,0.0
0.0101969242096,1.9917291627,0.885047697828,1.09758504541,0.0,0.0,2.19299771581,-0.163327440005,-0.516642467019,0.319974806718,0.0519813475645,0.254997583541,0.0876690725502,-2.53630449976e-13,0.0,-1.76635401602e-15,7.35980840008e-16,1.00116844006,-1.26596998957,0.892128264447,0.396663851793,-0.444924466878,-0.776268384785,0.696647917693,0.246233604114,0.453226757153,0.0646711597923,-0.0958152936617,-5.33462163332e-14,0.0,2.06074635202e-16,2.73780997873e-13,0.0,-1.60934477015e-15,-8.53737774409e-16,-2.79359868571e-14,0.0,0.0,0.0,0.0,0.0,0.0,0.0,0.0,0.0,0.0,0.0,0.0,0.0,0.0
0.00995230674744,1.99153022589,0.885337739585,1.09748281152,0.0,0.0,2.19541098011,-0.163013848292,-0.517032487746,0.319930411879,0.052297319514,0.254950651046,0.0875497462039,-2.53852494581e-13,0.0,-1.53084014722e-15,6.0841082774e-16,0.999131070483,-1.26486030413,0.900513777695,0.395683858404,-0.449186334431,-0.77153201044,0.692847409899,0.247263615071,0.454308571321,0.0671382158317,-0.0965580090464,-5.36792832406e-14,0.0,0.0,2.75779399317e-13,0.0,-1.60934477015e-15,-4.90653893339e-16,-2.82968093401e-14,0.0,0.0,0.0,0.0,0.0,0.0,0.0,0.0,0.0,0.0,0.0,0.0,0.0,0.0
0.0100581645966,1.99124928309,0.885540567386,1.09727040918,0.0,0.0,2.19550753472,-0.162934030656,-0.517383519829,0.322099653508,0.0523811847452,0.254929326281,0.0873823534229,-2.55739873722e-13,0.0,-1.54065322508e-15,5.29906204806e-16,0.998271695725,-1.26465104671,0.902765970555,0.395930979796,-0.452522283332,-0.769511294914,0.69523126832,0.247462220576,0.457778430894,0.0631151365792,-0.0960528258683,-5.3290705182e-14,0.0,0.0,2.76889622342e-13,0.0,-1.64859708162e-15,-5.69158516273e-16,-2.84217094304e-14,0.0,0.0,0.0,0.0,0.0,0.0,0.0,0.0,0.0,0.0,0.0,0.0,0.0,0.0
0.00974154472351,1.99090062972,0.885739623951,1.09710671289,0.0,0.0,2.19719044071,-0.161502770714,-0.518222671244,0.32202524875,0.0522852298031,0.254820067267,0.0873390403151,-2.57072141352e-13,0.0,-1.47196168002e-15,8.34111618676e-16,0.997864391445,-1.26536202159,0.907893756562,0.39589281152,-0.45631539131,-0.764542977153,0.693035892709,0.247593106771,0.461133041222,0.0576949616095,-0.0968539576618,-5.45119505091e-14,0.0,0.0,2.77555756156e-13,0.0,-1.17756934401e-15,-2.94392336003e-16,-2.86853873988e-14,0.0,0.0,0.0,0.0,0.0,0.0,0.0,0.0,0.0,0.0,0.0,0.0,0.0,0.0
0.010044336319,1.99070145846,0.886054959249,1.09695961817,0.0,0.0,2.20061175573,-0.159287191078,-0.519444608426,0.319333003576,0.0521258901287,0.254801935375,0.0872216316685,-2.58515431284e-13,0.0,-1.66822323735e-15,7.94859307209e-16,0.997759110501,-1.26643544126,0.905240872664,0.396083648156,-0.450858694403,-0.764040548665,0.702315454686,0.247308872959,0.458026251151,0.0566500813761,-0.0979045110958,-5.50670620214e-14,0.0,0.0,2.77111666946e-13,0.0,-1.21682165548e-15,-5.39719282673e-16,-2.90184543061e-14,0.0,0.0,0.0,0.0,0.0,0.0,0.0,0.0,0.0,0.0,0.0,0.0,0.0,0.0
0.00998830795288,1.99045977242,0.886289489948,1.09684645898,0.0,0.0,2.20103395178,-0.159138740328,-0.519612116997,0.319921586604,0.0522744489711,0.254889345538,0.0871107781751,-2.59403609704e-13,0.0,-1.48177475788e-15,9.91120864544e-16,0.997977194149,-1.26583247819,0.90475280801,0.396378863872,-0.4509584935,-0.763156787759,0.701881292536,0.24703006463,0.460258685783,0.0547051561449,-0.0995151346133,-5.52891066263e-14,0.0,0.0,2.74447131687e-13,0.0,-9.4205547521e-16,0.0,-2.90878432452e-14,0.0,0.0,0.0,0.0,0.0,0.0,0.0,0.0,0.0,0.0,0.0,0.0,0.0,0.0
0.00992703437805,1.99035224129,0.886546583661,1.09672481592,0.0,0.0,2.2027065507,-0.158742678395,-0.520045457302,0.319157611681,0.0523516809985,0.255069772585,0.0869592461733,-2.60513832728e-13,0.0,-1.10887779895e-15,4.71027737605e-16,0.997386226592,-1.26503072033,0.903117948601,0.396083643732,-0.446058735651,-0.762341258228,0.707913817533,0.247411367499,0.453580766366,0.0581731023845,-0.0976820454827,-5.545564008e-14,0.0,0.0,2.75335310107e-13,0.0,-5.49532360539e-16,-1.57009245868e-16,-2.90323320939e-14,0.0,0.0,0.0,0.0,0.0,0.0,0.0,0.0,0.0,0.0,0.0,0.0,0.0,0.0
0.0101239681244,1.99024331547,0.886727453314,1.09664064843,0.0,0.0,2.20255572749,-0.159632635024,-0.519941711443,0.320357653288,0.0523729407549,0.255109558544,0.0868843365826,-2.61846100358e-13,0.0,-1.12850395468e-15,4.31775426138e-16,0.997899382329,-1.26395559659,0.900596065065,0.396294095461,-0.443662420483,-0.761020543777,0.715646025062,0.247383526313,0.450281916798,0.0531696566067,-0.0973224323949,-5.54001289288e-14,0.0,-3.23831569604e-16,2.74780198595e-13,0.0,-3.92523114671e-16,-1.66822323735e-16,-2.90392709879e-14,0.0,0.0,0.0,0.0,0.0,0.0,0.0,0.0,0.0,0.0,0.0,0.0,0.0,0.0
0.0101492404938,1.98997079811,0.886942688127,1.09644374903,0.0,0.0,2.20248920377,-0.159329355034,-0.518807361763,0.3205499253,0.0525074111432,0.255145209414,0.086731486176,-2.62734278778e-13,0.0,-1.00093394241e-15,4.21962348271e-16,0.997669709362,-1.26178835066,0.900590546724,0.396258608511,-0.442431760634,-0.760205825629,0.717581322333,0.247527675936,0.446977088239,0.0486122240256,-0.0983397505275,-5.53446177776e-14,0.0,-5.29906204806e-16,2.76223488527e-13,0.0,-3.92523114671e-16,0.0,-2.91988655476e-14,0.0,0.0,0.0,0.0,0.0,0.0,0.0,0.0,0.0,0.0,0.0,0.0,0.0,0.0
0.00999546051025,1.98986387757,0.887011716216,1.09645925195,0.0,0.0,2.20100339265,-0.160814209074,-0.518823069718,0.322987789315,0.0524783928122,0.255104997035,0.086692060933,-2.61846100358e-13,0.0,-1.14813011041e-15,3.82710036804e-16,0.997934987554,-1.25986914924,0.895039890687,0.395842535881,-0.4385386179,-0.760853351794,0.718249067395,0.248114331571,0.439592201351,0.0525908513922,-0.0972813448965,-5.52891066263e-14,0.0,-7.35980840008e-16,2.77666778459e-13,0.0,-4.71027737605e-16,-1.96261557335e-16,-2.96151991819e-14,0.0,0.0,0.0,0.0,0.0,0.0,0.0,0.0,0.0,0.0,0.0,0.0,0.0,0.0
0.00982999801636,1.98981562883,0.887089619218,1.09650228173,0.0,0.0,2.20163220919,-0.160884218951,-0.518895122063,0.322721231033,0.0524158967786,0.254999188794,0.0866485291429,-2.63622457197e-13,0.0,-1.10887779895e-15,4.51401581872e-16,0.998044272617,-1.25862273224,0.895717505012,0.396021161894,-0.438589607961,-0.760205494671,0.717018998401,0.248356383091,0.433213281208,0.0564219499222,-0.0960744030166,-5.54001289288e-14,0.0,-8.14485462942e-16,2.78221889971e-13,0.0,-3.53270803204e-16,0.0,-2.99760216649e-14,0.0,0.0,0.0,0.0,0.0,0.0,0.0,0.0,0.0,0.0,0.0,0.0,0.0,0.0
0.0100436210632,1.98994937167,0.887031370146,1.09671639307,0.0,0.0,2.20125516371,-0.162466010767,-0.520492595966,0.324056565844,0.0521669711526,0.254934522335,0.0866705095479,-2.64621657919e-13,0.0,-1.09906472108e-15,6.67289294941e-16,0.998096931189,-1.25967217489,0.889195492987,0.395869591002,-0.430655514055,-0.761324766328,0.727524647426,0.248475441967,0.425939223443,0.057233565596,-0.0955555744316,-5.6177285046e-14,0.0,-1.05981240961e-15,2.78110867669e-13,0.0,-5.88784672006e-16,0.0,-3.01286773308e-14,0.0,0.0,0.0,0.0,0.0,0.0,0.0,0.0,0.0,0.0,0.0,0.0,0.0,0.0
0.0101113319397,1.98988695717,0.887032790313,1.09681502588,0.0,0.0,2.2009128489,-0.162715673832,-0.520763980601,0.324437183523,0.0521269645816,0.254880564797,0.0866189352505,-2.64732680222e-13,0.0,-9.32242397343e-16,4.31775426138e-16,0.998525077397,-1.25868645287,0.891456570837,0.39634803734,-0.43504996855,-0.760917558192,0.722741135737,0.248356972426,0.424698673945,0.0562938241801,-0.097067522832,-5.61217738948e-14,0.0,-1.22663473335e-15,2.78999046088e-13,0.0,-3.53270803204e-16,0.0,-3.0184188482e-14,0.0,0.0,0.0,0.0,0.0,0.0,0.0,0.0,0.0,0.0,0.0,0.0,0.0,0.0
0.00997233390808,1.98990255441,0.887032685189,1.09690902002,0.0,0.0,2.20183452327,-0.162271073981,-0.521211084335,0.323148605755,0.0520995592287,0.254814978279,0.0865689942448,-2.65398814037e-13,0.0,-8.24298540809e-16,6.77102372807e-16,0.999211865868,-1.25763476675,0.89504048841,0.396850483335,-0.441598212827,-0.759941142772,0.716277668703,0.248379455162,0.427935452076,0.0500627616951,-0.0973863541788,-5.65658631047e-14,0.0,-1.11869087681e-15,2.82995848977e-13,0.0,6.28036983474e-16,0.0,-3.06074610101e-14,0.0,0.0,0.0,0.0,0.0,0.0,0.0,0.0,0.0,0.0,0.0,0.0,0.0,0.0
