0.0,1.88659619057,0.873975851886,1.20319356592,0.0,0.0,1.95701562352,0.037125340249,-0.344569064386,0.240178545551,0.0574273576457,0.238779404627,0.132988511348,-8.881784197e-16,0.0,0.0,0.0,0.370639861814,-0.856895416172,-0.107987201746,0.364496181438,0.815255474273,-0.146226145224,1.97834754807,0.291009118183,-0.107857871716,0.169908163411,0.00675435672394,-2.22044604925e-16,0.0,0.0,6.66133814775e-16,0.0,0.0,0.0,0.0,0.0,0.0,0.0,0.0,0.0,0.0,0.0,0.0,0.0,0.0,0.0,0.0,0.0,0.0
0.0101730823517,1.88647736198,0.873604592862,1.2033537832,0.0,0.0,1.95658812518,0.0363076833066,-0.342777784907,0.239966309966,0.0576240752043,0.23879225676,0.133245866854,-8.881784197e-16,0.0,0.0,0.0,0.365679493495,-0.851071363421,-0.108644933327,0.364268025251,0.825071391261,-0.150817314399,1.98949349103,0.29098337908,-0.11492863143,0.168997136108,0.00696779409321,-3.33066907388e-16,0.0,1.47196168002e-16,2.88657986403e-15,0.0,0.0,0.0,0.0,0.0,0.0,0.0,0.0,0.0,0.0,0.0,0.0,0.0,0.0,0.0,0.0,0.0,0.0
0.00983810424805,1.88636985839,0.873209769682,1.20354415186,0.0,0.0,1.95688145213,0.0361249729493,-0.341698870777,0.238773888398,0.0571541336273,0.238695627953,0.133722724137,-1.7763568394e-15,0.0,0.0,0.0,0.361589110591,-0.848037207544,-0.115178133842,0.364240598761,0.839129973614,-0.147190743046,1.99428142368,0.290597441095,-0.122675828609,0.177165097163,0.00742290100318,-6.66133814775e-16,0.0,-1.47196168002e-16,2.6645352591e-15,0.0,2.7476618027e-16,0.0,0.0,0.0,0.0,0.0,0.0,0.0,0.0,0.0,0.0,0.0,0.0,0.0,0.0,0.0,0.0
0.00991797447205,1.88619758666,0.872895933707,1.20371633203,0.0,0.0,1.9564616984,0.0359950514757,-0.339763071433,0.237516124862,0.0567606347775,0.238798698558,0.134165304357,-2.22044604925e-15,0.0,0.0,-4.80840815472e-16,0.358162806536,-0.841681254568,-0.113504969675,0.363996136675,0.851038045041,-0.155487690059,2.00545744974,0.290261572408,-0.116273322956,0.173933882921,0.00650388283122,-1.38777878078e-15,0.0,0.0,4.4408920985e-16,0.0,5.88784672006e-16,1.27570012268e-16,-2.22044604925e-16,0.0,0.0,0.0,0.0,0.0,0.0,0.0,0.0,0.0,0.0,0.0,0.0,0.0,0.0
0.0101218223572,1.88613373654,0.872619554964,1.20393001611,0.0,0.0,1.95665155477,0.0333985225974,-0.336591116832,0.236150020303,0.0567262581974,0.238474870199,0.134670173658,-2.44249065418e-15,0.0,-2.15887713069e-16,-1.03037317601e-15,0.353375622669,-0.835747992599,-0.121197662248,0.364610317288,0.868329738455,-0.148989852143,2.02079337147,0.289439212078,-0.126108087932,0.184795554483,0.00705998140365,-2.22044604925e-15,0.0,0.0,8.881784197e-16,0.0,5.10280049072e-16,0.0,0.0,0.0,0.0,0.0,0.0,0.0,0.0,0.0,0.0,0.0,0.0,0.0,0.0,0.0,0.0
0.00987958908081,1.88604391327,0.872244610922,1.20420729883,0.0,0.0,1.95520588349,0.0303274862567,-0.335310525776,0.236177024856,0.0565135075473,0.238404683401,0.134926037739,-3.77475828373e-15,0.0,-2.55140024536e-16,-1.17756934401e-15,0.348680010258,-0.827850515229,-0.121582788033,0.364341570563,0.883472859465,-0.152956913589,2.03532408427,0.289508952055,-0.129822146852,0.180058673202,0.00736514925769,-2.60902410787e-15,0.0,3.23831569604e-16,3.33066907388e-15,0.0,7.85046229342e-16,0.0,0.0,0.0,0.0,0.0,0.0,0.0,0.0,0.0,0.0,0.0,0.0,0.0,0.0,0.0,0.0
0.0100688934326,1.88591181227,0.871703007204,1.20447390039,0.0,0.0,1.95384424522,0.0287527267409,-0.333127177124,0.234891425812,0.0557048934635,0.238348679563,0.135506224878,-2.88657986403e-15,0.0,-2.15887713069e-16,-1.17756934401e-15,0.346634582178,-0.821101355651,-0.12448751774,0.364082754339,0.900125494506,-0.152277407504,2.0421491196,0.289328124661,-0.133211358946,0.191124677817,0.00779755789169,-2.6645352591e-15,0.0,0.0,2.6645352591e-15,0.0,1.17756934401e-15,-2.45326946669e-16,0.0,0.0,0.0,0.0,0.0,0.0,0.0,0.0,0.0,0.0,0.0,0.0,0.0,0.0,0.0
0.00991630554199,1.88572853607,0.871327729222,1.20464955957,0.0,0.0,1.95285682419,0.0262952974191,-0.329353528379,0.232453808885,0.0559016729039,0.238255648384,0.135797995143,-3.33066907388e-15,0.0,0.0,-9.81307786677e-16,0.3418611342,-0.811062405727,-0.116155366563,0.363973066411,0.917351250671,-0.159138815049,2.04597028433,0.289132767344,-0.142345192676,0.193128028258,0.00774713903352,-2.6645352591e-15,0.0,0.0,6.66133814775e-15,0.0,1.25607396695e-15,-1.96261557335e-16,0.0,0.0,0.0,0.0,0.0,0.0,0.0,0.0,0.0,0.0,0.0,0.0,0.0,0.0,0.0
0.00993800163269,1.88555690813,0.871104864143,1.20479048975,0.0,0.0,1.95199248493,0.0235216162582,-0.325309681332,0.23033861798,0.0558739014102,0.238208079438,0.136248598063,-1.99840144433e-15,0.0,0.0,-1.12850395468e-15,0.337436235827,-0.802545883466,-0.118569060475,0.364273324751,0.935548152418,-0.15199085108,2.05327708184,0.288606818683,-0.157672283429,0.200942848195,0.00899836285356,-2.6645352591e-15,0.0,-1.86448479469e-16,9.10382880193e-15,0.0,1.25607396695e-15,-1.17756934401e-16,0.0,0.0,0.0,0.0,0.0,0.0,0.0,0.0,0.0,0.0,0.0,0.0,0.0,0.0,0.0
0.0100638866425,1.88531314035,0.870667290803,1.20518581446,0.0,0.0,1.9488344505,0.0206321081901,-0.322565520967,0.228968134588,0.0555002803167,0.238051101405,0.136738625404,-2.6645352591e-15,0.0,0.0,-1.89392402829e-15,0.336067593293,-0.792806498345,-0.111683496724,0.363530019452,0.950845861693,-0.156266774868,2.06073062433,0.288729375399,-0.170356541846,0.202718191027,0.00868533910683,-2.6645352591e-15,0.0,0.0,9.54791801178e-15,0.0,1.25607396695e-15,1.27570012268e-16,0.0,0.0,0.0,0.0,0.0,0.0,0.0,0.0,0.0,0.0,0.0,0.0,0.0,0.0,0.0
0.0100519657135,1.88503495445,0.870325634413,1.20546755274,0.0,0.0,1.94728435625,0.0177406127708,-0.31833265167,0.226809313103,0.0555719555084,0.237792064019,0.137054383232,-2.88657986403e-15,0.0,0.0,-1.96261557335e-15,0.331942489584,-0.783700185415,-0.103027091542,0.363419904584,0.967484679456,-0.157476933458,2.06295266706,0.28854586951,-0.180405780899,0.206866486369,0.00938377548247,-3.10862446895e-15,0.0,-1.86448479469e-16,1.1990408666e-14,0.0,1.33457858988e-15,0.0,0.0,0.0,0.0,0.0,0.0,0.0,0.0,0.0,0.0,0.0,0.0,0.0,0.0,0.0,0.0
0.0101222991943,1.88483054272,0.869799360315,1.20572158105,0.0,0.0,1.94452066429,0.014304070334,-0.31451222294,0.22526292593,0.0555462143241,0.237617727123,0.137750959632,-3.33066907388e-15,0.0,3.3364464747e-16,-2.13925097496e-15,0.329333756772,-0.773820804483,-0.0947697617896,0.36311318025,0.983401448868,-0.158523822556,2.07035692732,0.288320988019,-0.189500818797,0.209264844558,0.00944152313928,-3.66373598126e-15,0.0,0.0,1.35447209004e-14,0.0,1.29532627841e-15,0.0,0.0,0.0,0.0,0.0,0.0,0.0,0.0,0.0,0.0,0.0,0.0,0.0,0.0,0.0,0.0
0.00973892211914,1.88447806896,0.869240037551,1.2059876333,0.0,0.0,1.94210841788,0.0113701564128,-0.310366938495,0.222999786449,0.0554896696733,0.237369130404,0.138292705327,-5.10702591328e-15,0.0,2.94392336003e-16,-2.04112019629e-15,0.326167929611,-0.764590679762,-0.0859936164686,0.362724706151,0.999639436078,-0.159642400446,2.07998212567,0.288272059956,-0.189775368612,0.202929616754,0.00998173935234,-2.83106871279e-15,0.0,0.0,1.37667655054e-14,0.0,1.25607396695e-15,-4.21962348271e-16,0.0,0.0,0.0,0.0,0.0,0.0,0.0,0.0,0.0,0.0,0.0,0.0,0.0,0.0,0.0
0.0101537704468,1.88429478095,0.868832128817,1.20636916406,0.0,0.0,1.93956022724,0.00894593772326,-0.305893853282,0.220069067703,0.0555785630214,0.236954639812,0.13822122007,-5.99520433298e-15,0.0,3.14018491737e-16,-2.94392336003e-15,0.323985099014,-0.756168618379,-0.0783554949969,0.362722068095,1.0161752028,-0.158586655575,2.08560031591,0.287870382277,-0.200706420863,0.201063356257,0.0105507428959,-3.10862446895e-15,0.0,-1.09906472108e-15,1.57651669497e-14,0.0,1.33457858988e-15,-7.26167762141e-16,-1.11022302463e-16,0.0,0.0,0.0,0.0,0.0,0.0,0.0,0.0,0.0,0.0,0.0,0.0,0.0,0.0
0.0100345611572,1.88392278623,0.868125068683,1.20669228418,0.0,0.0,1.93721229065,0.00640155996203,-0.303672784197,0.217058919264,0.0549418177256,0.236939291208,0.138283826913,-5.77315972805e-15,0.0,-5.49532360539e-16,-3.3953249419e-15,0.325056668046,-0.747585315685,-0.0705195631223,0.362777850677,1.03022150815,-0.16241033314,2.10177906189,0.287619766647,-0.203768415283,0.19936764444,0.00951905761983,-4.10782519111e-15,0.0,-1.03037317601e-15,1.70974345792e-14,0.0,1.41308321282e-15,-4.12149270404e-16,0.0,0.0,0.0,0.0,0.0,0.0,0.0,0.0,0.0,0.0,0.0,0.0,0.0,0.0,0.0
0.00988721847534,1.88357723189,0.86757952192,1.20686519678,0.0,0.0,1.93388809047,0.00402997413536,-0.297258391291,0.216348991037,0.0554888592821,0.236704833208,0.138829167966,-5.3290705182e-15,0.0,-7.06541606408e-16,-3.41495109764e-15,0.318659088753,-0.736961426584,-0.0581271322056,0.362679702231,1.04673082501,-0.161827052659,2.12339556121,0.287375066551,-0.210076658873,0.196468936877,0.0101897307044,-4.32986979604e-15,0.0,-5.39719282673e-16,1.7763568394e-14,0.0,1.33457858988e-15,-6.86915450674e-16,0.0,0.0,0.0,0.0,0.0,0.0,0.0,0.0,0.0,0.0,0.0,0.0,0.0,0.0,0.0
0.0101237297058,1.88323849627,0.866877088127,1.20717714746,0.0,0.0,1.92942850605,0.000957686463825,-0.294319208691,0.21495088303,0.0556413042581,0.236541710333,0.139141316117,-6.43929354283e-15,0.0,-1.05981240961e-15,-3.65046496644e-15,0.318483631679,-0.728495498076,-0.0547181504708,0.362611712288,1.06206786111,-0.156352073412,2.14472914292,0.286793535232,-0.214168029205,0.192743002443,0.00795777464751,-4.55191440096e-15,0.0,0.0,1.95399252334e-14,0.0,1.25607396695e-15,-7.35980840008e-16,0.0,0.0,0.0,0.0,0.0,0.0,0.0,0.0,0.0,0.0,0.0,0.0,0.0,0.0,0.0
0.0100028514862,1.88303981915,0.866293728659,1.20759481103,0.0,0.0,1.92569221739,-0.00312140860151,-0.289223805805,0.214298376151,0.0557870191363,0.235912319394,0.139896308464,-7.1054273576e-15,0.0,-1.39345705708e-15,-3.92523114671e-15,0.315813952527,-0.717466013234,-0.0400122614399,0.36199118888,1.07581308186,-0.158670383788,2.15282917758,0.287176371098,-0.220906125052,0.188455539586,0.00961014986947,-5.88418203051e-15,0.0,0.0,2.10942374679e-14,0.0,1.29532627841e-15,-5.49532360539e-16,0.0,0.0,0.0,0.0,0.0,0.0,0.0,0.0,0.0,0.0,0.0,0.0,0.0,0.0,0.0
0.0100758075714,1.88274521946,0.865471124083,1.2077879873,0.0,0.0,1.92279719982,-0.00469523984237,-0.285794350945,0.212697016961,0.0563620819919,0.236081911003,0.140512805577,-7.1054273576e-15,0.0,-1.64859708162e-15,-4.10186654831e-15,0.31328048292,-0.708738167602,-0.0310024894975,0.361976043859,1.08993958388,-0.154455535707,2.16914380831,0.286505400613,-0.224122809487,0.189968264304,0.0105385290534,-6.27276008913e-15,0.0,1.27570012268e-16,2.35367281221e-14,0.0,1.21682165548e-15,-6.47663139207e-16,0.0,0.0,0.0,0.0,0.0,0.0,0.0,0.0,0.0,0.0,0.0,0.0,0.0,0.0,0.0
0.00992703437805,1.88241396237,0.864822701699,1.20811226709,0.0,0.0,1.92061402741,-0.00661878403699,-0.282551331113,0.210534761983,0.0557195205026,0.235707218133,0.140716650487,-7.32747196253e-15,0.0,-1.53084014722e-15,-3.50326879844e-15,0.313798682392,-0.701637638633,-0.0177197514588,0.361635931632,1.09980574753,-0.154905160389,2.17318472797,0.286494839932,-0.228968628622,0.189541029466,0.0099993720839,-6.49480469406e-15,0.0,2.64953102403e-16,2.44249065418e-14,0.0,1.41308321282e-15,-3.3364464747e-16,0.0,0.0,0.0,0.0,0.0,0.0,0.0,0.0,0.0,0.0,0.0,0.0,0.0,0.0,0.0
0.00989389419556,1.88217078967,0.864115727912,1.20855471094,0.0,0.0,1.91224658192,-0.0108354215662,-0.278817828429,0.213439383893,0.0563818369105,0.235212077274,0.140739191512,-7.54951656745e-15,0.0,-1.21682165548e-15,-3.63083881071e-15,0.313492098796,-0.693831389776,-0.00720829848039,0.361425632784,1.11216429429,-0.150424791323,2.17723250063,0.286392478785,-0.233469785242,0.19300090659,0.010673420942,-6.10622663544e-15,0.0,-1.96261557335e-16,2.62012633812e-14,0.0,1.37383090135e-15,0.0,0.0,0.0,0.0,0.0,0.0,0.0,0.0,0.0,0.0,0.0,0.0,0.0,0.0,0.0,0.0
0.0102205276489,1.88193753465,0.863497748185,1.20863240869,0.0,0.0,1.91173501753,-0.0120892063015,-0.274317639994,0.20806138728,0.0568849824274,0.234722613997,0.141223001289,-7.77156117238e-15,0.0,-5.49532360539e-16,-3.2186895403e-15,0.313927619281,-0.685254965339,0.0080333428941,0.361059755736,1.12301096775,-0.150171171809,2.18607201734,0.286206167479,-0.235830596815,0.19766242577,0.011017465692,-5.71764857682e-15,0.0,0.0,2.975397706e-14,0.0,1.37383090135e-15,0.0,0.0,0.0,0.0,0.0,0.0,0.0,0.0,0.0,0.0,0.0,0.0,0.0,0.0,0.0,0.0
0.0099241733551,1.88163298005,0.862724238602,1.20874019677,0.0,0.0,1.90627678116,-0.0143205547159,-0.271006136542,0.209082956321,0.0567840258104,0.234381065802,0.141491899136,-7.32747196253e-15,0.0,-8.63550852276e-16,-3.0126149051e-15,0.315930178212,-0.678889521116,0.0189155591517,0.360626975961,1.13181820418,-0.147440350686,2.18988211988,0.286098412312,-0.238643580459,0.200186203025,0.0106893219345,-6.43929354283e-15,0.0,1.27570012268e-16,2.90878432452e-14,0.0,1.25607396695e-15,-1.37383090135e-16,0.0,0.0,0.0,0.0,0.0,0.0,0.0,0.0,0.0,0.0,0.0,0.0,0.0,0.0,0.0
0.00992012023926,1.88115105487,0.861988467331,1.20901650293,0.0,0.0,1.90028252105,-0.0159984528441,-0.267662821407,0.209677196235,0.0579379547138,0.234323562175,0.141738581491,-9.7699626167e-15,0.0,-9.81307786677e-16,-3.16962415097e-15,0.316015900206,-0.671312468319,0.0323263508538,0.360651415318,1.14284539009,-0.146698415596,2.19244393443,0.285867957041,-0.236482472318,0.201796841263,0.0107887050251,-6.38378239159e-15,0.0,0.0,2.99760216649e-14,0.0,1.25607396695e-15,0.0,0.0,0.0,0.0,0.0,0.0,0.0,0.0,0.0,0.0,0.0,0.0,0.0,0.0,0.0,0.0
0.00999307632446,1.88081753719,0.861352501557,1.20932106836,0.0,0.0,1.89672037787,-0.0175605212075,-0.263194536539,0.208726699029,0.0583861705927,0.233363232293,0.14241778575,-1.06581410364e-14,0.0,-1.31495243415e-15,-2.88504489283e-15,0.320029924103,-0.663948419568,0.0402384036507,0.360140779855,1.15005540534,-0.143368787464,2.2006420643,0.285554070883,-0.229622617664,0.200551887577,0.00971059400049,-6.99440505514e-15,0.0,0.0,3.10862446895e-14,0.0,9.02803163743e-16,0.0,0.0,-1.22426968274e-15,-1.57009245868e-16,0.0,0.0,-3.63945238693e-16,-3.14018491737e-16,0.0,-1.22426968274e-15,-1.57009245868e-16,0.0,0.0,-3.63945238693e-16,-3.14018491737e-16,0.0
0.00997185707092,1.88048627897,0.860793915077,1.20946425684,0.0,0.0,1.89534318445,-0.0173211804901,-0.259866920865,0.205341055396,0.0587637255381,0.233163102283,0.142776306621,-1.1768364061e-14,0.0,-1.13831703255e-15,-3.1598110731e-15,0.324130012258,-0.657248626414,0.0548604540937,0.359494949164,1.15588604201,-0.146404603445,2.21015185033,0.285640274496,-0.222216075316,0.201756609224,0.00901466235435,-6.99440505514e-15,0.0,0.0,3.17523785043e-14,0.0,7.06541606408e-16,-2.15887713069e-16,0.0,-1.34742039026e-15,-6.12704049307e-16,0.0,0.0,-3.99923921016e-16,0.0,0.0,-1.34742039026e-15,-6.12704049307e-16,0.0,0.0,-3.99923921016e-16,0.0,0.0
0.0100100040436,1.87998595581,0.860064816182,1.20952394922,0.0,0.0,1.88914715381,-0.0190589656883,-0.258251416695,0.207187694699,0.0593411913333,0.232878596675,0.142783285732,-1.1990408666e-14,0.0,-1.27570012268e-15,-2.66915717976e-15,0.331263402179,-0.654493777136,0.0526992264013,0.359610826183,1.16198907062,-0.132623668896,2.21748283743,0.285145675824,-0.218890540544,0.196392565967,0.00979580067695,-6.93889390391e-15,0.0,0.0,3.08642000846e-14,0.0,7.85046229342e-16,-1.22663473335e-15,0.0,-1.36598140966e-15,-6.34110262866e-16,0.0,0.0,-6.8620596754e-16,0.0,0.0,-1.36598140966e-15,-6.34110262866e-16,0.0,0.0,-6.8620596754e-16,0.0,0.0
0.00997710227966,1.8795682976,0.859262920364,1.20956832177,0.0,0.0,1.88276223378,-0.020758607415,-0.256976390644,0.210172091827,0.0596144719843,0.232628412119,0.142982519221,-1.15463194561e-14,0.0,-1.49158783575e-15,-2.69859641336e-15,0.339554316485,-0.64875301477,0.0687271187558,0.359065737261,1.16451609016,-0.141790854757,2.22991197302,0.285387732143,-0.217454307145,0.193088989824,0.00742562508189,-7.16093850883e-15,0.0,0.0,3.44169137634e-14,0.0,7.85046229342e-16,-1.06962548748e-15,0.0,-1.36071947869e-15,-1.63779460649e-16,0.0,0.0,-6.17889429275e-16,0.0,0.0,-1.36071947869e-15,-1.63779460649e-16,0.0,0.0,-6.17889429275e-16,0.0,0.0
0.0101675987244,1.87927925706,0.858641576451,1.20952199609,0.0,0.0,1.88353905267,-0.0196639055103,-0.25559270985,0.205130559553,0.0593851337433,0.232089655128,0.142952952293,-9.7699626167e-15,0.0,-1.57009245868e-15,-2.36495176589e-15,0.353357777245,-0.646856339786,0.0781139410225,0.358926545368,1.16511778419,-0.14342763166,2.23155715124,0.285262313366,-0.210469632539,0.194007242399,0.00757526649651,-7.32747196253e-15,0.0,0.0,3.28626015289e-14,0.0,7.06541606408e-16,-9.1261624161e-16,0.0,-1.36070576043e-15,-1.5703569202e-16,0.0,0.0,-3.44209864722e-16,-7.3251250502e-16,0.0,-1.36070576043e-15,-1.5703569202e-16,0.0,0.0,-3.44209864722e-16,-7.3251250502e-16,0.0
0.0098443031311,1.87887025126,0.857861425566,1.20950386866,0.0,0.0,1.87921474606,-0.0197504064187,-0.254683451573,0.206159857522,0.059632372831,0.231993855793,0.142961951807,-1.22124532709e-14,0.0,-1.82523248322e-15,-2.47289562243e-15,0.366441986871,-0.645151259881,0.085792712818,0.358757512568,1.16477093026,-0.142678254244,2.24031595188,0.28518762818,-0.207930941766,0.193817652794,0.00714079949711,-7.9936057773e-15,0.0,-5.98597749873e-16,3.64153152077e-14,0.0,7.85046229342e-16,-1.13831703255e-15,0.0,-1.35439953676e-15,-6.21290595745e-16,0.0,3.73509966388e-16,-1.42430794971e-16,-5.33382035503e-16,0.0,-1.35439953676e-15,-6.21290595745e-16,0.0,3.73509966388e-16,-1.42430794971e-16,-5.33382035503e-16,0.0
0.00989294052124,1.87849417576,0.857257449251,1.20944789941,0.0,0.0,1.87866611251,-0.0181193295553,-0.253525531065,0.203666733701,0.0602369593035,0.231943444834,0.142842745903,-1.28785870857e-14,0.0,-2.41401715523e-15,-2.10981174136e-15,0.378707699288,-0.644067923502,0.097310996394,0.358776208338,1.16412764799,-0.143279974069,2.24118935245,0.284971399831,-0.2104142509,0.193462051194,0.00745932276765,-7.60502771868e-15,0.0,-9.71494708811e-16,3.17523785043e-14,0.0,3.92523114671e-16,-1.67803631522e-15,0.0,-1.94644992622e-15,-5.10867013362e-16,0.0,3.73340172127e-16,-6.72144091239e-16,-8.58533334928e-16,0.0,-1.94644992622e-15,-5.10867013362e-16,0.0,3.73340172127e-16,-6.72144091239e-16,-8.58533334928e-16,0.0
0.0102288722992,1.87818911269,0.856509633597,1.2093850332,0.0,0.0,1.87956768187,-0.0154449734759,-0.254218426975,0.199361116878,0.060750928674,0.231967522337,0.142444352913,-1.13242748512e-14,0.0,-1.92336326189e-15,-2.47289562243e-15,0.392504019,-0.646285685431,0.106559474183,0.358098937224,1.16194976497,-0.140454897278,2.24622315873,0.285378909661,-0.21278955415,0.196136301519,0.00813685184153,-7.71605002114e-15,0.0,-1.73691478242e-15,3.15303338994e-14,0.0,4.71027737605e-16,-1.46214860215e-15,0.0,-1.83518390848e-15,-1.03850192395e-15,0.0,0.0,-4.0913036463e-16,-5.1652466067e-16,0.0,-1.83518390848e-15,-1.03850192395e-15,0.0,0.0,-4.0913036463e-16,-5.1652466067e-16,0.0
0.00977253913879,1.87769464506,0.855850450222,1.20929195459,0.0,0.0,1.87443674065,-0.0149485152621,-0.254136883619,0.202462903452,0.0613684614595,0.231855905819,0.142170630282,-1.33226762955e-14,0.0,-1.82523248322e-15,-2.7476618027e-15,0.406753335535,-0.646799800359,0.120040413958,0.357883488961,1.15864269152,-0.142570800283,2.24370910198,0.285597779052,-0.216420898915,0.199634564451,0.00899713854136,-7.77156117238e-15,0.0,-1.54065322508e-15,2.84217094304e-14,0.0,4.71027737605e-16,-2.15887713069e-15,0.0,-1.80110453106e-15,-4.98390445679e-16,0.0,0.0,-9.29925965255e-16,-5.88909759052e-16,0.0,-1.80110453106e-15,-4.98390445679e-16,0.0,0.0,-9.29925965255e-16,-5.88909759052e-16,0.0
0.0100576877594,1.87728544906,0.855374109932,1.20918581446,0.0,0.0,1.87298077924,-0.013868393483,-0.253334274989,0.201539041768,0.0623254673319,0.231664487776,0.14188001128,-1.62092561595e-14,0.0,-2.19812944216e-15,-2.81635334776e-15,0.422549485446,-0.645936973478,0.134761293537,0.357731893128,1.15331855175,-0.148993806351,2.24090953219,0.285432910612,-0.212597733173,0.198299647726,0.00837310018652,-7.77156117238e-15,0.0,-9.81307786677e-16,3.04201108747e-14,0.0,3.14018491737e-16,-2.23738175362e-15,0.0,-2.38326082793e-15,-9.99814193256e-16,0.0,1.59248744178e-16,-8.64620707811e-16,-1.1047803895e-15,0.0,-2.38326082793e-15,-9.99814193256e-16,0.0,1.59248744178e-16,-8.64620707811e-16,-1.1047803895e-15,0.0
0.00996470451355,1.87710761406,0.854944933353,1.20915438134,0.0,0.0,1.87911369871,-0.0110443798243,-0.253549099948,0.193466146331,0.0629652809796,0.231462301613,0.141662387687,-1.62092561595e-14,0.0,-1.94298941762e-15,-3.17943722883e-15,0.439870098419,-0.645979436171,0.146813534908,0.357623394061,1.14781577447,-0.154512488887,2.24352757722,0.285816387149,-0.204276942512,0.199679884434,0.00747915355504,-8.43769498715e-15,0.0,-7.94859307209e-16,3.2640556924e-14,0.0,3.14018491737e-16,-1.56027938082e-15,0.0,-2.28206475211e-15,-9.42281095203e-16,0.0,5.96188220608e-16,-1.21254900498e-15,-1.48432956382e-15,0.0,-2.28206475211e-15,-9.42281095203e-16,0.0,5.96188220608e-16,-1.21254900498e-15,-1.48432956382e-15,0.0
0.00998520851135,1.87645422241,0.854208036076,1.20915261132,0.0,0.0,1.8708451544,-0.0119027573494,-0.255148653464,0.202539371672,0.0629553968028,0.231345702172,0.141176189474,-1.93178806285e-14,0.0,-1.72710170455e-15,-2.73784872483e-15,0.460019392069,-0.648093452208,0.151973244747,0.358035892983,1.13977403155,-0.157112745302,2.23532265323,0.285636156093,-0.19374809987,0.202178033264,0.00870385734514,-8.65973959208e-15,0.0,2.7476618027e-16,3.33066907388e-14,0.0,3.92523114671e-16,-1.68784939309e-15,0.0,-2.86784982528e-15,-7.35981721336e-16,0.0,4.16311032116e-16,-2.13362152109e-15,-1.66891522769e-15,0.0,-2.86784982528e-15,-7.35981721336e-16,0.0,4.16311032116e-16,-2.13362152109e-15,-1.66891522769e-15,0.0
0.0102076530457,1.87621188535,0.853547736456,1.2090489126,0.0,0.0,1.87412485293,-0.00942753123879,-0.257781403756,0.201586235582,0.0632755640946,0.231438404788,0.140572712153,-2.04281036531e-14,0.0,-1.96261557335e-15,-3.00280182723e-15,0.475869173147,-0.650225977681,0.160563033563,0.358283124134,1.13304130808,-0.1625028574,2.23468282609,0.286012911355,-0.185487710677,0.207730282849,0.00851500910945,-8.65973959208e-15,0.0,-3.53270803204e-16,3.28626015289e-14,0.0,3.14018491737e-16,-1.44252244642e-15,0.0,-2.72536725262e-15,-5.67740223305e-16,0.0,0.0,-2.28892471794e-15,-1.97559800404e-15,0.0,-2.72536725262e-15,-5.67740223305e-16,0.0,0.0,-2.28892471794e-15,-1.97559800404e-15,0.0
0.00999188423157,1.87604885517,0.852933550422,1.20888668115,0.0,0.0,1.87698954151,-0.00668573658267,-0.260366013638,0.201036327565,0.0638429270958,0.231507482749,0.140021234749,-2.10942374679e-14,0.0,-2.06074635202e-15,-3.1303718395e-15,0.493024667942,-0.652461036927,0.166327967114,0.358241902623,1.12419603315,-0.166124047377,2.22480888012,0.28625414734,-0.176816827089,0.208732556775,0.00935030786038,-8.65973959208e-15,0.0,-7.65420073608e-16,3.48610029732e-14,0.0,2.7476618027e-16,-1.56027938082e-15,0.0,-3.29681960856e-15,-1.31533021729e-15,0.0,0.0,-2.69571365614e-15,-2.54067358241e-15,0.0,-3.29681960856e-15,-1.31533021729e-15,0.0,0.0,-2.69571365614e-15,-2.54067358241e-15,0.0
0.0100743770599,1.87578224082,0.852356629545,1.20889833887,0.0,0.0,1.87492576289,-0.00537874339655,-0.263562880459,0.205548206869,0.0643769464017,0.231387401457,0.13920468637,-1.97619698383e-14,0.0,-1.96261557335e-15,-2.57102640109e-15,0.513279227773,-0.656120043988,0.168228816102,0.359021481455,1.11508263539,-0.167651971495,2.22409054631,0.286088306971,-0.167541990113,0.215997772105,0.0103935058417,-8.99280649946e-15,0.0,-1.51121399148e-15,3.5527136788e-14,0.0,5.49532360539e-16,-1.55046630295e-15,0.0,-2.67641902735e-15,-1.05145743621e-15,0.0,4.9148687471e-16,-2.64144359759e-15,-1.91792096498e-15,0.0,-2.67641902735e-15,-1.05145743621e-15,0.0,4.9148687471e-16,-2.64144359759e-15,-1.91792096498e-15,0.0
0.00981259346008,1.87540668778,0.851761347349,1.20896840722,0.0,0.0,1.8746283081,-0.00272502960242,-0.266869464721,0.209588948034,0.0654236817895,0.231548805352,0.139068972401,-1.99840144433e-14,0.0,-1.84485863895e-15,-2.47289562243e-15,0.53072152709,-0.656621102866,0.180439091456,0.358952026276,1.10221018514,-0.180388946653,2.2175323953,0.286042958648,-0.155861030755,0.220987026267,0.0096369276892,-8.99280649946e-15,0.0,-1.76635401602e-15,3.61932706028e-14,0.0,3.53270803204e-16,-1.39345705708e-15,0.0,-2.09304434098e-15,5.10280049072e-16,0.0,1.11375341739e-15,-2.46170913049e-15,-1.00164959658e-15,0.0,-2.09304434098e-15,5.10280049072e-16,0.0,1.11375341739e-15,-2.46170913049e-15,-1.00164959658e-15,0.0
0.010128736496,1.87531532584,0.85095438155,1.20871614892,0.0,0.0,1.87891374468,0.000615001033308,-0.271778026407,0.210129475981,0.0659419181918,0.231763609653,0.138178772341,-1.97619698383e-14,0.0,-1.80560632749e-15,-2.40420407736e-15,0.549991059587,-0.663381384924,0.172477798969,0.359668935758,1.0903068774,-0.172840973766,2.2155763288,0.285809748795,-0.143589159703,0.221363527973,0.0104260114534,-9.10382880193e-15,0.0,-2.02149404056e-15,3.79696274422e-14,0.0,3.53270803204e-16,-1.78598017175e-15,0.0,-2.21879333953e-15,7.2325450465e-16,0.0,7.48917882428e-16,-2.90041521377e-15,-8.9705707522e-16,0.0,-2.21879333953e-15,7.2325450465e-16,0.0,7.48917882428e-16,-2.90041521377e-15,-8.9705707522e-16,0.0
0.0100929737091,1.87499663231,0.850165142893,1.20858547266,0.0,0.0,1.87429450784,0.000851737922028,-0.276917741365,0.220152141203,0.0670195624993,0.231915982511,0.137191767694,-1.97619698383e-14,0.0,-1.23644781121e-15,-2.47289562243e-15,0.565354833975,-0.668479407639,0.173697602306,0.359404302857,1.07783147491,-0.173183298033,2.2123193038,0.286543163597,-0.131920069177,0.227782424465,0.0109353418441,-8.881784197e-15,0.0,-1.53084014722e-15,3.77475828373e-14,0.0,0.0,-1.95280249549e-15,0.0,-2.23494547386e-15,1.34844351539e-15,0.0,4.16210326319e-16,-2.88093579963e-15,-1.16819920277e-15,0.0,-2.23494547386e-15,1.34844351539e-15,0.0,4.16210326319e-16,-2.88093579963e-15,-1.16819920277e-15,0.0
0.00982022285461,1.87519787596,0.849752097656,1.20855544336,0.0,0.0,1.8803663319,0.00296170182252,-0.281317075324,0.218478012873,0.0672141123289,0.231584085626,0.13624029531,-1.99840144433e-14,0.0,-1.82523248322e-15,-2.48270870029e-15,0.586918353835,-0.672061276243,0.171832934781,0.359716169663,1.0606357675,-0.176502570953,2.2019650692,0.286878643662,-0.121496659258,0.235368374833,0.0106439505828,-8.881784197e-15,0.0,-1.62897092588e-15,3.79696274422e-14,0.0,0.0,-1.86448479469e-15,0.0,-2.25298534725e-15,1.946416823e-15,0.0,2.84185089179e-16,-2.54537300693e-15,-9.83794401666e-16,0.0,-2.25298534725e-15,1.946416823e-15,0.0,2.84185089179e-16,-2.54537300693e-15,-9.83794401666e-16,0.0
0.0100045204163,1.87505260111,0.849006922352,1.20822225244,0.0,0.0,1.88240731668,0.00649973165902,-0.286943299005,0.222985245471,0.0677427630189,0.231945895139,0.135469561753,-2.02060590482e-14,0.0,-1.86448479469e-15,-2.57102640109e-15,0.605124830756,-0.679940515903,0.170714606194,0.359933061148,1.04146662392,-0.175285664793,2.19382480248,0.286815099023,-0.118252324967,0.241924740078,0.0110744128979,-8.881784197e-15,0.0,-1.80560632749e-15,4.32986979604e-14,0.0,0.0,-1.76635401602e-15,0.0,-1.66633728482e-15,2.37500822607e-15,0.0,7.45784487564e-16,-2.26229175303e-15,-5.74985071519e-16,0.0,-1.66633728482e-15,2.37500822607e-15,0.0,7.45784487564e-16,-2.26229175303e-15,-5.74985071519e-16,0.0
0.0100903511047,1.87471590825,0.848430146529,1.20810695704,0.0,0.0,1.87994940165,0.00764576681386,-0.291816055617,0.232952487835,0.0683735999136,0.231932184109,0.13460752353,-2.04281036531e-14,0.0,-2.02149404056e-15,-3.23831569604e-15,0.619508412193,-0.685050474297,0.169576324545,0.360092447322,1.02295308022,-0.175254196584,2.18609334095,0.28704883143,-0.110506675975,0.247667195893,0.010932436089,-8.93729534823e-15,0.0,-2.96354951577e-15,4.17443857259e-14,0.0,0.0,-1.94298941762e-15,0.0,-1.77521477317e-15,1.8897084221e-15,0.0,6.62850312892e-16,-2.5931732225e-15,-1.13654257416e-15,0.0,-1.77521477317e-15,1.8897084221e-15,0.0,6.62850312892e-16,-2.5931732225e-15,-1.13654257416e-15,0.0
0.00978183746338,1.87476944047,0.847813318917,1.20802156885,0.0,0.0,1.884812867,0.00981605333161,-0.298571454992,0.235159951206,0.0679911183377,0.231741518398,0.133168937401,-2.0650148258e-14,0.0,-1.78598017175e-15,-3.14999799523e-15,0.638475258103,-0.694352381228,0.165524525116,0.361046340161,1.00277808341,-0.174676142683,2.17438593415,0.287094450763,-0.0941188595189,0.25822667641,0.00993316061198,-8.77076189454e-15,0.0,-3.1892503067e-15,4.32986979604e-14,0.0,0.0,-1.45233552428e-15,0.0,-3.0236015747e-15,1.69277779714e-15,0.0,1.0595100028e-15,-2.96891017046e-15,-1.51071196308e-15,0.0,-3.0236015747e-15,1.69277779714e-15,0.0,1.0595100028e-15,-2.96891017046e-15,-1.51071196308e-15,0.0
0.0100829601288,1.87440820719,0.847035210405,1.20773604639,0.0,0.0,1.88472295523,0.0106767810991,-0.304806806107,0.2443224734,0.0683826229799,0.232060346758,0.132737056339,-2.0872192863e-14,0.0,-1.86448479469e-15,-2.26682098722e-15,0.652674240477,-0.700313242116,0.163552963547,0.361294540332,0.981620025517,-0.175759623212,2.15457336629,0.2877515589,-0.0924472388536,0.266036386883,0.0106526348639,-9.10382880193e-15,0.0,-3.12055876163e-15,3.73034936274e-14,0.0,0.0,-1.82523248322e-15,0.0,-3.64398417938e-15,1.57118501565e-15,0.0,5.67318066181e-16,-3.45431000134e-15,-1.62130887318e-15,0.0,-3.64398417938e-15,1.57118501565e-15,0.0,5.67318066181e-16,-3.45431000134e-15,-1.62130887318e-15,0.0
0.00997996330261,1.87406830016,0.84657631015,1.20753170069,0.0,0.0,1.88420177569,0.0124390594012,-0.310405205299,0.251980936103,0.0688674274455,0.232235753576,0.132037190838,-2.04281036531e-14,0.0,-1.27570012268e-15,-2.45326946669e-15,0.664758237297,-0.704423756195,0.176031393087,0.361099374331,0.959016682394,-0.189102970295,2.13417640972,0.288947678628,-0.0834336057972,0.268894242038,0.00989127230381,-8.77076189454e-15,0.0,-3.1009326059e-15,3.73034936274e-14,0.0,1.17756934401e-16,-1.58971861442e-15,0.0,-4.23063234429e-15,1.51796475032e-15,0.0,1.43863950135e-15,-3.14541534273e-15,-9.74665233005e-16,0.0,-4.23063234429e-15,1.51796475032e-15,0.0,1.43863950135e-15,-3.14541534273e-15,-9.74665233005e-16,0.0
0.00990343093872,1.87385188563,0.845980437159,1.20704213769,0.0,0.0,1.88801493591,0.0173867470578,-0.316068786371,0.255529977658,0.069028343387,0.232727519272,0.130311805648,-2.04281036531e-14,0.0,-1.53084014722e-15,-2.46308254456e-15,0.677147723213,-0.71348191197,0.170694168128,0.362584200347,0.936800485682,-0.183102455119,2.12208426328,0.288867974723,-0.0831649979536,0.27451827722,0.0108272311797,-8.82627304577e-15,0.0,-3.20887646243e-15,3.8413716652e-14,0.0,0.0,-1.40327013495e-15,0.0,-4.13458358423e-15,1.07371508518e-15,0.0,1.48576545255e-15,-3.72638387499e-15,-1.41299592862e-15,0.0,-4.13458358423e-15,1.07371508518e-15,0.0,1.48576545255e-15,-3.72638387499e-15,-1.41299592862e-15,0.0
0.0100364685059,1.87370396575,0.84579290411,1.20679451806,0.0,0.0,1.89118034407,0.0190050941323,-0.320181903687,0.259763344198,0.0699436554117,0.232366496342,0.129331612016,-1.97619698383e-14,0.0,-1.80560632749e-15,-2.94392336003e-15,0.686400094188,-0.71793443048,0.167642998515,0.363271937588,0.919167856044,-0.179072772507,2.10658305294,0.289179948065,-0.0848078943393,0.283929067344,0.0113861572104,-8.82627304577e-15,0.0,-3.17943722883e-15,3.70814490225e-14,0.0,0.0,-1.57990553655e-15,0.0,-4.72597729405e-15,8.29719375094e-16,0.0,1.02495837596e-15,-3.93821079315e-15,-1.71796844092e-15,0.0,-4.72597729405e-15,8.29719375094e-16,0.0,1.02495837596e-15,-3.93821079315e-15,-1.71796844092e-15,0.0
0.0100560188293,1.87329872434,0.845182434819,1.2064654165,0.0,0.0,1.89532788189,0.0213872884974,-0.326601769427,0.265923298971,0.0701494787178,0.232731527851,0.129253472872,-2.13162820728e-14,0.0,-1.74672786029e-15,-3.41495109764e-15,0.695776507297,-0.723432435086,0.15516586133,0.363508032736,0.898512606529,-0.169673092535,2.09901584929,0.288964585577,-0.0838833697891,0.292554925453,0.0102306369379,-9.10382880193e-15,0.0,-2.69859641336e-15,3.81916720471e-14,0.0,0.0,-1.64859708162e-15,0.0,-4.63622288944e-15,9.41003344953e-16,0.0,6.78208930701e-16,-4.4635460354e-15,-2.26711219414e-15,0.0,-4.63622288944e-15,9.41003344953e-16,0.0,6.78208930701e-16,-4.4635460354e-15,-2.26711219414e-15,0.0
0.00997114181519,1.87327354745,0.844716489219,1.20638942774,0.0,0.0,1.90282011865,0.0260321135583,-0.333453086643,0.265035566218,0.0706019293538,0.232725067955,0.128051624497,-2.28705943073e-14,0.0,-1.80560632749e-15,-3.69953035577e-15,0.704315749468,-0.729980724386,0.156432031273,0.364094079738,0.878811564766,-0.173920959495,2.08445113824,0.289798401982,-0.076686249332,0.294689859503,0.0113548033497,-8.881784197e-15,0.0,-2.79672719203e-15,4.01900734914e-14,0.0,0.0,-2.10981174136e-15,0.0,-4.65358793925e-15,9.42051365326e-16,0.0,0.0,-4.42521388585e-15,-2.64102076197e-15,0.0,-4.65358793925e-15,9.42051365326e-16,0.0,0.0,-4.42521388585e-15,-2.64102076197e-15,0.0
0.0101079940796,1.87271202913,0.844133260699,1.20619319971,0.0,0.0,1.90094605443,0.0266532867368,-0.338560550459,0.276091409534,0.071141060994,0.232670904253,0.127414969896,-2.26485497024e-14,0.0,-1.90373710615e-15,-3.86635267951e-15,0.708697759208,-0.734776498133,0.148764325167,0.364654008642,0.861815488126,-0.166641888226,2.07851992234,0.289726157576,-0.0775171747018,0.297897219542,0.0112272054582,-9.54791801178e-15,0.0,-2.91448412643e-15,4.10782519111e-14,0.0,-1.17756934401e-16,-2.19812944216e-15,0.0,-4.64812287008e-15,9.42055459156e-16,0.0,0.0,-4.37565551988e-15,-2.07351623727e-15,0.0,-4.64812287008e-15,9.42055459156e-16,0.0,0.0,-4.37565551988e-15,-2.07351623727e-15,0.0
0.010009765625,1.87252292851,0.84364929734,1.20584706933,0.0,0.0,1.9058017972,0.0281023237465,-0.344437577115,0.280562226647,0.0716354892477,0.232848055308,0.126931353946,-2.13162820728e-14,0.0,-2.00186788482e-15,-3.49345572057e-15,0.713603628946,-0.738831609188,0.141531015065,0.365465189323,0.846065644688,-0.162192050166,2.07328087336,0.289871462259,-0.0800910228745,0.30048653504,0.0116294045735,-9.43689570931e-15,0.0,-2.8359795035e-15,4.19664303308e-14,0.0,-8.63550852276e-16,-2.26682098722e-15,0.0,-5.22976165992e-15,7.60513534612e-16,0.0,0.0,-5.05257556761e-15,-2.27614729526e-15,0.0,-5.22976165992e-15,7.60513534612e-16,0.0,0.0,-5.05257556761e-15,-2.27614729526e-15,0.0
0.010116815567,1.87250953879,0.843510626522,1.20571608789,0.0,0.0,1.91507915802,0.0307089811859,-0.34938253006,0.278311697863,0.0723223949122,0.232538064305,0.126086545014,-2.17603712827e-14,0.0,-1.90373710615e-15,-3.5130818763e-15,0.717360431625,-0.741869407557,0.147532939935,0.366150427444,0.832057304686,-0.166982634405,2.06070653014,0.290524505644,-0.0818494597919,0.305963606574,0.0122093839516,-9.49240686055e-15,0.0,-2.90467104856e-15,4.10782519111e-14,0.0,-7.85046229342e-16,-2.8654187371e-15,0.0,-5.21775053879e-15,7.84950398503e-16,0.0,0.0,-4.87016507322e-15,-2.35559677461e-15,0.0,-5.21775053879e-15,7.84950398503e-16,0.0,0.0,-4.87016507322e-15,-2.35559677461e-15,0.0
0.00976276397705,1.87188028162,0.842945472947,1.20532308252,0.0,0.0,1.91844038106,0.0347067854076,-0.355236274393,0.284729654756,0.0722598596379,0.232997401754,0.12598687256,-2.24265050974e-14,0.0,-1.90373710615e-15,-3.78784805657e-15,0.716821455783,-0.747073533849,0.141478850123,0.366577504449,0.81700850765,-0.160914886307,2.06033824335,0.29092924429,-0.0827742336137,0.304679521373,0.0122226421959,-9.65894031424e-15,0.0,-2.9242972043e-15,4.37427871702e-14,0.0,-1.49158783575e-15,-2.67897025763e-15,0.0,-5.23402294111e-15,1.34868451498e-15,0.0,-1.42903320774e-16,-5.4512064044e-15,-2.99667343768e-15,0.0,-5.23402294111e-15,1.34868451498e-15,0.0,-1.42903320774e-16,-5.4512064044e-15,-2.99667343768e-15,0.0
0.0101053714752,1.87162065325,0.842653414326,1.20525344141,0.0,0.0,1.91849977962,0.0339058543521,-0.36126503813,0.29219270889,0.0722330854217,0.232834808162,0.125612297289,-2.3758772727e-14,0.0,-1.98224172909e-15,-3.68971727791e-15,0.723480891645,-0.751560731139,0.13118736935,0.367058147169,0.802545413703,-0.154679039384,2.05294233106,0.291354774367,-0.0838657890288,0.312803746148,0.0130176389819,-9.27036225562e-15,0.0,-2.97336259363e-15,4.32986979604e-14,0.0,-1.60934477015e-15,-1.88411095042e-15,0.0,-5.23821323135e-15,1.94641776441e-15,0.0,0.0,-5.64918269215e-15,-3.52066691756e-15,0.0,-5.23821323135e-15,1.94641776441e-15,0.0,0.0,-5.64918269215e-15,-3.52066691756e-15,0.0
0.0100462436676,1.87133938646,0.842255759794,1.20482881982,0.0,0.0,1.9254993962,0.0378822098258,-0.366144749643,0.293215795269,0.0727459481119,0.233112043873,0.124931924886,-2.46469511467e-14,0.0,-2.02149404056e-15,-4.06261423684e-15,0.723449652912,-0.755153024121,0.126747400097,0.367732932186,0.78864464571,-0.151518924123,2.03297700471,0.291303122735,-0.088385683671,0.314142883266,0.0135887532734,-9.38138455808e-15,0.0,-2.75747488056e-15,4.19664303308e-14,0.0,-1.53084014722e-15,-1.81541940535e-15,0.0,-4.66867851271e-15,1.88496765378e-15,0.0,7.21124973053e-16,-5.21194201518e-15,-2.84512718434e-15,0.0,-4.66867851271e-15,1.88496765378e-15,0.0,7.21124973053e-16,-5.21194201518e-15,-2.84512718434e-15,0.0
0.00999093055725,1.87129697643,0.841871990351,1.20452761133,0.0,0.0,1.93452708941,0.0416731845396,-0.372171788973,0.291134144315,0.0728281067797,0.233405728109,0.124536833945,-2.30926389122e-14,0.0,-2.41401715523e-15,-3.89579191311e-15,0.725744158598,-0.758787723944,0.118758562525,0.368644138582,0.777279280065,-0.148576615451,2.02515589313,0.291451336133,-0.0889318950464,0.320080285066,0.0136673602607,-9.99200722163e-15,0.0,-2.79672719203e-15,4.06341627013e-14,0.0,-1.57009245868e-15,-2.31588637656e-15,0.0,-4.82382260967e-15,2.32140957936e-15,0.0,5.14963667578e-16,-5.5355617644e-15,-2.46012713644e-15,0.0,-4.82382260967e-15,2.32140957936e-15,0.0,5.14963667578e-16,-5.5355617644e-15,-2.46012713644e-15,0.0
0.00992155075073,1.87041700531,0.841407316292,1.20438027246,0.0,0.0,1.92241427107,0.0381737728635,-0.378360464086,0.310626147513,0.0728214310653,0.233517129668,0.124135411764,-2.48689957516e-14,0.0,-2.35513868803e-15,-3.61121265497e-15,0.72708745925,-0.76113319549,0.116628641804,0.369291509786,0.765862892632,-0.150580198328,2.00267076104,0.291875691959,-0.0947327291192,0.325369485759,0.014738937594,-1.02695629778e-14,0.0,-3.1009326059e-15,4.24105195407e-14,0.0,-1.53084014722e-15,-2.84579258136e-15,0.0,-4.23439382965e-15,2.97200420457e-15,0.0,1.7102730431e-15,-4.88036413331e-15,-1.80570669251e-15,0.0,-4.23439382965e-15,2.97200420457e-15,0.0,1.7102730431e-15,-4.88036413331e-15,-1.80570669251e-15,0.0
0.00998663902283,1.87045097972,0.841206984526,1.20407119043,0.0,0.0,1.93772218181,0.0456858983796,-0.382641355925,0.30091985592,0.073675854757,0.234013335708,0.123815769885,-2.55351295664e-14,0.0,-2.00186788482e-15,-3.53270803204e-15,0.726365229341,-0.763435842443,0.109855064815,0.369551832032,0.75494242045,-0.146104855948,1.99430897685,0.291990118753,-0.0971476664558,0.329424916329,0.0155317648336,-1.12132525487e-14,0.0,-3.26775492964e-15,4.66293670343e-14,0.0,-9.4205547521e-16,-2.96354951577e-15,0.0,-4.36453878135e-15,2.04168987511e-15,0.0,1.68559459568e-15,-5.54262274604e-15,-2.19072029823e-15,0.0,-4.36453878135e-15,2.04168987511e-15,0.0,1.68559459568e-15,-5.54262274604e-15,-2.19072029823e-15,0.0
0.0100252628326,1.87009907517,0.840908687104,1.20386708887,0.0,0.0,1.94453053494,0.0508745224503,-0.387979645049,0.299895771281,0.0734238099967,0.234371795852,0.123041604526,-2.79776202206e-14,0.0,-2.45326946669e-15,-3.41495109764e-15,0.725690886651,-0.76827204254,0.103386541164,0.370307592251,0.744404375335,-0.141600962377,1.98868926468,0.292327266336,-0.0988982728034,0.334484645635,0.0156801423538,-1.22124532709e-14,0.0,-3.35607263044e-15,4.97379915032e-14,0.0,-9.02803163743e-16,-2.42383023309e-15,-2.22044604925e-16,-4.42954490579e-15,1.34991374936e-15,0.0,1.52824254307e-15,-5.90528987219e-15,-2.01041573732e-15,0.0,-4.42954490579e-15,1.34991374936e-15,0.0,1.52824254307e-15,-5.90528987219e-15,-2.01041573732e-15,0.0
0.00994849205017,1.87003740815,0.84067320776,1.20351821192,0.0,0.0,1.95252570801,0.0552096119071,-0.391251160501,0.296801875484,0.0739585693488,0.234306710625,0.122816221649,-2.81996648255e-14,0.0,-2.53177408963e-15,-2.73784872483e-15,0.724300169823,-0.768901061823,0.106175441436,0.370495640335,0.735819142318,-0.145779683439,1.97218830756,0.293040023174,-0.099450823412,0.338236404336,0.0160548979267,-1.28785870857e-14,0.0,-3.5130818763e-15,5.30686605771e-14,0.0,-1.41308321282e-15,-2.51214793389e-15,0.0,-4.48501427199e-15,1.87221116474e-15,0.0,1.31465486428e-15,-5.65258661619e-15,-2.44494102206e-15,0.0,-4.48501427199e-15,1.87221116474e-15,0.0,1.31465486428e-15,-5.65258661619e-15,-2.44494102206e-15,0.0
0.0100774765015,1.8697514748,0.840350874208,1.20332412012,0.0,0.0,1.95506462474,0.0562145928356,-0.395577192845,0.300426602234,0.0737322476072,0.234398255097,0.122491806486,-2.79776202206e-14,0.0,-2.41401715523e-15,-2.8948579707e-15,0.726138046054,-0.770536578863,0.098844858883,0.371615636142,0.725501684617,-0.145465393923,1.96884343635,0.292830546812,-0.0961100537348,0.33989021138,0.0156546388235,-1.33226762955e-14,0.0,-3.38551186404e-15,5.59552404411e-14,0.0,-1.41308321282e-15,-2.45326946669e-15,0.0,-4.51176253603e-15,1.72766853838e-15,0.0,2.09004254895e-15,-5.64141557827e-15,-2.64972456872e-15,0.0,-4.51176253603e-15,1.72766853838e-15,0.0,2.09004254895e-15,-5.64141557827e-15,-2.64972456872e-15,0.0
0.00994420051575,1.86960077174,0.840115859175,1.20313997705,0.0,0.0,1.95875367656,0.0571265412744,-0.40065888502,0.30097596628,0.0739082513777,0.234186379817,0.12189780636,-2.93098878501e-14,0.0,-1.90373710615e-15,-2.62009179043e-15,0.72832415006,-0.774388193111,0.0883253177679,0.371660797317,0.716809467591,-0.138082650701,1.9636338603,0.293086273629,-0.104156407497,0.343965424142,0.0169189678723,-1.32671651443e-14,0.0,-2.48270870029e-15,5.9285909515e-14,0.0,-1.84485863895e-15,-2.25700790936e-15,0.0,-4.53703010934e-15,1.72710391875e-15,0.0,2.61478075063e-15,-5.87430514456e-15,-3.26852375594e-15,0.0,-4.53703010934e-15,1.72710391875e-15,0.0,2.61478075063e-15,-5.87430514456e-15,-3.26852375594e-15,0.0
0.00995469093323,1.86930580594,0.839784595151,1.20278530176,0.0,0.0,1.96430029764,0.0601961533973,-0.403956011958,0.299694872155,0.0740853075584,0.234527388058,0.121411024939,-2.90878432452e-14,0.0,-2.13925097496e-15,-2.70840949123e-15,0.728648261746,-0.776683499361,0.0790260339526,0.373109111668,0.708961048861,-0.132719907516,1.96202368488,0.292870580175,-0.106404140826,0.341807242414,0.0181212697295,-1.39888101103e-14,0.0,-2.36495176589e-15,6.12843109593e-14,0.0,-2.23738175362e-15,-2.29626022083e-15,0.0,-3.94702236566e-15,2.50908135571e-15,0.0,3.21541061474e-15,-5.17350282366e-15,-2.39843122722e-15,0.0,-3.94702236566e-15,2.50908135571e-15,0.0,3.21541061474e-15,-5.17350282366e-15,-2.39843122722e-15,0.0
0.0100421905518,1.86913504711,0.839510319695,1.20257405908,0.0,0.0,1.96941560296,0.0613684674136,-0.408507022976,0.298643140458,0.0737187987692,0.234280927579,0.12165204678,-3.08642000846e-14,0.0,-2.11962481922e-15,-2.6887833355e-15,0.732770570482,-0.77991985792,0.0626484282643,0.373341890412,0.700209167216,-0.124525399194,1.95998093901,0.293148498004,-0.105531485187,0.343115872524,0.0182826158939,-1.45994327738e-14,0.0,-1.63878400375e-15,5.81756864904e-14,0.0,-2.04112019629e-15,-2.37476484376e-15,0.0,-4.06372522118e-15,2.3551267092e-15,0.0,2.97294729608e-15,-5.43909265879e-15,-2.38834732392e-15,0.0,-4.06372522118e-15,2.3551267092e-15,0.0,2.97294729608e-15,-5.43909265879e-15,-2.38834732392e-15,0.0
0.0100326538086,1.86886775375,0.839230195991,1.20230831201,0.0,0.0,1.97087688331,0.0622970435192,-0.413199174681,0.30059009737,0.0738168410475,0.234299131276,0.12087324073,-3.10862446895e-14,0.0,-1.74672786029e-15,-2.93411028217e-15,0.731114933692,-0.780714912284,0.0658804162203,0.373769637627,0.695628853895,-0.132178936121,1.95058255392,0.293816701985,-0.100045498556,0.348471122989,0.017447928728,-1.42108547152e-14,0.0,-1.58971861442e-15,5.83977310953e-14,0.0,-2.04112019629e-15,-1.64859708162e-15,0.0,-4.10126127284e-15,2.35513864123e-15,0.0,2.82673941407e-15,-5.78062816572e-15,-3.19338125339e-15,0.0,-4.10126127284e-15,2.35513864123e-15,0.0,2.82673941407e-15,-5.78062816572e-15,-3.19338125339e-15,0.0
0.00996351242065,1.86832020923,0.838916791259,1.20191201074,0.0,0.0,1.96892856434,0.064440375339,-0.415149906715,0.305719781648,0.07409689239,0.234248337987,0.120013020779,-3.15303338994e-14,0.0,-2.09999866349e-15,-2.29626022083e-15,0.729019667368,-0.783517583928,0.0560645978108,0.374447678304,0.689134774108,-0.124240109203,1.94083715018,0.29349822464,-0.107301104984,0.352757145856,0.01792450901,-1.44328993201e-14,0.0,-2.44345638883e-15,5.79536418854e-14,0.0,-2.23738175362e-15,-1.62897092588e-15,0.0,-4.10238379072e-15,2.82003325178e-15,0.0,2.7617703389e-15,-5.40316352908e-15,-3.29309084055e-15,0.0,-4.10238379072e-15,2.82003325178e-15,0.0,2.7617703389e-15,-5.40316352908e-15,-3.29309084055e-15,0.0
0.00998091697693,1.86776120203,0.838728747545,1.20161812647,0.0,0.0,1.96999585874,0.0682194336955,-0.415979242889,0.307923014685,0.074441563259,0.234403846516,0.119371502655,-3.39728245535e-14,0.0,-2.13925097496e-15,-1.40327013495e-15,0.723694352861,-0.7858562445,0.041146027673,0.375173235118,0.685505991178,-0.110737224855,1.95239643428,0.293515971697,-0.107175149798,0.359034324888,0.0181008069845,-1.44884104714e-14,0.0,-2.57102640109e-15,6.19504447741e-14,0.0,-2.7476618027e-15,-1.08925164321e-15,0.0,-4.10753052189e-15,4.08221643487e-15,0.0,2.82694985147e-15,-5.37941640732e-15,-3.34175857085e-15,0.0,-4.10753052189e-15,4.08221643487e-15,0.0,2.82694985147e-15,-5.37941640732e-15,-3.34175857085e-15,0.0
0.0100409984589,1.86751688801,0.838439409907,1.20142299707,0.0,0.0,1.97376508628,0.0650272495832,-0.421712182385,0.309752945711,0.0736083515886,0.234260148652,0.119704127897,-3.48610029732e-14,0.0,-2.08037250776e-15,-6.77102372807e-16,0.727353326538,-0.787463896944,0.0290827261862,0.375771006377,0.681001295706,-0.110563764817,1.94463675731,0.293305479562,-0.104748462163,0.364576439717,0.0174644099777,-1.51545442861e-14,0.0,-2.20794252002e-15,6.06181771445e-14,0.0,-2.70840949123e-15,-1.61915784802e-15,0.0,-4.12607625739e-15,4.08224029899e-15,0.0,3.42660643918e-15,-5.5738573607e-15,-3.21700255491e-15,0.0,-4.12607625739e-15,4.08224029899e-15,0.0,3.42660643918e-15,-5.5738573607e-15,-3.21700255491e-15,0.0
0.0100228786469,1.86741409703,0.838212019922,1.20130159814,0.0,0.0,1.97930885418,0.0660995781304,-0.426031888389,0.307307365545,0.0725237499619,0.233976686183,0.119388377938,-3.59712259979e-14,0.0,-1.94298941762e-15,-6.47663139207e-16,0.729984553711,-0.791763026118,0.0114444588501,0.376583061901,0.67676440363,-0.103406325099,1.94328132644,0.293283490859,-0.107702817691,0.36049573696,0.0184944019857,-1.56541446472e-14,0.0,-2.29626022083e-15,5.88418203051e-14,0.0,-2.39439099949e-15,-1.57009245868e-15,-1.11022302463e-16,-4.73822206613e-15,4.01661543398e-15,0.0,3.19588899415e-15,-5.59552670143e-15,-2.85554151186e-15,0.0,-4.73822206613e-15,4.01661543398e-15,0.0,3.19588899415e-15,-5.59552670143e-15,-2.85554151186e-15,0.0
0.0100009441376,1.86696748246,0.83778961055,1.20097090967,0.0,0.0,1.98066433287,0.0669404444022,-0.429501044937,0.30952518663,0.0724815138865,0.234300178508,0.119235555072,-3.70814490225e-14,0.0,-2.49252177816e-15,-6.77102372807e-16,0.726100959252,-0.791356028187,0.0187247503163,0.376487074295,0.673750513148,-0.115131588633,1.92686416219,0.294055028992,-0.100065773327,0.35823538558,0.0171905533665,-1.59872115546e-14,0.0,-2.47289562243e-15,5.81756864904e-14,0.0,-2.66915717976e-15,-1.62897092588e-15,-1.66533453694e-16,-4.70924131762e-15,4.21262064418e-15,0.0,3.47874286996e-15,-5.68702705886e-15,-2.90736701347e-15,0.0,-4.70924131762e-15,4.21262064418e-15,0.0,3.47874286996e-15,-5.68702705886e-15,-2.90736701347e-15,0.0
0.0100002288818,1.86647483703,0.837516710755,1.20089437158,0.0,0.0,1.97899290293,0.0667459872473,-0.432078132906,0.313883244061,0.0722069209686,0.23414529332,0.119208230676,-3.66373598126e-14,0.0,-2.8654187371e-15,-1.02056009814e-15,0.725651763707,-0.795290698323,0.0055026760171,0.377120567181,0.670454515264,-0.103921275117,1.93428651565,0.293617302892,-0.107818718709,0.359836608874,0.018437663108,-1.72639680329e-14,0.0,-2.27663406509e-15,5.6177285046e-14,0.0,-2.66915717976e-15,-1.88411095042e-15,-1.66533453694e-16,-5.32236336881e-15,3.6620139769e-15,0.0,3.35472301427e-15,-5.58664831701e-15,-3.08030826256e-15,0.0,-5.32236336881e-15,3.6620139769e-15,0.0,3.35472301427e-15,-5.58664831701e-15,-3.08030826256e-15,0.0
0.0100479125977,1.86608001008,0.837199549304,1.20065352686,0.0,0.0,1.97728124308,0.067096867269,-0.434827054665,0.316928885028,0.0718499366168,0.23420512258,0.118940105527,-3.73034936274e-14,0.0,-2.57102640109e-15,-1.12850395468e-15,0.725781700179,-0.797590347617,0.00110996570294,0.377683352985,0.667133668958,-0.103901099662,1.93032719266,0.293564154115,-0.104582839048,0.358554443367,0.0187500887532,-1.69309011255e-14,0.0,-2.21775559789e-15,5.81756864904e-14,0.0,-2.55140024536e-15,-2.27663406509e-15,-4.4408920985e-16,-5.2283638268e-15,3.79479299027e-15,0.0,3.05797270152e-15,-6.01280503075e-15,-3.8301911097e-15,0.0,-5.2283638268e-15,3.79479299027e-15,0.0,3.05797270152e-15,-6.01280503075e-15,-3.8301911097e-15,0.0
0.00983619689941,1.86572685913,0.836922789822,1.20055306299,0.0,0.0,1.97561841926,0.067188531295,-0.437441522455,0.319087160567,0.0723569960182,0.234403271829,0.118628836375,-3.93018950717e-14,0.0,-2.27663406509e-15,-1.02056009814e-15,0.723327896149,-0.797960368164,0.0010813802851,0.377578457978,0.666295679414,-0.10628098079,1.93090497431,0.293958548275,-0.101186140447,0.358291037841,0.0177062408272,-1.72084568817e-14,0.0,-2.06074635202e-15,5.79536418854e-14,0.0,-2.6299048683e-15,-1.70747554882e-15,-7.77156117238e-16,-5.82191689805e-15,3.92533494003e-15,0.0,3.00944420598e-15,-6.2977540531e-15,-4.07640849316e-15,0.0,-5.82191689805e-15,3.92533494003e-15,0.0,3.00944420598e-15,-6.2977540531e-15,-4.07640849316e-15,0.0
0.0100743770599,1.86538516281,0.836700010738,1.20029219873,0.0,0.0,1.97895875417,0.0702342046791,-0.4386911172,0.315690414922,0.0723053996123,0.234397632501,0.118104803678,-3.88578058619e-14,0.0,-1.33457858988e-15,-1.32476551201e-15,0.721412338217,-0.800460681118,-0.00112890036998,0.378458878817,0.664355163038,-0.103951838826,1.9304047044,0.293381476804,-0.10625902821,0.353615162615,0.0181452477745,-1.75415237891e-14,0.0,-2.25700790936e-15,6.26165785889e-14,0.0,-2.6299048683e-15,-1.21682165548e-15,-1.33226762955e-15,-6.38284619335e-15,3.76883562365e-15,0.0,2.29943266266e-15,-6.88788435952e-15,-3.87101426731e-15,0.0,-6.38284619335e-15,3.76883562365e-15,0.0,2.29943266266e-15,-6.88788435952e-15,-3.87101426731e-15,0.0
0.0100059509277,1.86509846614,0.83639784433,1.20008626611,0.0,0.0,1.98046706933,0.0722225727848,-0.440749798363,0.313665975726,0.0720261308153,0.234532285649,0.117645395932,-3.93018950717e-14,0.0,-1.13831703255e-15,-8.14485462942e-16,0.720814600091,-0.804799278924,-0.0075778257081,0.378975100341,0.663030079536,-0.0977791702879,1.91921642073,0.293791849068,-0.103731708229,0.357079984795,0.0180118421445,-1.848521336e-14,0.0,-1.64859708162e-15,6.28386231938e-14,0.0,-2.66915717976e-15,-9.22429319477e-16,-1.44328993201e-15,-6.29531006661e-15,3.7682242982e-15,0.0,2.3549402652e-15,-7.56168404571e-15,-3.58996263624e-15,0.0,-6.29531006661e-15,3.7682242982e-15,0.0,2.3549402652e-15,-7.56168404571e-15,-3.58996263624e-15,0.0
0.00991988182068,1.86470723871,0.836150140085,1.19991390283,0.0,0.0,1.98126916411,0.0736716732631,-0.442245596875,0.312125132966,0.0723949420878,0.23485203577,0.117652092455,-4.08562073062e-14,0.0,-1.39345705708e-15,-1.53084014722e-15,0.71844033077,-0.804057088854,-0.00304359519015,0.379484388299,0.663718822301,-0.103850045372,1.90499005669,0.293867554844,-0.107204086652,0.354437951986,0.0180760721181,-1.89848137211e-14,0.0,-1.92336326189e-15,6.46149800332e-14,0.0,-2.6299048683e-15,-1.21682165548e-15,-1.99840144433e-15,-7.56577527754e-15,3.15981108247e-15,0.0,1.88533688498e-15,-7.67764765927e-15,-4.09442959561e-15,0.0,-7.56577527754e-15,3.15981108247e-15,0.0,1.88533688498e-15,-7.67764765927e-15,-4.09442959561e-15,0.0
0.0100564956665,1.86431993265,0.835909803232,1.1999018789,0.0,0.0,1.9798707553,0.0731191525922,-0.444271690963,0.313066295515,0.0724987509232,0.234798443194,0.117719933322,-4.04121180964e-14,0.0,-8.24298540809e-16,-1.50140091362e-15,0.718361081947,-0.804711456578,-0.0078410820135,0.37998907419,0.663583440369,-0.103195792859,1.89222540713,0.293883033877,-0.112277512381,0.356167415274,0.0192616617935,-1.89848137211e-14,0.0,-2.35513868803e-15,6.48370246381e-14,0.0,-2.51214793389e-15,-1.39345705708e-15,-1.99840144433e-15,-7.75201379316e-15,2.5122245986e-15,0.0,1.78291837402e-15,-7.58377343955e-15,-4.40700124053e-15,0.0,-7.75201379316e-15,2.5122245986e-15,0.0,1.78291837402e-15,-7.58377343955e-15,-4.40700124053e-15,0.0
0.0100531578064,1.86390333328,0.835759415686,1.19992757471,0.0,0.0,1.97689486016,0.0719727268369,-0.445347420249,0.315193044824,0.0727388536439,0.234302002647,0.11757173175,-3.88578058619e-14,0.0,-3.53270803204e-16,-1.21682165548e-15,0.71719377969,-0.805527198152,-0.00995777290923,0.380276044319,0.664300662998,-0.102498493785,1.88927686593,0.294130925237,-0.118779459058,0.360038629004,0.0205412016237,-1.90403248723e-14,0.0,-2.41401715523e-15,6.57252030578e-14,0.0,-2.70840949123e-15,-1.05981240961e-15,-1.88737914186e-15,-7.77680681583e-15,3.76822220031e-15,0.0,2.13824476986e-15,-7.71733302009e-15,-4.57792768738e-15,0.0,-7.77680681583e-15,3.76822220031e-15,0.0,2.13824476986e-15,-7.71733302009e-15,-4.57792768738e-15,0.0
0.010017156601,1.86351202359,0.835584687994,1.19987538965,0.0,0.0,1.97410065456,0.0701692121595,-0.446018703502,0.317560674562,0.0730039951815,0.233864127123,0.117526983888,-4.04121180964e-14,0.0,0.0,-1.21682165548e-15,0.716400949492,-0.806074585378,-0.0131942904953,0.380945701866,0.665558736114,-0.100413840249,1.88430637911,0.293994526569,-0.131170205302,0.361218028879,0.0220311625691,-1.94844140822e-14,0.0,-2.21775559789e-15,6.5281113848e-14,0.0,-2.78691411416e-15,-1.21682165548e-15,-1.83186799063e-15,-7.75939392041e-15,4.23250314858e-15,0.0,1.55145902254e-15,-7.91832062185e-15,-4.59571475667e-15,0.0,-7.75939392041e-15,4.23250314858e-15,0.0,1.55145902254e-15,-7.91832062185e-15,-4.59571475667e-15,0.0
0.00995826721191,1.86322542114,0.835326882032,1.19980788476,0.0,0.0,1.97434408141,0.0708618808089,-0.446693968725,0.315646004351,0.072993258572,0.23368202959,0.11714799217,-4.10782519111e-14,0.0,0.0,-1.12850395468e-15,0.714939390009,-0.806258644032,-0.0105996290283,0.381491925924,0.666342033497,-0.104516661977,1.8827937958,0.294413246372,-0.135218910559,0.359032693945,0.0226836149504,-1.97619698383e-14,0.0,-2.39439099949e-15,6.48370246381e-14,0.0,-2.66915717976e-15,-7.26167762141e-16,-1.99840144433e-15,-8.33696454458e-15,3.72035679276e-15,0.0,1.43119911915e-15,-8.0087672972e-15,-5.23452059961e-15,0.0,-8.33696454458e-15,3.72035679276e-15,0.0,1.43119911915e-15,-8.0087672972e-15,-5.23452059961e-15,0.0
0.0100047588348,1.86286203905,0.835031198746,1.19971657618,0.0,0.0,1.97410535837,0.0722485452153,-0.447347461821,0.312753349687,0.0732260629673,0.233803654574,0.116483511833,-4.24105195407e-14,0.0,0.0,-1.93317633975e-15,0.713430795075,-0.807124656568,-0.0107595115391,0.381981179541,0.667626308894,-0.105269789358,1.88997242211,0.294551590038,-0.136517322849,0.358049467315,0.0231535598505,-1.97064586871e-14,0.0,-1.94298941762e-15,6.43929354283e-14,0.0,-2.70840949123e-15,-3.14018491737e-16,-1.88737914186e-15,-7.70783238215e-15,4.0820534195e-15,0.0,2.22307706956e-15,-7.43687144526e-15,-5.12450620663e-15,0.0,-7.70783238215e-15,4.0820534195e-15,0.0,2.22307706956e-15,-7.43687144526e-15,-5.12450620663e-15,0.0
0.0099561214447,1.86257256243,0.834571125444,1.19973860986,0.0,0.0,1.97281195414,0.0723494538139,-0.448782301203,0.311418105458,0.0734419335034,0.233981814744,0.116256632347,-4.17443857259e-14,0.0,0.0,-2.04112019629e-15,0.71254669947,-0.807832751917,-0.0111157678131,0.38205740092,0.6694446907,-0.105955845656,1.88992040469,0.294881786097,-0.145975292459,0.356106439949,0.0250168018048,-2.09277040142e-14,0.0,-2.47289562243e-15,6.17284001692e-14,0.0,-2.66915717976e-15,0.0,-2.60902410787e-15,-7.72989400919e-15,4.19202347085e-15,0.0,1.76092576848e-15,-7.73329651733e-15,-5.40051085729e-15,0.0,-7.72989400919e-15,4.19202347085e-15,0.0,1.76092576848e-15,-7.73329651733e-15,-5.40051085729e-15,0.0
0.00998950004578,1.86227592032,0.83417941054,1.19976149805,0.0,0.0,1.96886023324,0.0700040128308,-0.449799786179,0.31414028499,0.0734536792723,0.234035997068,0.116291849927,-4.30766533555e-14,0.0,3.72896958937e-16,-2.21775559789e-15,0.712843342079,-0.806733141817,-0.00765174730196,0.382612053529,0.67008156929,-0.111738126189,1.88811645576,0.294595748132,-0.151300797653,0.352269568217,0.0257976406595,-2.04281036531e-14,0.0,-2.29626022083e-15,5.97299987248e-14,0.0,-2.59065255683e-15,1.37383090135e-16,-2.60902410787e-15,-7.12360547581e-15,4.65612097057e-15,0.0,2.2311315222e-15,-6.98088675096e-15,-4.74431710781e-15,0.0,-7.12360547581e-15,4.65612097057e-15,0.0,2.2311315222e-15,-6.98088675096e-15,-4.74431710781e-15,0.0
0.00999808311462,1.86182117889,0.833745516529,1.19977053125,0.0,0.0,1.96187020474,0.0663106417638,-0.4503829183,0.319378437072,0.0734999406077,0.234141272129,0.116338486719,-4.30766533555e-14,0.0,4.90653893339e-16,-2.19812944216e-15,0.713329872482,-0.80554376579,-0.00989635303491,0.383029862619,0.672038927639,-0.113068835371,1.89049998713,0.294373773458,-0.153241116357,0.355604820757,0.0255982642015,-2.0650148258e-14,0.0,-2.31588637656e-15,5.9285909515e-14,0.0,-2.59065255683e-15,-3.72896958937e-16,-3.10862446895e-15,-7.10931554721e-15,4.55366989909e-15,0.0,2.78044410193e-15,-7.12957207621e-15,-5.41801652338e-15,0.0,-7.10931554721e-15,4.55366989909e-15,0.0,2.78044410193e-15,-7.12957207621e-15,-5.41801652338e-15,0.0
0.00997233390808,1.86134901903,0.833288931427,1.19975215967,0.0,0.0,1.95595152236,0.0635901683896,-0.450804968699,0.322395741354,0.0734720601917,0.234440039739,0.116365353728,-4.4408920985e-14,0.0,7.06541606408e-16,-2.33551253229e-15,0.713827136858,-0.804392449244,-0.0110699055784,0.383288003471,0.675158782289,-0.114728190609,1.88989750836,0.294295061211,-0.150942126397,0.355140872267,0.0251984677714,-2.09832151654e-14,0.0,-2.25700790936e-15,5.99520433298e-14,0.0,-2.55140024536e-15,-2.7476618027e-16,-3.66373598126e-15,-7.05927149189e-15,4.55326969959e-15,0.0,2.82600037808e-15,-7.18187019424e-15,-4.83523782719e-15,0.0,-7.05927149189e-15,4.55326969959e-15,0.0,2.82600037808e-15,-7.18187019424e-15,-4.83523782719e-15,0.0
0.0100033283234,1.86098001944,0.832872779874,1.19979903466,0.0,0.0,1.9498612661,0.0604133997797,-0.451384534626,0.325476283456,0.0730551922625,0.234365718774,0.116095139455,-4.52970994047e-14,0.0,4.12149270404e-16,-2.52196101176e-15,0.714297093999,-0.804498819864,-0.0109514130356,0.383396571755,0.67908188948,-0.115665861078,1.88271183315,0.29435635587,-0.153442564192,0.356355450658,0.0254412358929,-2.05391259556e-14,0.0,-2.09999866349e-15,5.86197757002e-14,0.0,-2.7476618027e-15,0.0,-3.66373598126e-15,-6.42689924241e-15,5.22055743125e-15,0.0,3.58483940863e-15,-6.18420597968e-15,-4.10481291283e-15,0.0,-6.42689924241e-15,5.22055743125e-15,0.0,3.58483940863e-15,-6.18420597968e-15,-4.10481291283e-15,0.0
0.0100531578064,1.8608738749,0.832539913941,1.19980721338,0.0,0.0,1.94685284193,0.0581322556467,-0.450864424373,0.325441276384,0.072180432931,0.234123714207,0.115797848159,-4.61852778244e-14,0.0,3.72896958937e-16,-2.69859641336e-15,0.71563022987,-0.802773732529,-0.0128524049038,0.383556541855,0.683106413485,-0.11842340828,1.88331676872,0.294256204019,-0.154718851265,0.35503648575,0.0253789953181,-2.07611705605e-14,0.0,-2.23738175362e-15,5.72875080707e-14,0.0,-2.70840949123e-15,0.0,-3.60822483003e-15,-5.8272225075e-15,5.9548516424e-15,0.0,4.65988233168e-15,-5.38252135767e-15,-3.7403083216e-15,0.0,-5.8272225075e-15,5.9548516424e-15,0.0,4.65988233168e-15,-5.38252135767e-15,-3.7403083216e-15,0.0
0.0100555419922,1.86065291881,0.832239047559,1.19970980127,0.0,0.0,1.94481459298,0.0564484043202,-0.449419769878,0.323679259883,0.0712370235609,0.234356925654,0.115789030556,-4.7517545454e-14,0.0,0.0,-2.78691411416e-15,0.716145857894,-0.799892131464,-0.0193051274117,0.38349695386,0.689043445661,-0.116859722233,1.89010748122,0.294438171177,-0.160261152434,0.354153530757,0.0265547791792,-2.15383266777e-14,0.0,-2.35513868803e-15,5.57331958362e-14,0.0,-2.6299048683e-15,-2.55140024536e-16,-3.66373598126e-15,-5.9098613757e-15,5.77801799072e-15,0.0,4.51161964533e-15,-5.14006470182e-15,-4.42694111893e-15,0.0,-5.9098613757e-15,5.77801799072e-15,0.0,4.51161964533e-15,-5.14006470182e-15,-4.42694111893e-15,0.0
