0.0,1.27134401101,1.16581968699,1.19410475977,0.0,0.0,0.922707081037,0.115453465258,-0.289860871678,0.127026028895,0.0675636046881,0.22229155708,0.135446387472,1.72972747237e-13,0.0,5.57597483911e-15,1.07207875695e-15,0.216653685399,-0.468283025233,1.48663133334,0.385614873692,-0.0519870268999,-0.824525694232,-0.53587469119,0.271445742843,-0.738323838468,0.00646528941887,0.758718060108,-4.8738790781e-14,0.0,9.2788784404e-15,-1.12576614697e-13,0.0,2.43364331096e-15,-1.65319696187e-15,3.25295346215e-14,0.0,0.0,0.0,0.0,0.0,0.0,0.0,0.0,0.0,0.0,0.0,0.0,0.0,0.0
0.00985312461853,1.27122246144,1.16585081515,1.19419704492,0.0,0.0,0.923266406282,0.110803921364,-0.287656376672,0.125171137972,0.067390581787,0.222306209488,0.136096002776,1.73638881051e-13,0.0,4.93965807119e-15,7.37207474741e-16,0.204230401111,-0.460458947209,1.50691391549,0.385443874863,-0.0614462769834,-0.836327096271,-0.500954960202,0.272694400587,-0.7466343935,0.0379300324368,0.72354469813,-4.90718576884e-14,0.0,9.25925228467e-15,-1.13020703907e-13,0.0,2.51214793389e-15,-2.38457792163e-15,3.29736238314e-14,0.0,0.0,0.0,0.0,0.0,0.0,0.0,0.0,0.0,0.0,0.0,0.0,0.0,0.0
0.0100865364075,1.27114540322,1.16586938089,1.19431710107,0.0,0.0,0.923590358553,0.107114734812,-0.284180353166,0.122695266705,0.067758339907,0.222572971098,0.136332132588,1.74971148681e-13,0.0,5.22117074249e-15,1.25607396695e-15,0.18484104571,-0.453001899749,1.53762675225,0.38552995115,-0.0765420036077,-0.850102277696,-0.48183693045,0.274288522405,-0.758528384675,0.0693303237065,0.688635297896,-4.94049245958e-14,0.0,8.89310181676e-15,-1.13686837722e-13,0.0,2.70840949123e-15,-2.6593441019e-15,3.30846461338e-14,0.0,0.0,0.0,0.0,0.0,0.0,0.0,0.0,0.0,0.0,0.0,0.0,0.0,0.0
0.00986528396606,1.27104699108,1.16594653214,1.19444265039,0.0,0.0,0.922444495349,0.102278075021,-0.28117282176,0.121851678255,0.0675458643927,0.222587042832,0.137000322522,1.74527059471e-13,0.0,5.19909131729e-15,1.30513935628e-15,0.170733928228,-0.444102325734,1.57814491673,0.385979013562,-0.108585870072,-0.861715115472,-0.447721103792,0.274939582485,-0.764094787179,0.123330788435,0.636851941864,-4.97379915032e-14,0.0,8.74038579246e-15,-1.1768364061e-13,0.0,2.59065255683e-15,-2.86051219816e-15,3.33066907388e-14,0.0,0.0,0.0,0.0,0.0,0.0,0.0,0.0,0.0,0.0,0.0,0.0,0.0,0.0
0.0101218223572,1.27084711485,1.16606477831,1.19451985986,0.0,0.0,0.918858117957,0.0970236415061,-0.278387128981,0.123077048038,0.0675480782146,0.222706734358,0.137293053238,1.76081371706e-13,0.0,6.2165848286e-15,1.27692675741e-15,0.157602894367,-0.436629335765,1.60383159502,0.386191182346,-0.123103619312,-0.871253552206,-0.394709647169,0.275783547361,-0.759779127027,0.169470695003,0.585759925278,-4.95159468983e-14,0.0,8.9421672061e-15,-1.20792265079e-13,0.0,2.59065255683e-15,-2.32692608916e-15,3.35287353437e-14,0.0,0.0,0.0,0.0,0.0,0.0,0.0,0.0,0.0,0.0,0.0,0.0,0.0,0.0
0.0100643634796,1.27074550858,1.16623501356,1.19469905908,0.0,0.0,0.915660989492,0.0923123380963,-0.274551906555,0.123286732945,0.0676445411881,0.222829092261,0.138086299812,1.75859327101e-13,0.0,6.30735579887e-15,1.40695003915e-15,0.132859529981,-0.425328958533,1.65271728327,0.384255966132,-0.159102714285,-0.879604201838,-0.338265452084,0.279066744929,-0.748910736028,0.224088324407,0.526373428648,-4.94049245958e-14,0.0,9.4499939857e-15,-1.1990408666e-13,0.0,2.6299048683e-15,-2.14047760969e-15,3.38618022511e-14,0.0,0.0,0.0,0.0,0.0,0.0,0.0,0.0,0.0,0.0,0.0,0.0,0.0,0.0
0.0100586414337,1.27068188716,1.16641276939,1.19483205469,0.0,0.0,0.913594071663,0.0865123236611,-0.270249735887,0.122952374266,0.0677749025104,0.222749181021,0.138646693304,1.7896795157e-13,0.0,6.3049025294e-15,1.88656421989e-15,0.10796049247,-0.417734713598,1.70016497757,0.384724670865,-0.18348188553,-0.89446074244,-0.264592410217,0.280796660598,-0.735293882046,0.291122036221,0.461720650784,-4.97379915032e-14,0.0,1.00081127894e-14,-1.23456800338e-13,0.0,2.66915717976e-15,-1.99205480696e-15,3.4083846856e-14,0.0,0.0,0.0,0.0,0.0,0.0,0.0,0.0,0.0,0.0,0.0,0.0,0.0,0.0
0.0100083351135,1.27060859409,1.16646743762,1.19486519678,0.0,0.0,0.917737809998,0.0844935506254,-0.266005097967,0.115552414458,0.0684517391308,0.22325652572,0.13915992714,1.79856129989e-13,0.0,6.20431848127e-15,1.10887779895e-15,0.0850893226539,-0.41120044974,1.72965073633,0.383719739011,-0.188120300696,-0.903874664439,-0.162276176909,0.282797077462,-0.712476584547,0.342959954393,0.393249871413,-4.95159468983e-14,0.0,9.86704979504e-15,-1.23234755733e-13,0.0,2.51214793389e-15,-1.42044302122e-15,3.4083846856e-14,0.0,0.0,0.0,0.0,0.0,0.0,0.0,0.0,0.0,0.0,0.0,0.0,0.0,0.0
0.00995373725891,1.2702240641,1.16662192094,1.19498616845,0.0,0.0,0.914176850785,0.0796842522625,-0.263308632517,0.116701892963,0.0687125521415,0.223481347364,0.139663604044,1.80522263804e-13,0.0,6.26933012213e-15,8.7581719961e-16,0.063061830085,-0.406950589468,1.76241876486,0.383948158851,-0.195845120773,-0.919222509236,-0.0773706347462,0.284180759144,-0.690076985519,0.392414687644,0.319332899897,-5.00710584106e-14,0.0,1.00130193283e-14,-1.26121335597e-13,0.0,2.51214793389e-15,-1.54065322508e-15,3.38618022511e-14,0.0,0.0,0.0,0.0,0.0,0.0,0.0,0.0,0.0,0.0,0.0,0.0,0.0,0.0
0.0100898742676,1.26998396015,1.16671358162,1.19523262841,0.0,0.0,0.910042978469,0.0735416789215,-0.260986839365,0.11899085581,0.068883543169,0.223538339343,0.140293203783,1.81188397619e-13,0.0,6.2497039664e-15,5.9369121094e-16,0.0421924691607,-0.400440455671,1.794863062,0.38330249536,-0.207725583941,-0.931030702683,0.00287242321014,0.286246729729,-0.659899167885,0.440143241837,0.246673084983,-5.04596364692e-14,0.0,1.00939772207e-14,-1.27231558622e-13,0.0,2.55140024536e-15,-1.51612053042e-15,3.35287353437e-14,0.0,0.0,0.0,0.0,0.0,0.0,0.0,0.0,0.0,0.0,0.0,0.0,0.0,0.0
0.00983858108521,1.26946073627,1.16703468479,1.1954798208,0.0,0.0,0.894641667556,0.0656867276271,-0.258926820176,0.132485680557,0.0691023728684,0.223542136041,0.14056996975,1.81410442224e-13,0.0,6.63118736847e-15,9.15069511077e-16,0.0233066356063,-0.39282871719,1.84043717799,0.383516279066,-0.248819515651,-0.937863131208,0.0310466130696,0.287127769706,-0.620799613853,0.464939089015,0.173344264017,-5.09592368303e-14,0.0,1.02203205982e-14,-1.25677246388e-13,0.0,2.55140024536e-15,-1.42044302122e-15,3.36397576461e-14,0.0,0.0,0.0,0.0,0.0,0.0,0.0,0.0,0.0,0.0,0.0,0.0,0.0,0.0
0.00999355316162,1.2696514647,1.16663941911,1.19566835839,0.0,0.0,0.905396881421,0.0636497379483,-0.255124383043,0.119886434811,0.0690153837442,0.22331076218,0.140910348451,1.82298620643e-13,0.0,6.39567349967e-15,8.14485462942e-16,0.00560848233127,-0.388481104558,1.86697762832,0.38318809592,-0.254771057733,-0.950249914011,0.0890579880509,0.288507457841,-0.585669481904,0.484347579086,0.110832114038,-5.03486141668e-14,0.0,1.01491757837e-14,-1.27453603227e-13,0.0,2.8654187371e-15,-1.57990553655e-15,3.33066907388e-14,0.0,0.0,0.0,0.0,0.0,0.0,0.0,0.0,0.0,0.0,0.0,0.0,0.0,0.0
0.00994729995728,1.26948437681,1.1664842047,1.19584127099,0.0,0.0,0.908434865886,0.0609934826667,-0.25249762681,0.114844237616,0.0690609933729,0.223262858199,0.14125581539,1.85407245112e-13,0.0,7.02861702208e-15,4.61214659738e-16,-0.00515217573605,-0.384719173389,1.89997899985,0.38302337587,-0.276971677148,-0.95584807574,0.123944500702,0.289002817673,-0.549634643355,0.491229323829,0.0611832478866,-5.14033260401e-14,0.0,1.02890121433e-14,-1.28785870857e-13,0.0,2.90467104856e-15,-1.53084014722e-15,3.33066907388e-14,0.0,0.0,0.0,0.0,0.0,0.0,0.0,0.0,0.0,0.0,0.0,0.0,0.0,0.0
0.00997591018677,1.26898355683,1.16658591933,1.19598152979,0.0,0.0,0.902811619407,0.0553694848974,-0.250410985476,0.118368317341,0.0693487785002,0.223297633798,0.141269136692,1.86073378927e-13,0.0,6.84707508154e-15,0.0,-0.0233256766,-0.38271828432,1.93817325877,0.382261722404,-0.29520089314,-0.964770678223,0.150450328573,0.291053408752,-0.521376158422,0.481325263941,0.0249743219241,-5.17363929475e-14,0.0,1.03159981074e-14,-1.30562227696e-13,0.0,3.02242798297e-15,-1.59217188388e-15,3.36397576461e-14,0.0,0.0,0.0,0.0,0.0,0.0,0.0,0.0,0.0,0.0,0.0,0.0,0.0,0.0
0.0100705623627,1.26888797452,1.16642504868,1.19619277246,0.0,0.0,0.909000381883,0.0549177642775,-0.246243339026,0.109779944226,0.0693291629213,0.223172748192,0.141403438886,1.88293824976e-13,0.0,7.28130377715e-15,-4.41588504005e-16,-0.0271034933821,-0.381281608665,1.95593949078,0.382088887244,-0.299550079892,-0.969334985906,0.173857968363,0.290957302125,-0.494202606679,0.44956439271,0.000400647432502,-5.184741525e-14,0.0,1.02571196402e-14,-1.29674049276e-13,0.0,3.14018491737e-15,-1.43270936855e-15,3.35287353437e-14,0.0,0.0,0.0,0.0,0.0,0.0,0.0,0.0,0.0,0.0,0.0,0.0,0.0,0.0
0.0101881027222,1.26849112425,1.16656680579,1.19636745507,0.0,0.0,0.907755511221,0.0506571099136,-0.243486029568,0.109778022948,0.0688618158664,0.222850678112,0.142088977226,1.90070181816e-13,0.0,6.18223905607e-15,-4.66121198672e-16,-0.0284866702116,-0.378214590547,1.97281402529,0.381194571547,-0.305025574138,-0.970651699983,0.195227305837,0.291360890961,-0.485976106001,0.394287574356,-0.0177726148956,-5.21804821574e-14,0.0,1.04263952334e-14,-1.30562227696e-13,0.0,3.2186895403e-15,-1.63633073428e-15,3.33066907388e-14,0.0,0.0,0.0,0.0,0.0,0.0,0.0,0.0,0.0,0.0,0.0,0.0,0.0,0.0
0.00996708869934,1.26798765031,1.16669958072,1.19649129541,0.0,0.0,0.905278864437,0.0479879693156,-0.240331120049,0.109721575749,0.0692710092743,0.222844341867,0.141913813266,1.91846538655e-13,0.0,6.1356269362e-15,-1.03527971494e-15,-0.0324534358876,-0.37739313458,1.9938954362,0.380741239331,-0.312884699291,-0.973840104545,0.207780827941,0.291876880105,-0.479058081683,0.343020594665,-0.023907172044,-5.20139487037e-14,0.0,1.03307177242e-14,-1.31450406116e-13,0.0,2.9831756715e-15,-1.63633073428e-15,3.36397576461e-14,0.0,0.0,0.0,0.0,0.0,0.0,0.0,0.0,0.0,0.0,0.0,0.0,0.0,0.0
0.00985622406006,1.26724417417,1.166987932,1.19649660547,0.0,0.0,0.897356048757,0.0437349968419,-0.237914395696,0.114615452894,0.0696658837544,0.223098837512,0.141925008487,1.91846538655e-13,0.0,6.08901481633e-15,-1.77126055495e-15,-0.0220529827876,-0.373040866674,2.00389225156,0.381320902506,-0.329430103675,-0.971725979858,0.19018297322,0.290210487482,-0.478638426427,0.286358227083,-0.028725648399,-5.20694598549e-14,0.0,1.06202035213e-14,-1.34781075189e-13,0.0,3.1009326059e-15,-1.69520920149e-15,3.34177130412e-14,0.0,0.0,0.0,0.0,0.0,0.0,0.0,0.0,0.0,0.0,0.0,0.0,0.0,0.0
0.00995898246765,1.26679963722,1.16705500974,1.19658412988,0.0,0.0,0.895773272862,0.0409156265961,-0.234834746078,0.114555725036,0.0697815948199,0.222731764196,0.141618984524,1.9251267247e-13,0.0,6.1650661698e-15,-1.19719549975e-15,-0.0170751333279,-0.370371564631,2.01921551427,0.380808057589,-0.345909355776,-0.965718251639,0.177353693865,0.290192734125,-0.490265041447,0.201438214074,-0.0274230879201,-5.23470156111e-14,0.0,1.05024465869e-14,-1.41442413337e-13,0.0,3.14018491737e-15,-1.09415818215e-15,3.35287353437e-14,0.0,0.0,0.0,0.0,0.0,0.0,0.0,0.0,0.0,0.0,0.0,0.0,0.0,0.0
0.0099835395813,1.26627985233,1.16710343369,1.19667073877,0.0,0.0,0.893864589165,0.0381386447942,-0.232051907258,0.11528282514,0.0702914757773,0.222461642559,0.141792983933,1.92734717075e-13,0.0,5.9001130674e-15,-1.36892436241e-15,-0.00437585634171,-0.366286264903,2.02207125308,0.380881585636,-0.351927567995,-0.962253627622,0.174538503981,0.288524801893,-0.504574828634,0.136340485708,-0.0239325463495,-5.28466159722e-14,0.0,1.03282644548e-14,-1.42330591757e-13,0.0,3.17943722883e-15,-1.17266280508e-15,3.33066907388e-14,0.0,0.0,0.0,0.0,0.0,0.0,0.0,0.0,0.0,0.0,0.0,0.0,0.0,0.0
0.0101029872894,1.26534658376,1.16725303464,1.19667507227,0.0,0.0,0.885737071534,0.0349075435643,-0.230548235527,0.121866793525,0.0707284764558,0.222261781868,0.141901113481,1.93178806285e-13,0.0,6.1061877026e-15,-1.24626088908e-15,0.0139396858185,-0.36661447542,2.00535216483,0.379982865927,-0.331166492683,-0.963484562093,0.184306445759,0.287403074142,-0.520468869138,0.0643337239681,-0.0187212136955,-5.30131494259e-14,0.0,1.05048998564e-14,-1.44773082411e-13,0.0,3.1009326059e-15,-1.30268608681e-15,3.33066907388e-14,0.0,0.0,0.0,0.0,0.0,0.0,0.0,0.0,0.0,0.0,0.0,0.0,0.0,0.0
0.0100917816162,1.26449552235,1.16726126927,1.19661666162,0.0,0.0,0.882581311701,0.0342335363268,-0.229711158273,0.12347892809,0.0707009823612,0.222172385356,0.141287424027,1.94066984704e-13,0.0,5.58118803673e-15,-9.96027403478e-16,0.035632452707,-0.36853192623,1.98868240969,0.379420007256,-0.32120904209,-0.963774063316,0.173338225398,0.28634389593,-0.530435951066,-0.0068845677043,-0.0101493330502,-5.29021271234e-14,0.0,1.13169320499e-14,-1.44328993201e-13,0.0,3.25794185177e-15,-1.22418146388e-15,3.33066907388e-14,0.0,0.0,0.0,0.0,0.0,0.0,0.0,0.0,0.0,0.0,0.0,0.0,0.0,0.0
0.0100796222687,1.26370556313,1.16729024649,1.19656514795,0.0,0.0,0.875402023372,0.0309761146128,-0.228201190864,0.13059836504,0.0708692403604,0.221812430936,0.141239651907,1.94289029309e-13,0.0,5.57628149779e-15,-9.51868553077e-16,0.0533259938792,-0.364334747657,1.98882279959,0.378834084113,-0.343074080803,-0.956192348519,0.129142690666,0.2851995364,-0.523905487192,-0.0695333600043,-0.00221796116354,-5.26245713672e-14,0.0,1.10838714505e-14,-1.45661260831e-13,0.0,3.4542034091e-15,-1.19474223028e-15,3.33066907388e-14,0.0,0.0,0.0,0.0,0.0,0.0,0.0,0.0,0.0,0.0,0.0,0.0,0.0,0.0
0.00970768928528,1.2628698908,1.16720786981,1.19642446191,0.0,0.0,0.870776941883,0.0291878231323,-0.22703601979,0.135827285379,0.0711274509619,0.221613546374,0.141066533797,1.94511073914e-13,0.0,5.53457591686e-15,-1.62406438695e-15,0.0721457494377,-0.366327287535,1.96727412036,0.377954071344,-0.3237319149,-0.95902603977,0.125256707183,0.284110769653,-0.526931623809,-0.130028877464,0.00600151173309,-5.31241717283e-14,0.0,1.14837543736e-14,-1.4921397451e-13,0.0,3.29719416324e-15,-1.66086342895e-15,3.34732241924e-14,0.0,0.0,0.0,0.0,0.0,0.0,0.0,0.0,0.0,0.0,0.0,0.0,0.0,0.0
0.0101687908173,1.2619492074,1.16723200275,1.19622811181,0.0,0.0,0.868473339396,0.0292697425075,-0.226505329446,0.13845690946,0.070803240865,0.221471081502,0.140696076084,1.95621296939e-13,0.0,5.05128183192e-15,-1.76635401602e-15,0.102706251409,-0.369916537263,1.92835250311,0.377205843167,-0.292322927013,-0.958997951317,0.135039610673,0.282228964459,-0.529789377878,-0.177782996872,0.0156925216065,-5.3290705182e-14,0.0,1.11010443368e-14,-1.48547840695e-13,0.0,3.02242798297e-15,-1.70992881829e-15,3.34177130412e-14,0.0,0.0,0.0,0.0,0.0,0.0,0.0,0.0,0.0,0.0,0.0,0.0,0.0,0.0
0.0100734233856,1.26112218852,1.1671553867,1.19613185937,0.0,0.0,0.866857621978,0.0292020155919,-0.226741651345,0.140499801602,0.0708227635655,0.221329854155,0.140339230231,1.96287430754e-13,0.0,4.51156254925e-15,-1.61915784802e-15,0.125931400887,-0.368841557764,1.92443273992,0.376300436492,-0.319140996464,-0.949801932029,0.0811367670299,0.281166249935,-0.51942908108,-0.232380832002,0.0250213300126,-5.44564393579e-14,0.0,1.10887779895e-14,-1.54321000423e-13,0.0,2.94392336003e-15,-1.50140091362e-15,3.34732241924e-14,0.0,0.0,0.0,0.0,0.0,0.0,0.0,0.0,0.0,0.0,0.0,0.0,0.0,0.0
0.00992798805237,1.26016099399,1.1668949756,1.19615193995,0.0,0.0,0.864750502862,0.0287465428612,-0.227660565495,0.144198168105,0.0707044970063,0.221081572077,0.140218449534,1.97175609173e-13,0.0,4.54590832178e-15,-1.48668129682e-15,0.168141545442,-0.370144631273,1.87977151734,0.375854971616,-0.301367796418,-0.940525299138,0.0765704471321,0.278005345859,-0.519288302339,-0.273733096729,0.034035752547,-5.52891066263e-14,0.0,1.1049525678e-14,-1.54987134238e-13,0.0,2.94392336003e-15,-1.22418146388e-15,3.34177130412e-14,0.0,0.0,0.0,0.0,0.0,0.0,0.0,0.0,0.0,0.0,0.0,0.0,0.0,0.0
0.00984406471252,1.25940865833,1.16666639865,1.19611183984,0.0,0.0,0.862817633906,0.0275605059573,-0.227224381047,0.147341089444,0.0710451475976,0.220546478704,0.140283822054,1.97397653778e-13,0.0,4.73481007072e-15,-8.92990085876e-16,0.204735135922,-0.369160110108,1.83945132115,0.37511847246,-0.287443262738,-0.930889423362,0.0719341786869,0.275172147513,-0.519500215295,-0.319530222186,0.0423807630834,-5.50670620214e-14,0.0,1.11525629956e-14,-1.57429624892e-13,0.0,2.8654187371e-15,-1.09170491268e-15,3.32511795875e-14,0.0,0.0,0.0,0.0,0.0,0.0,0.0,0.0,0.0,0.0,0.0,0.0,0.0,0.0
0.0099949836731,1.25861385328,1.16655012045,1.19603987939,0.0,0.0,0.865019713195,0.0293572553947,-0.227123524803,0.147417955653,0.0709235387559,0.220413062066,0.139758175228,1.97175609173e-13,0.0,5.35303397632e-15,-8.29205079742e-16,0.231891602289,-0.371977390332,1.82224310742,0.374338911952,-0.295518968752,-0.920557940627,0.0395700834873,0.273735624309,-0.515119896302,-0.351722979176,0.0532886799097,-5.52891066263e-14,0.0,1.10642452948e-14,-1.58539847916e-13,0.0,2.82616642563e-15,-1.06717221801e-15,3.33066907388e-14,0.0,0.0,0.0,0.0,0.0,0.0,0.0,0.0,0.0,0.0,0.0,0.0,0.0,0.0
0.0101566314697,1.25762333011,1.16661264967,1.19603218896,0.0,0.0,0.859583233759,0.0292990376433,-0.22751523874,0.155510352358,0.0710545290873,0.220345285495,0.139548287311,1.97175609173e-13,0.0,5.27698262286e-15,-1.45724206322e-15,0.266691821806,-0.374668057159,1.77986269993,0.373659981409,-0.27799102946,-0.909288700434,0.0385193821619,0.271215308462,-0.509759205768,-0.386113530579,0.061939019368,-5.52891066263e-14,0.0,1.09931004803e-14,-1.487698853e-13,0.0,2.82616642563e-15,-1.17020953561e-15,3.33066907388e-14,0.0,0.0,0.0,0.0,0.0,0.0,0.0,0.0,0.0,0.0,0.0,0.0,0.0,0.0
0.00987195968628,1.25690719482,1.16647769895,1.19609175928,0.0,0.0,0.857976117773,0.0286300927945,-0.227615266536,0.158882253052,0.0717234119543,0.220058024015,0.139612851795,1.98729921408e-13,0.0,5.61798707873e-15,-1.60443823122e-15,0.306822614005,-0.375319612028,1.73771438477,0.3737969625,-0.267592475227,-0.89566087328,0.032190823783,0.267744969162,-0.504703934657,-0.412337927466,0.0711324576864,-5.46229728116e-14,0.0,1.11574695345e-14,-1.48547840695e-13,0.0,2.8654187371e-15,-1.18247588295e-15,3.31956684363e-14,0.0,0.0,0.0,0.0,0.0,0.0,0.0,0.0,0.0,0.0,0.0,0.0,0.0,0.0
0.00999736785889,1.25606751997,1.16638412629,1.19607473047,0.0,0.0,0.85585712742,0.0297046213134,-0.228071856477,0.163374229808,0.0720726530363,0.220098009807,0.13901198674,1.99840144433e-13,0.0,5.35794051526e-15,-1.65350362055e-15,0.342904870949,-0.382571158543,1.6838952468,0.373549236111,-0.229570509689,-0.88585376892,0.0526232855803,0.264897860154,-0.507067734315,-0.435191618147,0.0816701875444,-5.55666623825e-14,0.0,1.08385445039e-14,-1.50768286744e-13,0.0,2.70840949123e-15,-8.02219115609e-16,3.29736238314e-14,0.0,0.0,0.0,0.0,0.0,0.0,0.0,0.0,0.0,0.0,0.0,0.0,0.0,0.0
0.0102643966675,1.25535906221,1.16625121846,1.19612905175,0.0,0.0,0.857860575465,0.0310913813315,-0.228737750007,0.163667204884,0.0723225173525,0.219911284401,0.138511425824,2.01172412062e-13,0.0,5.22055742512e-15,-1.81541940535e-15,0.372504563101,-0.38316966959,1.6691704357,0.372891941497,-0.253151204496,-0.866862465336,0.0131695167501,0.263325219652,-0.498634230573,-0.460476049954,0.0894685357047,-5.58442181386e-14,0.0,1.08409977733e-14,-1.487698853e-13,0.0,2.59065255683e-15,-1.04999933174e-15,3.34177130412e-14,0.0,0.0,0.0,0.0,0.0,0.0,0.0,0.0,0.0,0.0,0.0,0.0,0.0,0.0
0.00987768173218,1.25481602165,1.16607944771,1.19629274804,0.0,0.0,0.860788052553,0.0325556994228,-0.229441705963,0.162667124694,0.0727368376057,0.219584187049,0.138412774373,2.00950367457e-13,0.0,5.33586109006e-15,-1.20210203868e-15,0.407784176722,-0.387526642259,1.6261696162,0.372359459668,-0.235722028991,-0.851892043683,0.0171207496885,0.260925456194,-0.493569278788,-0.482136616222,0.0977466893878,-5.60662627436e-14,0.0,1.08017454619e-14,-1.47215573065e-13,0.0,2.43364331096e-15,-9.91120864544e-16,3.31956684363e-14,0.0,0.0,0.0,0.0,0.0,0.0,0.0,0.0,0.0,0.0,0.0,0.0,0.0,0.0
0.00992941856384,1.25407216947,1.16602988448,1.196254479,0.0,0.0,0.86177180455,0.0340943158139,-0.230224105003,0.164686851513,0.0730757695978,0.219497507871,0.138337243642,2.02060590482e-13,0.0,5.75537016886e-15,-7.89952768275e-16,0.442355080543,-0.391908399497,1.58972980066,0.372215245497,-0.229039300177,-0.833894415762,0.0115474953425,0.258258643102,-0.490603161408,-0.502170174068,0.106883857505,-5.65103519534e-14,0.0,1.08091052703e-14,-1.44995127016e-13,0.0,2.59065255683e-15,-1.05735914014e-15,3.34177130412e-14,0.0,0.0,0.0,0.0,0.0,0.0,0.0,0.0,0.0,0.0,0.0,0.0,0.0,0.0
0.0100004673004,1.25349086475,1.16611451269,1.19624276026,0.0,0.0,0.863821432048,0.0359492196676,-0.229591187335,0.166033512786,0.0736478738166,0.219043966923,0.137986442237,2.02060590482e-13,0.0,6.33924830194e-15,-1.09170491268e-15,0.46001794957,-0.397130359851,1.57747140976,0.3714518315,-0.230155511415,-0.820704050227,-0.00705744765486,0.256979507398,-0.489258321456,-0.517451705088,0.116253945192,-5.65103519534e-14,0.0,1.08189183481e-14,-1.46549439251e-13,0.0,2.59065255683e-15,-1.08679837375e-15,3.31956684363e-14,0.0,0.0,0.0,0.0,0.0,0.0,0.0,0.0,0.0,0.0,0.0,0.0,0.0,0.0
0.009920835495,1.25291688213,1.16611340363,1.19616433008,0.0,0.0,0.863462957061,0.0363296529503,-0.229932612067,0.169194196106,0.0743229695931,0.218655979729,0.137452039666,2.03836947321e-13,0.0,6.77102372807e-15,-1.15794318828e-15,0.490777730853,-0.402571481249,1.53955848187,0.371474671306,-0.216281074255,-0.80404867475,-0.00361803051487,0.254259116221,-0.485089498596,-0.53454779293,0.124434253963,-5.72875080707e-14,0.0,1.07183343e-14,-1.46105350041e-13,0.0,2.51214793389e-15,-9.88667595077e-16,3.33066907388e-14,0.0,0.0,0.0,0.0,0.0,0.0,0.0,0.0,0.0,0.0,0.0,0.0,0.0,0.0
0.00999927520752,1.25218229874,1.16614648265,1.19609615381,0.0,0.0,0.862219335941,0.0377617746346,-0.230991313518,0.174115519155,0.0742240693974,0.218445294262,0.137080171073,2.04725125741e-13,0.0,6.47172485314e-15,-9.59228361477e-16,0.518146888337,-0.410891129868,1.50897214925,0.371297793905,-0.205742769693,-0.787009397603,-0.00835439271822,0.252075222352,-0.484400780412,-0.553126040787,0.133393949194,-5.72319969194e-14,0.0,1.09047827795e-14,-1.487698853e-13,0.0,2.70840949123e-15,-9.1261624161e-16,3.31956684363e-14,0.0,0.0,0.0,0.0,0.0,0.0,0.0,0.0,0.0,0.0,0.0,0.0,0.0,0.0
0.0100734233856,1.251651901,1.16615929012,1.19611885889,0.0,0.0,0.862934151014,0.0384994192635,-0.231875801416,0.176743908059,0.074752247108,0.217978099351,0.136274443815,2.06723527185e-13,0.0,6.0841082774e-15,-1.00584048134e-15,0.540674701213,-0.419147240167,1.47956467498,0.371545082498,-0.191247786495,-0.773440820782,-0.00749768031582,0.249695355022,-0.482655809401,-0.567138224433,0.141927486498,-5.71764857682e-14,0.0,1.09121425879e-14,-1.48103751485e-13,0.0,2.78691411416e-15,-7.72779882008e-16,3.31956684363e-14,0.0,0.0,0.0,0.0,0.0,0.0,0.0,0.0,0.0,0.0,0.0,0.0,0.0,0.0
0.00999522209167,1.25108892529,1.16619460099,1.19615523584,0.0,0.0,0.863301530417,0.0396021933447,-0.233756923434,0.180558270184,0.0752441278165,0.217793718404,0.135910453305,2.10498285469e-13,0.0,6.30735579887e-15,-7.28621031608e-16,0.560678858456,-0.426184947538,1.45990561901,0.371515293675,-0.188839244592,-0.75848185434,-0.0185452979012,0.247736118649,-0.47677048809,-0.587842994582,0.149950002425,-5.70099523145e-14,0.0,1.08679837375e-14,-1.40776279522e-13,0.0,2.9831756715e-15,-4.56308120805e-16,3.35287353437e-14,0.0,0.0,0.0,0.0,0.0,0.0,0.0,0.0,0.0,0.0,0.0,0.0,0.0,0.0
0.0100018978119,1.25068116796,1.16622781536,1.1962332998,0.0,0.0,0.868568266752,0.0419203631716,-0.235350499194,0.180255610155,0.0751601306606,0.217269036191,0.136036219739,2.11608508494e-13,0.0,6.01296346287e-15,-5.88784672006e-16,0.583550751857,-0.435247694861,1.43020925456,0.371162204645,-0.17532938382,-0.741382962433,-0.0187434180591,0.24546863025,-0.482943243993,-0.602852551313,0.159102098608,-5.70654634657e-14,0.0,1.07943856535e-14,-1.42108547152e-13,0.0,2.70840949123e-15,-5.37266013206e-16,3.36397576461e-14,0.0,0.0,0.0,0.0,0.0,0.0,0.0,0.0,0.0,0.0,0.0,0.0,0.0,0.0
0.0101115703583,1.25024723376,1.16629512549,1.19617549951,0.0,0.0,0.873005672222,0.0447124538679,-0.236598105112,0.181085767,0.0755392493431,0.217186631832,0.135818252545,2.14273043753e-13,0.0,5.77744959406e-15,-1.22418146388e-15,0.599175214609,-0.444537989709,1.40780656851,0.371348163194,-0.162413249912,-0.726911342798,-0.0192451519858,0.243074882308,-0.479671714219,-0.619787785081,0.166452773082,-5.71764857682e-14,0.0,1.12727731995e-14,-1.39666056498e-13,0.0,3.2186895403e-15,-5.27452935339e-16,3.35287353437e-14,0.0,0.0,0.0,0.0,0.0,0.0,0.0,0.0,0.0,0.0,0.0,0.0,0.0,0.0
0.0099835395813,1.24982815927,1.16642029727,1.1961126333,0.0,0.0,0.873762729906,0.0456469636516,-0.237547442699,0.185123824984,0.0756967632537,0.216824627718,0.135934022531,2.16715534407e-13,0.0,5.7381972826e-15,-1.32967205095e-15,0.613983428098,-0.452538617287,1.39472681698,0.370633251039,-0.156118401725,-0.711074838313,-0.0290220474881,0.24179605677,-0.482440420183,-0.625896986671,0.173049497942,-5.68434188608e-14,0.0,1.13659974392e-14,-1.39888101103e-13,0.0,3.25794185177e-15,-6.3049025294e-16,3.36397576461e-14,0.0,0.0,0.0,0.0,0.0,0.0,0.0,0.0,0.0,0.0,0.0,0.0,0.0,0.0
0.00983357429504,1.24949984551,1.16649465182,1.19610622461,0.0,0.0,0.8790545452,0.0480070318069,-0.238642739942,0.184679924479,0.0759153621739,0.21660342964,0.136012670604,2.18269846641e-13,0.0,5.62289361766e-15,-1.47932148842e-15,0.626679623519,-0.460371141399,1.37563470842,0.370467530606,-0.145111145169,-0.69738596513,-0.0288654393032,0.24011516174,-0.485081976292,-0.643644459918,0.181349169089,-5.72875080707e-14,0.0,1.11648293429e-14,-1.40776279522e-13,0.0,3.3364464747e-15,-3.75350228404e-16,3.35287353437e-14,0.0,0.0,0.0,0.0,0.0,0.0,0.0,0.0,0.0,0.0,0.0,0.0,0.0,0.0
0.0101120471954,1.24918950251,1.16656984566,1.19607589014,0.0,0.0,0.884334720036,0.0505389376608,-0.239661193704,0.184085083286,0.0765193290696,0.216492474664,0.135812507429,2.17825757431e-13,0.0,5.9001130674e-15,-1.06962548748e-15,0.636683318616,-0.469043139936,1.35575688418,0.370055316163,-0.129454587941,-0.684107857076,-0.0244030352492,0.238637668594,-0.488814983735,-0.655898775515,0.188438903908,-5.77871084317e-14,0.0,1.03564770536e-14,-1.40332190313e-13,0.0,3.17943722883e-15,-6.70969199141e-16,3.35287353437e-14,0.0,0.0,0.0,0.0,0.0,0.0,0.0,0.0,0.0,0.0,0.0,0.0,0.0,0.0
0.00993824005127,1.24878044033,1.16673334922,1.19599044092,0.0,0.0,0.888616939176,0.0535731012678,-0.240641463491,0.184755094132,0.0763286845141,0.216580390813,0.135577564458,2.18713935851e-13,0.0,6.4226594638e-15,-1.11133106841e-15,0.647048604613,-0.477122043817,1.35255691356,0.370254228387,-0.13257159248,-0.66748938532,-0.0425972898937,0.237203123825,-0.487493664696,-0.66485375334,0.193564552753,-5.80091530367e-14,0.0,1.03895961914e-14,-1.43218770177e-13,0.0,3.17943722883e-15,-1.02914654128e-15,3.37507799486e-14,0.0,0.0,0.0,0.0,0.0,0.0,0.0,0.0,0.0,0.0,0.0,0.0,0.0,0.0
0.00996589660645,1.24828866975,1.16694085047,1.19593080957,0.0,0.0,0.888902245145,0.0548298303386,-0.24198822951,0.189206259416,0.0772170386183,0.216719599644,0.135001312565,2.19380069666e-13,0.0,6.59438832647e-15,-1.23890108068e-15,0.651313374648,-0.482422796578,1.35247838677,0.369768201303,-0.137453815996,-0.655915217473,-0.0582974889497,0.236465544157,-0.486294718154,-0.678339631814,0.198833272645,-5.84532422465e-14,0.0,1.02092808856e-14,-1.46549439251e-13,0.0,3.37569878617e-15,-9.71494708811e-16,3.37507799486e-14,0.0,0.0,0.0,0.0,0.0,0.0,0.0,0.0,0.0,0.0,0.0,0.0,0.0,0.0
0.0100655555725,1.24786081704,1.16730982897,1.19593892724,0.0,0.0,0.890600273263,0.056862998214,-0.242722855253,0.192938844319,0.0771111802883,0.21663088694,0.135050370735,2.19380069666e-13,0.0,5.99088403767e-15,-1.60934477015e-15,0.657343908609,-0.490036388319,1.33509539198,0.369387593358,-0.123102547616,-0.64348121671,-0.0502834869861,0.234981633472,-0.492703275954,-0.683328264081,0.199968753759,-5.77315972805e-14,0.0,1.05257526468e-14,-1.44551037806e-13,0.0,3.65046496644e-15,-9.3837557101e-16,3.35287353437e-14,0.0,0.0,0.0,0.0,0.0,0.0,0.0,0.0,0.0,0.0,0.0,0.0,0.0,0.0
0.0100555419922,1.24745737251,1.1674929994,1.19596175439,0.0,0.0,0.893235822546,0.0590477692201,-0.244306824062,0.194789958786,0.0776460220091,0.216606853019,0.134565401174,2.2137847111e-13,0.0,4.95560432272e-15,-1.49158783575e-15,0.659509877893,-0.497859615811,1.33055530394,0.369116371419,-0.118296390431,-0.638293684051,-0.0578410283135,0.234007847189,-0.489711936779,-0.683880453179,0.203070556775,-5.77315972805e-14,0.0,9.24514598523e-15,-1.44328993201e-13,0.0,3.61121265497e-15,-8.64777487009e-16,3.35287353437e-14,0.0,0.0,0.0,0.0,0.0,0.0,0.0,0.0,0.0,0.0,0.0,0.0,0.0,0.0
0.0100286006927,1.24726105546,1.16768965414,1.19590102441,0.0,0.0,0.898164274287,0.0612211847457,-0.245213248955,0.194385019237,0.077845864183,0.216713826067,0.134479395157,2.22488694135e-13,0.0,4.87341979559e-15,-1.34193839828e-15,0.666977712535,-0.502736316631,1.33450846488,0.36890423473,-0.129332552466,-0.62171353951,-0.083141100706,0.233623658543,-0.483903053656,-0.705583378391,0.21066617074,-5.76760861293e-14,0.0,9.2475992547e-15,-1.45439216226e-13,0.0,3.65046496644e-15,-5.63025342606e-16,3.41948691585e-14,0.0,0.0,0.0,0.0,0.0,0.0,0.0,0.0,0.0,0.0,0.0,0.0,0.0,0.0
0.00980544090271,1.24685264134,1.16796578128,1.19588491113,0.0,0.0,0.901113774052,0.0626601355585,-0.246825110041,0.196881520474,0.0775757722731,0.21680449537,0.134355371918,2.25153229394e-13,0.0,5.91728595366e-15,-1.56518591975e-15,0.67196513454,-0.511618387457,1.32001225052,0.369637436616,-0.115059458552,-0.611998833144,-0.0783038397524,0.231834978853,-0.488094948616,-0.711759175996,0.214788986724,-5.77315972805e-14,0.0,9.3101576261e-15,-1.49658063719e-13,0.0,3.68971727791e-15,-7.33527570541e-16,3.48610029732e-14,0.0,0.0,0.0,0.0,0.0,0.0,0.0,0.0,0.0,0.0,0.0,0.0,0.0,0.0
0.00999736785889,1.24672500207,1.16799550352,1.19603249414,0.0,0.0,0.906974991242,0.0630508403223,-0.248887759784,0.195254910026,0.0778956612656,0.216752120888,0.13439259212,2.27595720048e-13,0.0,5.86576729486e-15,-1.54801303348e-15,0.676799074464,-0.518148199835,1.30290706923,0.369460403232,-0.0985287117282,-0.604893093195,-0.0676243890518,0.231101468152,-0.500904138665,-0.709904856024,0.219401140582,-5.7842619583e-14,0.0,9.3027978177e-15,-1.487698853e-13,0.0,3.02242798297e-15,-1.11255770315e-15,3.50830475782e-14,0.0,0.0,0.0,0.0,0.0,0.0,0.0,0.0,0.0,0.0,0.0,0.0,0.0,0.0
0.010053396225,1.24649219154,1.16833292158,1.19618087061,0.0,0.0,0.907040473925,0.0630848595181,-0.250240114603,0.199716484102,0.0775755834542,0.21655508002,0.134139087219,2.28483898468e-13,0.0,5.72102439633e-15,-1.08679837375e-15,0.682354573541,-0.524056560468,1.30248739567,0.369569680958,-0.0998307558547,-0.59202945197,-0.0808144420551,0.23012931423,-0.503179398287,-0.724275394341,0.222540406475,-5.77315972805e-14,0.0,9.2181600211e-15,-1.4921397451e-13,0.0,2.8654187371e-15,-7.44567283141e-16,3.56381590905e-14,0.0,0.0,0.0,0.0,0.0,0.0,0.0,0.0,0.0,0.0,0.0,0.0,0.0,0.0
0.00990962982178,1.24632807089,1.16860494896,1.19629470117,0.0,0.0,0.911537152077,0.0644319473251,-0.251622309309,0.199892559424,0.0776763989977,0.21661588961,0.134240251921,2.29816166097e-13,0.0,5.59222774933e-15,-1.07943856535e-15,0.683145913397,-0.529806072173,1.29195620328,0.369692102478,-0.0880714897546,-0.58414637341,-0.0748465087057,0.229354402687,-0.507735542223,-0.743951072543,0.230633766738,-5.77871084317e-14,0.0,9.14701520657e-15,-1.4788170688e-13,0.0,3.02242798297e-15,-5.15186588006e-16,3.57491813929e-14,0.0,0.0,0.0,0.0,0.0,0.0,0.0,0.0,0.0,0.0,0.0,0.0,0.0,0.0
0.0100927352905,1.24622679886,1.16877549351,1.19623665674,0.0,0.0,0.914972898578,0.0655143125475,-0.25183473407,0.199525904589,0.0780399866153,0.216696022534,0.133810876836,2.30482299912e-13,0.0,5.94917845673e-15,-3.94976384138e-16,0.6799048096,-0.532660574777,1.29663706675,0.369261099182,-0.0871102897811,-0.58204104917,-0.0801557172448,0.229558069342,-0.511441722781,-0.746764273243,0.2344641334,-5.83977310953e-14,0.0,9.6119097705e-15,-1.52766688188e-13,0.0,2.90467104856e-15,-4.58761390272e-16,3.63042929052e-14,0.0,0.0,0.0,0.0,0.0,0.0,0.0,0.0,0.0,0.0,0.0,0.0,0.0,0.0
0.0101051330566,1.24619018373,1.1688838575,1.19617299707,0.0,0.0,0.919598084774,0.0657256762791,-0.252704459372,0.197995046946,0.0779753146363,0.216732403529,0.13374644421,2.30926389122e-13,0.0,5.83632806126e-15,-3.72896958937e-16,0.683079438697,-0.539268997299,1.28910663737,0.369254619027,-0.0719991742764,-0.573435121178,-0.0755213248892,0.229059555948,-0.519656693183,-0.755314971499,0.239179467951,-5.91748872125e-14,0.0,9.38988888377e-15,-1.55653268052e-13,0.0,3.06168029443e-15,1.86448479469e-16,3.67483821151e-14,0.0,0.0,0.0,0.0,0.0,0.0,0.0,0.0,0.0,0.0,0.0,0.0,0.0,0.0
0.0100800991058,1.2455913955,1.16950172375,1.19621724756,0.0,0.0,0.908429477644,0.0627500077748,-0.254562001762,0.213377329477,0.0782538677943,0.216958404371,0.134035250876,2.30926389122e-13,0.0,6.02277654073e-15,-3.21378300137e-16,0.686275457831,-0.541203291819,1.2780843187,0.369478214041,-0.0683624424921,-0.564969401653,-0.0702694665209,0.228183357811,-0.522427632497,-0.769526586029,0.24331172027,-5.91748872125e-14,0.0,9.59473688424e-15,-1.55875312657e-13,0.0,2.78691411416e-15,0.0,3.71924713249e-14,0.0,0.0,0.0,0.0,0.0,0.0,0.0,0.0,0.0,0.0,0.0,0.0,0.0,0.0
0.00981426239014,1.24552359635,1.16976952349,1.19629164941,0.0,0.0,0.91422941999,0.0640851684374,-0.254975580622,0.211380208842,0.0779696251531,0.217026282781,0.133942068309,2.31148433727e-13,0.0,5.64742631233e-15,-3.1156522227e-16,0.687154271409,-0.543856462841,1.28877549234,0.369803735538,-0.075596464881,-0.557017524438,-0.0874384595854,0.227787841718,-0.523699607444,-0.77442254006,0.245120289884,-5.88973314564e-14,0.0,9.51500562657e-15,-1.60316204756e-13,0.0,2.70840949123e-15,0.0,3.76365605348e-14,0.0,0.0,0.0,0.0,0.0,0.0,0.0,0.0,0.0,0.0,0.0,0.0,0.0,0.0
0.0100815296173,1.24539245864,1.17002622459,1.19626125391,0.0,0.0,0.912159831887,0.0615537808371,-0.256477851064,0.216026828832,0.0778401564526,0.217077617405,0.133942937526,2.32702745961e-13,0.0,5.59958755773e-15,-4.78387546005e-16,0.689574407653,-0.547005158032,1.28493632512,0.369199213504,-0.068427263565,-0.55174824926,-0.0867921202465,0.228433717697,-0.525269572337,-0.775332950179,0.245862153585,-5.90638649101e-14,0.0,1.00240590409e-14,-1.60760293966e-13,0.0,2.66915717976e-15,0.0,3.83026943496e-14,0.0,0.0,0.0,0.0,0.0,0.0,0.0,0.0,0.0,0.0,0.0,0.0,0.0,0.0
0.00993585586548,1.24573164311,1.16992506593,1.19625643213,0.0,0.0,0.927724747607,0.0645495087656,-0.256696846646,0.20248662053,0.0782838173795,0.217277375912,0.134022750004,2.32924790566e-13,0.0,5.45116475499e-15,-7.45793917875e-16,0.691463888902,-0.547924761926,1.28610399119,0.369434391354,-0.069329333275,-0.547133548887,-0.0907274246799,0.227924516289,-0.525832794679,-0.77273118452,0.244813946967,-5.91193760613e-14,0.0,9.93819460957e-15,-1.58317803312e-13,0.0,2.66915717976e-15,0.0,3.83026943496e-14,0.0,0.0,0.0,0.0,0.0,0.0,0.0,0.0,0.0,0.0,0.0,0.0,0.0,0.0
0.00994825363159,1.2456408684,1.17021117722,1.19617372949,0.0,0.0,0.930537160045,0.0646054100748,-0.257043298644,0.20224216894,0.0781735767917,0.217449682244,0.134025293,2.34479102801e-13,0.0,5.99456394187e-15,-1.69275593202e-16,0.693548908777,-0.549944503434,1.28311611753,0.369635350251,-0.0667539716483,-0.53978108703,-0.0909847698675,0.227757356707,-0.520272781637,-0.772844108786,0.242110540026,-5.91748872125e-14,0.0,9.44018090784e-15,-1.59428026336e-13,0.0,2.90467104856e-15,-2.33060599336e-16,3.83026943496e-14,0.0,0.0,0.0,0.0,0.0,0.0,0.0,0.0,0.0,0.0,0.0,0.0,0.0,0.0
0.010018825531,1.24549345125,1.17050641776,1.19612758691,0.0,0.0,0.931180976768,0.064891149715,-0.257143977438,0.203583826733,0.0780067284789,0.217638055562,0.133774278352,2.36033415035e-13,0.0,6.33924830194e-15,-1.57009245868e-16,0.694912679565,-0.55149334282,1.28543955691,0.369991005262,-0.0687920190842,-0.533141652117,-0.095911053927,0.227759165408,-0.515863983914,-0.775585531981,0.242438448246,-5.93414206662e-14,0.0,9.4536738899e-15,-1.58761892521e-13,0.0,3.1009326059e-15,1.75408766869e-16,3.83026943496e-14,0.0,0.0,0.0,0.0,0.0,0.0,0.0,0.0,0.0,0.0,0.0,0.0,0.0,0.0
0.0102064609528,1.24536052856,1.17080221547,1.19614315087,0.0,0.0,0.932599165529,0.063891915856,-0.258325824657,0.20377958592,0.0781364924653,0.217703247987,0.133782355085,2.3669954885e-13,0.0,6.38340715234e-15,0.0,0.69715768836,-0.553214921643,1.2797962124,0.369714646154,-0.0641933142088,-0.527272526882,-0.0926141652887,0.227980285423,-0.523634370509,-0.786133061399,0.247529372399,-5.96189764224e-14,0.0,9.46348696777e-15,-1.59872115546e-13,0.0,3.06168029443e-15,0.0,3.83026943496e-14,0.0,0.0,0.0,0.0,0.0,0.0,0.0,0.0,0.0,0.0,0.0,0.0,0.0,0.0
0.00968933105469,1.24520711432,1.1711809697,1.19617989405,0.0,0.0,0.933422063232,0.0637485675952,-0.2585514735,0.204409042849,0.0779082292088,0.217573245135,0.133771049203,2.37809771875e-13,0.0,6.60542803907e-15,1.57009245868e-16,0.698966160008,-0.555679342008,1.27604956416,0.369844508785,-0.0591033299583,-0.521191359457,-0.0897999719183,0.227989893671,-0.524420031628,-0.786996715914,0.248454237449,-5.98410210273e-14,0.0,8.9164078767e-15,-1.62980740015e-13,0.0,2.70840949123e-15,1.69275593202e-16,3.8635761257e-14,0.0,0.0,0.0,0.0,0.0,0.0,0.0,0.0,0.0,0.0,0.0,0.0,0.0,0.0
0.010204076767,1.24504311286,1.171556534,1.19616439111,0.0,0.0,0.93489425444,0.0633185888813,-0.259857959422,0.204153434583,0.0781481193214,0.217851057504,0.133748849662,2.38697950294e-13,0.0,6.444738889e-15,5.17639857472e-16,0.699168603634,-0.555785108032,1.27495350188,0.370209708537,-0.0611250599849,-0.519196966785,-0.0915141135191,0.227749151389,-0.52670323376,-0.788935046424,0.250397409481,-5.98410210273e-14,0.0,8.77534488236e-15,-1.62980740015e-13,0.0,2.23738175362e-15,0.0,3.87467835594e-14,0.0,0.0,0.0,0.0,0.0,0.0,0.0,0.0,0.0,0.0,0.0,0.0,0.0,0.0
0.010112285614,1.2449903973,1.17179804193,1.19609133203,0.0,0.0,0.939162497209,0.0639705167647,-0.260433919054,0.200813244873,0.0778170259613,0.217964754113,0.13360237176,2.39142039504e-13,0.0,7.37452801688e-15,4.24415617738e-16,0.699492515533,-0.556968630745,1.26993136017,0.369973115867,-0.0586199444014,-0.517120985124,-0.0873680832571,0.228165692036,-0.531476950742,-0.794649252567,0.25401513896,-5.97299987248e-14,0.0,8.69684025943e-15,-1.60760293966e-13,0.0,2.19812944216e-15,-3.70443689471e-16,3.91908727693e-14,0.0,0.0,0.0,0.0,0.0,0.0,0.0,0.0,0.0,0.0,0.0,0.0,0.0,0.0
0.00980091094971,1.24483837387,1.17205068049,1.19609902246,0.0,0.0,0.941845429586,0.0641270003494,-0.261805592598,0.19925261346,0.0776472084882,0.21812861009,0.133692407952,2.41584530158e-13,0.0,7.18317299848e-15,1.54555976402e-16,0.703307125863,-0.557398650521,1.26240052503,0.369995255324,-0.0594245536727,-0.512296927788,-0.0835180622359,0.22796464784,-0.535122109091,-0.79944876533,0.254861972238,-6.05626659933e-14,0.0,7.92160710795e-15,-1.65645275274e-13,0.0,2.23738175362e-15,-5.8633140254e-16,3.96349619791e-14,0.0,0.0,0.0,0.0,0.0,0.0,0.0,0.0,0.0,0.0,0.0,0.0,0.0,0.0
0.0101969242096,1.24459735516,1.17241623888,1.19612984521,0.0,0.0,0.939470361104,0.0630584621585,-0.262707705286,0.202706035907,0.0779129279408,0.218303243768,0.133874397619,2.42472708578e-13,0.0,7.14637395648e-15,8.12032193476e-16,0.703777225344,-0.555546401309,1.25751215388,0.370131015171,-0.0625794578628,-0.510908899359,-0.07996214793,0.227768111521,-0.522543599801,-0.787009557557,0.244475221684,-6.02851102371e-14,0.0,8.03691077289e-15,-1.64757096854e-13,0.0,1.41308321282e-15,-9.44508744677e-16,3.99680288865e-14,0.0,0.0,0.0,0.0,0.0,0.0,0.0,0.0,0.0,0.0,0.0,0.0,0.0,0.0
0.00995230674744,1.24445737437,1.17270036626,1.19612191065,0.0,0.0,0.940254980388,0.0624786712053,-0.263480390452,0.202584729106,0.0779266133349,0.218458185897,0.133752631156,2.42694753183e-13,0.0,6.78329007541e-15,8.9789662481e-16,0.702555386088,-0.555282190212,1.2560427155,0.370520348416,-0.0628618620904,-0.511881342731,-0.0784034341675,0.227612256511,-0.516041299188,-0.779725364404,0.239626882982,-6.05626659933e-14,0.0,7.74497170635e-15,-1.66311409089e-13,0.0,1.84485863895e-15,-9.1261624161e-16,4.06341627013e-14,0.0,0.0,0.0,0.0,0.0,0.0,0.0,0.0,0.0,0.0,0.0,0.0,0.0,0.0
0.0100581645966,1.24432119916,1.17296476753,1.19610231836,0.0,0.0,0.940761401765,0.061883248631,-0.264221598414,0.2024437671,0.0777835379831,0.218584311727,0.13355271369,2.43360886998e-13,0.0,6.70723872194e-15,1.22908800281e-15,0.702446501881,-0.554263804145,1.25033527702,0.370702616301,-0.0641322646032,-0.512598432016,-0.0733974880251,0.227681452288,-0.515500080249,-0.782009043023,0.239817729712,-6.10067552032e-14,0.0,7.26658416035e-15,-1.66977542904e-13,0.0,1.88411095042e-15,-9.4205547521e-16,4.08562073062e-14,0.0,0.0,0.0,0.0,0.0,0.0,0.0,0.0,0.0,0.0,0.0,0.0,0.0,0.0
0.00974154472351,1.24344226895,1.17380805185,1.19601894434,0.0,0.0,0.918622212211,0.0554664406225,-0.265893735522,0.22525056906,0.0776541419785,0.218720568803,0.133465514285,2.42694753183e-13,0.0,6.481537931e-15,2.06074635202e-16,0.702893630351,-0.554839279932,1.24469592569,0.371010934487,-0.0608476984462,-0.511644326845,-0.0673409086365,0.227380975533,-0.520817598409,-0.790867127373,0.243224602111,-6.08402217495e-14,0.0,7.69835958648e-15,-1.66977542904e-13,0.0,1.60934477015e-15,-6.79555642274e-16,4.13002965161e-14,0.0,0.0,0.0,0.0,0.0,0.0,0.0,0.0,0.0,0.0,0.0,0.0,0.0,0.0
0.010044336319,1.24354308681,1.17391574435,1.1959499746,0.0,0.0,0.92950171789,0.0580797361098,-0.265895590733,0.213906239691,0.0774844217329,0.218928761805,0.133427211276,2.42250663973e-13,0.0,6.4668183142e-15,4.12149270404e-16,0.698412926795,-0.552975103511,1.25141378333,0.37063762194,-0.0663735346068,-0.516729758157,-0.0713698111163,0.228296775434,-0.519960141425,-0.79303891588,0.245644445025,-6.09512440519e-14,0.0,7.81120998195e-15,-1.57873714102e-13,0.0,1.57009245868e-15,0.0,4.16333634234e-14,0.0,0.0,0.0,0.0,0.0,0.0,0.0,0.0,0.0,0.0,0.0,0.0,0.0,0.0
0.00998830795288,1.24327049201,1.17419299846,1.19589601953,0.0,0.0,0.927377301574,0.0567367284866,-0.266794546416,0.215765961609,0.0761621487729,0.218740111827,0.133548003337,2.45803377652e-13,0.0,5.89765979793e-15,3.50817533737e-16,0.704389026027,-0.554306979884,1.24135100876,0.370809300772,-0.0647480623303,-0.514433913203,-0.0654728794753,0.228294704003,-0.519432471858,-0.794414751868,0.244789132818,-6.10622663544e-14,0.0,6.68025275781e-15,-1.55653268052e-13,0.0,1.49158783575e-15,-6.2313044454e-16,4.24105195407e-14,0.0,0.0,0.0,0.0,0.0,0.0,0.0,0.0,0.0,0.0,0.0,0.0,0.0,0.0
0.00992703437805,1.24288212016,1.17450146174,1.19587142236,0.0,0.0,0.922711949368,0.0551116854681,-0.268089906095,0.220283005955,0.0774775619243,0.219289945166,0.133442274616,2.46025422257e-13,0.0,5.55174880313e-15,6.10864097207e-16,0.699430865203,-0.552309262378,1.23911411196,0.371012506337,-0.0631606720435,-0.518623539754,-0.0581629962254,0.227968657423,-0.520644668451,-0.796755794375,0.244980708556,-6.0729199447e-14,0.0,6.41775292487e-15,-1.55875312657e-13,0.0,1.57009245868e-15,-7.21261223208e-16,4.2965631053e-14,0.0,0.0,0.0,0.0,0.0,0.0,0.0,0.0,0.0,0.0,0.0,0.0,0.0,0.0
0.0101239681244,1.24246335259,1.17498504901,1.19585475976,0.0,0.0,0.915472119172,0.0527162007715,-0.269083253704,0.227270263875,0.077427096628,0.219445975101,0.133513358929,2.48023823701e-13,0.0,6.00805692393e-15,4.31775426138e-16,0.699368575307,-0.550775544517,1.23807152067,0.370957727161,-0.0665191516193,-0.519916068687,-0.0572006622129,0.228191212184,-0.519037201224,-0.796709595267,0.243795600075,-6.15063555642e-14,0.0,6.52815005087e-15,-1.54321000423e-13,0.0,1.60934477015e-15,-5.7161178574e-16,4.32986979604e-14,0.0,0.0,0.0,0.0,0.0,0.0,0.0,0.0,0.0,0.0,0.0,0.0,0.0,0.0
0.0101492404938,1.24257583213,1.17506437157,1.19579830225,0.0,0.0,0.926045145784,0.0545789793755,-0.269184844714,0.21564673894,0.0772893011582,0.219629056543,0.133678619801,2.48245868306e-13,0.0,5.43889840766e-15,0.0,0.698758080394,-0.549286422753,1.245612048,0.371018131368,-0.0726846524361,-0.522579184003,-0.0653083857299,0.228560009695,-0.517909671881,-0.79513997935,0.243918233813,-6.13953332618e-14,0.0,5.91973922313e-15,-1.53210777398e-13,0.0,1.41308321282e-15,-2.6004656347e-16,4.38538094727e-14,0.0,0.0,0.0,0.0,0.0,0.0,0.0,0.0,0.0,0.0,0.0,0.0,0.0,0.0
0.00999546051025,1.24257841946,1.17533752442,1.19581832178,0.0,0.0,0.932460954897,0.0560052806267,-0.268678818374,0.208228724269,0.0772802392863,0.219619417448,0.133802644569,2.48023823701e-13,0.0,5.10770702966e-15,1.52102706935e-16,0.698582562183,-0.547455949746,1.25206640351,0.371340345313,-0.0794040009903,-0.523352861883,-0.071668691988,0.22847077493,-0.517165696301,-0.792776283214,0.243109018631,-6.11732886568e-14,0.0,6.407939847e-15,-1.52766688188e-13,0.0,1.57009245868e-15,0.0,4.45199432875e-14,0.0,0.0,0.0,0.0,0.0,0.0,0.0,0.0,0.0,0.0,0.0,0.0,0.0,0.0
0.00982999801636,1.24236626408,1.17580252237,1.19579201562,0.0,0.0,0.931264634358,0.055696776998,-0.268274068096,0.208356767728,0.0772939832676,0.219616598005,0.13386083733,2.49800180541e-13,0.0,5.08808087392e-15,2.25700790936e-16,0.698448075016,-0.545531446183,1.25394619321,0.371605712177,-0.0838753167691,-0.524059735035,-0.0725571453261,0.228434289879,-0.516589802668,-0.791015768361,0.242653738011,-6.12843109593e-14,0.0,6.407939847e-15,-1.53210777398e-13,0.0,1.60934477015e-15,-1.98714826802e-16,4.50750547998e-14,0.0,0.0,0.0,0.0,0.0,0.0,0.0,0.0,0.0,0.0,0.0,0.0,0.0,0.0
0.0100436210632,1.24216258918,1.17616034972,1.19577089746,0.0,0.0,0.929810828792,0.0555512704956,-0.268181925789,0.20849159336,0.0772997628156,0.219697140156,0.133745871163,2.52242671195e-13,0.0,5.06845471819e-15,5.76518324673e-16,0.698250175062,-0.544900759286,1.25512290782,0.371753043771,-0.0853415657075,-0.524273836032,-0.0719806756269,0.228541901908,-0.516853634416,-0.787937184469,0.241601220876,-6.21169782278e-14,0.0,6.2901829126e-15,-1.50546242139e-13,0.0,2.00186788482e-15,-1.86448479469e-16,4.52970994047e-14,0.0,0.0,0.0,0.0,0.0,0.0,0.0,0.0,0.0,0.0,0.0,0.0,0.0,0.0
0.0101113319397,1.24199708669,1.17640912201,1.19573159082,0.0,0.0,0.929001733985,0.0551012754102,-0.268284306102,0.20825820583,0.077248781059,0.219756008511,0.133710003722,2.524647158e-13,0.0,4.66857179512e-15,6.2313044454e-16,0.696485192635,-0.545573146698,1.24791324854,0.371649338245,-0.0765094190044,-0.526368227498,-0.0599895842763,0.228953600389,-0.523780956367,-0.791219454353,0.245912086518,-6.2172489379e-14,0.0,6.3858604218e-15,-1.58983937126e-13,0.0,1.88411095042e-15,0.0,4.59632332195e-14,0.0,0.0,0.0,0.0,0.0,0.0,0.0,0.0,0.0,0.0,0.0,0.0,0.0,0.0
0.00997233390808,1.24181513386,1.17660763704,1.19574037988,0.0,0.0,0.927310883356,0.054794860486,-0.268023867373,0.208427996225,0.076831848051,0.21956973785,0.133622836131,2.54241072639e-13,0.0,5.09789395179e-15,1.24626088908e-15,0.699291972298,-0.546192550366,1.23873683744,0.371809424429,-0.071740170648,-0.525266409528,-0.0499325318573,0.228963137302,-0.530170654072,-0.793610521042,0.248824978925,-6.25055562864e-14,0.0,6.4520986974e-15,-1.66533453694e-13,0.0,1.88411095042e-15,0.0,4.59632332195e-14,0.0,0.0,0.0,0.0,0.0,0.0,0.0,0.0,0.0,0.0,0.0,0.0,0.0,0.0
