0.0,1.25015548877,1.18476600343,1.19234877832,0.0,0.0,0.981047269085,0.0618466659344,-0.432221577136,0.189518191158,0.066474874291,0.243980786816,0.125643787999,8.72635297355e-14,0.0,7.75233151475e-16,-1.28551320055e-15,0.646751032167,-0.880930004061,-0.387892209734,0.362696594613,0.758704308699,-0.117241821658,1.91026589461,0.293720768761,-0.235500036095,0.33056325647,0.026903477145,-3.14193115969e-14,0.0,3.67009112217e-15,-1.3300471835e-13,0.0,-1.72710170455e-15,-3.77803497871e-16,2.17603712827e-14,0.0,0.0,0.0,0.0,0.0,0.0,0.0,0.0,0.0,0.0,0.0,0.0,0.0,0.0
0.00984954833984,1.25004896275,1.18483188753,1.19233205469,0.0,0.0,0.979356416389,0.0620240883943,-0.431725291632,0.190711341273,0.0662920279439,0.243870028732,0.125510024251,8.85957973651e-14,0.0,1.23154127228e-15,-1.48177475788e-15,0.646616862436,-0.881989179612,-0.390219463649,0.36288268728,0.758439493403,-0.114046046334,1.91309376516,0.293398184615,-0.236094487143,0.329497125519,0.0269488764601,-3.18634008067e-14,0.0,3.92032460778e-15,-1.33670852165e-13,0.0,-1.53084014722e-15,-6.3785006134e-16,2.15383266777e-14,0.0,0.0,0.0,0.0,0.0,0.0,0.0,0.0,0.0,0.0,0.0,0.0,0.0,0.0
0.0101599693298,1.24997186445,1.18485779629,1.192325646,0.0,0.0,0.978969067343,0.0618314605339,-0.43186193199,0.190878274321,0.0662772322082,0.243815328352,0.125504781675,9.01501095996e-14,0.0,8.48831235476e-16,-1.06962548748e-15,0.646241915713,-0.881066608368,-0.388712494722,0.362920883512,0.759770172262,-0.116499257943,1.91521619873,0.293298661912,-0.234940048435,0.328541164393,0.0270294079923,-3.22519788654e-14,0.0,3.70934343364e-15,-1.34559030585e-13,0.0,-1.13831703255e-15,-9.71494708811e-16,2.16493489802e-14,0.0,0.0,0.0,0.0,0.0,0.0,0.0,0.0,0.0,0.0,0.0,0.0,0.0,0.0
0.010125875473,1.24975925838,1.18493335863,1.19231539209,0.0,0.0,0.97577033371,0.0602671683876,-0.432474781562,0.194234010532,0.0663915384575,0.243928415892,0.125509004935,9.03721542045e-14,0.0,7.60513534675e-16,-9.71494708811e-16,0.645143145918,-0.879492594114,-0.396519254674,0.362340768165,0.761469306273,-0.112731902699,1.92278529741,0.293665920899,-0.235554218818,0.325372881295,0.0268996024911,-3.34177130412e-14,0.0,4.18527771018e-15,-1.38111744263e-13,0.0,-1.09906472108e-15,-8.48831235476e-16,2.16493489802e-14,0.0,0.0,0.0,0.0,0.0,0.0,0.0,0.0,0.0,0.0,0.0,0.0,0.0,0.0
0.00997567176819,1.24965130265,1.18495417201,1.19231765039,0.0,0.0,0.974947579028,0.0598480407315,-0.432452453301,0.195039245218,0.0662604336251,0.243876415404,0.125506568758,9.10382880193e-14,0.0,6.67289294941e-16,-9.22429319477e-16,0.644599608673,-0.878486126865,-0.401927360569,0.362293733289,0.762944178793,-0.109879123021,1.92747518174,0.293712957043,-0.235318944996,0.323474597157,0.0262643038327,-3.36397576461e-14,0.0,5.04392202352e-15,-1.38999922683e-13,0.0,-9.81307786677e-16,-7.50700456808e-16,2.16493489802e-14,0.0,0.0,0.0,0.0,0.0,0.0,0.0,0.0,0.0,0.0,0.0,0.0,0.0,0.0
0.00997924804688,1.2495539306,1.18493571383,1.19233168847,0.0,0.0,0.975358586416,0.0601569843844,-0.432430147749,0.194363212606,0.0661089996086,0.243838339842,0.125446148665,9.10382880193e-14,0.0,6.42756600274e-16,-7.85046229342e-16,0.644272359132,-0.878380194105,-0.410926210076,0.362807583041,0.765069062051,-0.103330709942,1.9343068171,0.293171297894,-0.237818509758,0.326145730895,0.0255578096966,-3.41393580072e-14,0.0,5.03410894565e-15,-1.42996725572e-13,0.0,-1.25607396695e-15,-7.26167762141e-16,2.17603712827e-14,0.0,0.0,0.0,0.0,0.0,0.0,0.0,0.0,0.0,0.0,0.0,0.0,0.0,0.0
0.0099778175354,1.24939932436,1.18493050235,1.19235060938,0.0,0.0,0.974296504625,0.0596951692783,-0.432535052508,0.195235215629,0.0659351082322,0.243972155491,0.125392272455,9.25926002537e-14,0.0,4.51401581872e-16,-7.06541606408e-16,0.64348813355,-0.875895600719,-0.412168209251,0.363201463301,0.768125747138,-0.105538845237,1.94011889297,0.292871896403,-0.239901718541,0.327676058914,0.0258707271196,-3.40283357048e-14,0.0,4.43551119578e-15,-1.46549439251e-13,0.0,-1.05981240961e-15,-7.60513534675e-16,2.17603712827e-14,0.0,0.0,0.0,0.0,0.0,0.0,0.0,0.0,0.0,0.0,0.0,0.0,0.0,0.0
0.0100438594818,1.24924839464,1.18494636768,1.19237844141,0.0,0.0,0.973380068588,0.0594144786597,-0.432543892165,0.195773992249,0.065795490207,0.244018226011,0.125365236112,9.4813046303e-14,0.0,6.03504288807e-16,-5.00466971205e-16,0.642606820011,-0.872754894411,-0.419014308496,0.363312296524,0.771972811756,-0.104873343396,1.94666626428,0.292526931123,-0.240471270718,0.323649522293,0.0256958824757,-3.4083846856e-14,0.0,4.55326813018e-15,-1.43884903991e-13,0.0,-8.63550852276e-16,-8.68457391209e-16,2.16493489802e-14,0.0,0.0,0.0,0.0,0.0,0.0,0.0,0.0,0.0,0.0,0.0,0.0,0.0,0.0
0.00982594490051,1.24915504131,1.1849099807,1.19240670068,0.0,0.0,0.974753031503,0.0600983812009,-0.432115598713,0.19376389479,0.065665518678,0.24403672501,0.125407734301,9.59232693276e-14,0.0,1.02546663708e-15,-6.96728528541e-16,0.639168464869,-0.870399026385,-0.416319402137,0.363542379627,0.778902256787,-0.105906359812,1.94731805229,0.292342855407,-0.245564198154,0.329851063287,0.027017819243,-3.38618022511e-14,0.0,4.67102506458e-15,-1.42108547152e-13,0.0,-8.24298540809e-16,-9.4205547521e-16,2.17603712827e-14,0.0,0.0,0.0,0.0,0.0,0.0,0.0,0.0,0.0,0.0,0.0,0.0,0.0,0.0
0.0100486278534,1.24898365178,1.18492938521,1.19244942529,0.0,0.0,0.973467734144,0.0596131821002,-0.43177627152,0.194650519383,0.0654819979317,0.244068857981,0.125509972006,9.85878045867e-14,0.0,1.23644781121e-15,-2.35513868803e-16,0.637474089938,-0.8651505755,-0.421067212342,0.363434344891,0.785117925753,-0.108395711822,1.96282627542,0.292436632626,-0.244249980426,0.329810816274,0.0253449593309,-3.43058914609e-14,0.0,4.59252044165e-15,-1.46549439251e-13,0.0,-7.45793917875e-16,-7.99765846142e-16,2.16493489802e-14,0.0,0.0,0.0,0.0,0.0,0.0,0.0,0.0,0.0,0.0,0.0,0.0,0.0,0.0
0.0100948810577,1.24888523858,1.18491311152,1.19248342188,0.0,0.0,0.974156992924,0.0597894422477,-0.431049665532,0.19328636502,0.0652697096966,0.244113847103,0.125632939467,9.94759830064e-14,0.0,6.13317366673e-16,0.0,0.6338495453,-0.859655948344,-0.419933280547,0.363196341079,0.792878323481,-0.112418367649,1.95969083995,0.292824419349,-0.250761592337,0.327530057714,0.0257618804595,-3.54161144855e-14,0.0,4.62195967525e-15,-1.4743761767e-13,0.0,-7.45793917875e-16,-1.00093394241e-15,2.16493489802e-14,0.0,0.0,0.0,0.0,0.0,0.0,0.0,0.0,0.0,0.0,0.0,0.0,0.0,0.0
0.0097668170929,1.24872505466,1.18492833166,1.19251387842,0.0,0.0,0.972006013153,0.0592010770251,-0.429637716393,0.194766693144,0.0651117732429,0.244164683475,0.125601029726,1.02584607475e-13,0.0,1.49649437468e-15,2.64953102403e-16,0.631367197842,-0.855452426106,-0.419607014901,0.364155820432,0.800766533333,-0.115198361576,1.97010356848,0.291730097518,-0.251366517274,0.334146028298,0.0265195198949,-3.54161144855e-14,0.0,5.42172552139e-15,-1.4832579609e-13,0.0,-6.67289294941e-16,-6.67289294941e-16,2.17603712827e-14,0.0,0.0,0.0,0.0,0.0,0.0,0.0,0.0,0.0,0.0,0.0,0.0,0.0,0.0
0.010097026825,1.24859024549,1.18496897242,1.19255678613,0.0,0.0,0.970327715876,0.0582197511927,-0.428423544117,0.19546966718,0.0649069426162,0.244083682289,0.125719961191,1.036948305e-13,0.0,1.43270936855e-15,2.94392336003e-16,0.628459340617,-0.847511283737,-0.419462402767,0.364149948346,0.810915779166,-0.12245066462,1.97149527791,0.291959568673,-0.259051142797,0.333272640302,0.026944993757,-3.53050921831e-14,0.0,5.56401515046e-15,-1.52766688188e-13,0.0,-9.02803163743e-16,-7.75233151475e-16,2.18713935851e-14,0.0,0.0,0.0,0.0,0.0,0.0,0.0,0.0,0.0,0.0,0.0,0.0,0.0,0.0
0.0100877285004,1.24847062472,1.18504892473,1.19264632471,0.0,0.0,0.969114046387,0.0575236036366,-0.427034669211,0.195814313292,0.0646246512719,0.243973677579,0.126061408448,1.0458300892e-13,0.0,1.45233552428e-15,1.57009245868e-16,0.623334669055,-0.841600375289,-0.42126622807,0.364140659974,0.821806596714,-0.122541718195,1.98661560867,0.292121319915,-0.256225249534,0.338020997142,0.0269207035042,-3.58046925442e-14,0.0,5.7897159414e-15,-1.55875312657e-13,0.0,-7.45793917875e-16,-1.01565355921e-15,2.17603712827e-14,0.0,0.0,0.0,0.0,0.0,0.0,0.0,0.0,0.0,0.0,0.0,0.0,0.0,0.0
0.0100090503693,1.24830402287,1.18512565156,1.19273262842,0.0,0.0,0.966049790584,0.0555712305818,-0.425910159781,0.198298394134,0.0642582585009,0.24403707619,0.126458324031,1.0458300892e-13,0.0,2.08527904669e-15,2.25700790936e-16,0.619794496452,-0.832918428593,-0.419073892007,0.364126192494,0.83282922037,-0.130703203284,1.98472107392,0.292291981868,-0.262860815019,0.333430068954,0.0278802470089,-3.60267371491e-14,0.0,5.37266013206e-15,-1.53654866608e-13,0.0,-7.85046229342e-16,-7.16354684274e-16,2.19824158876e-14,0.0,0.0,0.0,0.0,0.0,0.0,0.0,0.0,0.0,0.0,0.0,0.0,0.0,0.0
0.00988030433655,1.24828500976,1.18509972379,1.19280684717,0.0,0.0,0.968197755859,0.0559171149531,-0.424494802146,0.194979440862,0.0634536975781,0.243961312446,0.126809576144,1.0502709813e-13,0.0,1.83504556109e-15,0.0,0.618437600947,-0.828826389395,-0.436356491584,0.365011592294,0.840851239928,-0.120075200382,2.00578069435,0.29123242841,-0.266076645971,0.33639698407,0.0268163202413,-3.58046925442e-14,0.0,5.85350094753e-15,-1.55209178843e-13,0.0,-8.24298540809e-16,-6.28036983474e-16,2.2315482795e-14,0.0,0.0,0.0,0.0,0.0,0.0,0.0,0.0,0.0,0.0,0.0,0.0,0.0,0.0
0.0101411342621,1.24818214385,1.18515299898,1.19288552149,0.0,0.0,0.968016938189,0.0554586353872,-0.422841445324,0.193654505182,0.0627052079683,0.243977549009,0.126998487237,1.07025499574e-13,0.0,2.33551253229e-15,-1.27570012268e-16,0.616845832136,-0.819835993201,-0.441495156945,0.365704717058,0.851872405487,-0.124725861431,2.01569172678,0.290920484263,-0.26579711474,0.339333598073,0.0274669811438,-3.56381590905e-14,0.0,5.966351343e-15,-1.56763491077e-13,0.0,-9.02803163743e-16,-8.34111618676e-16,2.24265050974e-14,0.0,0.0,0.0,0.0,0.0,0.0,0.0,0.0,0.0,0.0,0.0,0.0,0.0,0.0
0.00999903678894,1.2479486046,1.1852824136,1.19293215234,0.0,0.0,0.961745856734,0.0518037436679,-0.42124315924,0.198524407874,0.0625281969724,0.244016023157,0.127469709909,1.07691633389e-13,0.0,1.93808287869e-15,-1.17756934401e-16,0.613495899896,-0.810865163927,-0.443359858504,0.365757842214,0.863141589152,-0.126146812615,2.00879980165,0.291021187831,-0.280780670844,0.335767371923,0.0265133926905,-3.58602036954e-14,0.0,5.95653826513e-15,-1.57651669497e-13,0.0,-9.4205547521e-16,-1.30513935628e-15,2.24265050974e-14,0.0,0.0,0.0,0.0,0.0,0.0,0.0,0.0,0.0,0.0,0.0,0.0,0.0,0.0
0.0100271701813,1.24791764451,1.18540935093,1.19299263818,0.0,0.0,0.961946136211,0.0514549103194,-0.418082788898,0.195406878474,0.0626103107423,0.244091326808,0.127840946174,1.08135722598e-13,0.0,2.36985830483e-15,-6.96728528541e-16,0.609987159283,-0.801220307261,-0.445791577812,0.366282902499,0.875550425436,-0.126538764117,2.01919915832,0.290259717211,-0.286699326914,0.337457119752,0.0283109996777,-3.59157148466e-14,0.0,5.14695934112e-15,-1.59205981731e-13,0.0,-6.67289294941e-16,-1.68784939309e-15,2.2315482795e-14,0.0,0.0,0.0,0.0,0.0,0.0,0.0,0.0,0.0,0.0,0.0,0.0,0.0,0.0
0.00980949401855,1.24779018377,1.18548369915,1.1930400625,0.0,0.0,0.959512425156,0.0487006120676,-0.415684069633,0.194509087918,0.0619996812239,0.243820753782,0.128323375387,1.08357767203e-13,0.0,2.45817600563e-15,-9.02803163743e-16,0.611028899606,-0.790745626179,-0.448368888564,0.366273478703,0.884653685771,-0.13065437561,2.02193574643,0.290367141484,-0.29915536656,0.339477427005,0.0271903617366,-3.57491813929e-14,0.0,4.94088470592e-15,-1.70752301187e-13,0.0,-7.85046229342e-16,-1.81051286642e-15,2.2315482795e-14,0.0,0.0,0.0,0.0,0.0,0.0,0.0,0.0,0.0,0.0,0.0,0.0,0.0,0.0
0.0100932121277,1.24755796822,1.18558154423,1.19311769922,0.0,0.0,0.955571262989,0.0461544483743,-0.413445565733,0.195283743518,0.0618755745347,0.24402598149,0.128830739876,1.08579811808e-13,0.0,2.39929753843e-15,-1.89392402829e-15,0.607734612405,-0.779871551349,-0.457225493146,0.366623858883,0.899690120204,-0.124346366422,2.02715158595,0.29021181028,-0.312895408154,0.347654594414,0.0285048083816,-3.58602036954e-14,0.0,5.06354817926e-15,-1.72528658027e-13,0.0,-7.06541606408e-16,-2.16869020856e-15,2.27595720048e-14,0.0,0.0,0.0,0.0,0.0,0.0,0.0,0.0,0.0,0.0,0.0,0.0,0.0,0.0
0.00988864898682,1.24742039948,1.18567058745,1.19330098779,0.0,0.0,0.954950312217,0.0458847714046,-0.410765933502,0.192342049839,0.0613294082456,0.244005856853,0.128931455044,1.09467990228e-13,0.0,2.6151852515e-15,-1.98224172909e-15,0.603718125664,-0.769223370026,-0.439921112366,0.366727583648,0.911428902937,-0.13919611027,2.02333609281,0.290360984356,-0.329959286624,0.354543272217,0.0304231696201,-3.60267371491e-14,0.0,5.7161178574e-15,-1.72750702632e-13,0.0,-7.06541606408e-16,-2.27663406509e-15,2.25375273999e-14,0.0,0.0,0.0,0.0,0.0,0.0,0.0,0.0,0.0,0.0,0.0,0.0,0.0,0.0
0.0100588798523,1.24748602316,1.18564477395,1.19346364649,0.0,0.0,0.95787204885,0.0463706776085,-0.408128716517,0.184762274592,0.0612189269277,0.243970997176,0.129222275003,1.10134124043e-13,0.0,2.51214793389e-15,-1.77616709389e-15,0.602282571552,-0.756361549252,-0.438713963229,0.36667914723,0.923843210086,-0.143851665318,2.01771276205,0.290394188048,-0.352269018065,0.354401535866,0.0311363057079,-3.58602036954e-14,0.0,5.46097783286e-15,-1.70086167373e-13,0.0,-9.81307786677e-16,-2.32569945443e-15,2.32036612147e-14,0.0,0.0,0.0,0.0,0.0,0.0,0.0,0.0,0.0,0.0,0.0,0.0,0.0,0.0
0.0100319385529,1.24743406401,1.18555502033,1.19361074122,0.0,0.0,0.955601119583,0.0435568207437,-0.405078439136,0.182829090495,0.0608410321994,0.243692615485,0.129576650391,1.10800257858e-13,0.0,1.42780282962e-15,-1.47196168002e-15,0.599447928323,-0.745220660394,-0.43320196951,0.366737883525,0.937940880367,-0.147877116727,2.03890910646,0.292516431124,-0.352722373577,0.379449203769,0.0117345634507,-3.60822483003e-14,0.0,5.24999665872e-15,-1.72306613422e-13,0.0,-9.4205547521e-16,-2.22756867576e-15,2.33146835171e-14,0.0,0.0,0.0,0.0,0.0,0.0,0.0,0.0,0.0,0.0,0.0,0.0,0.0,0.0
0.0101256370544,1.24724415981,1.18553620183,1.1936718374,0.0,0.0,0.951455262661,0.0407793979981,-0.402331820507,0.182433955422,0.0606946315976,0.243550132302,0.130058837326,1.11910480882e-13,0.0,1.27079358375e-15,-1.17756934401e-15,0.596197093544,-0.736967312811,-0.450890071967,0.366655313535,0.951796540688,-0.128310665744,2.07444794116,0.293972956779,-0.364788328863,0.412215174941,-0.0102605348129,-3.60822483003e-14,0.0,4.49438966298e-15,-1.74971148681e-13,0.0,-1.05981240961e-15,-1.63878400375e-15,2.42028619368e-14,0.0,0.0,0.0,0.0,0.0,0.0,0.0,0.0,0.0,0.0,0.0,0.0,0.0,0.0
0.00982880592346,1.24683754577,1.18577722325,1.19366689356,0.0,0.0,0.941979377957,0.0368178253783,-0.398626098192,0.187713035837,0.060395517808,0.243478543368,0.130233172514,1.11466391672e-13,0.0,8.78270469076e-16,-1.23644781121e-15,0.596326680281,-0.722200299798,-0.425671428914,0.367016665373,0.962363913253,-0.158546480571,2.09368848899,0.295749739904,-0.357252035972,0.43066013053,-0.0357785043707,-3.68038932663e-14,0.0,4.18527771018e-15,-1.75415237891e-13,0.0,-9.81307786677e-16,-1.78598017175e-15,2.39808173319e-14,0.0,0.0,0.0,0.0,0.0,0.0,0.0,0.0,0.0,0.0,0.0,0.0,0.0,0.0
0.00998044013977,1.24662577696,1.18578830595,1.19371175439,0.0,0.0,0.938131846181,0.0342893388128,-0.395120444973,0.187583702328,0.0602401176137,0.243397170057,0.130584915527,1.11910480882e-13,0.0,1.23154127228e-15,-1.04018625388e-15,0.588938275815,-0.71341284781,-0.435374843047,0.366880147947,0.977399750354,-0.140912623946,2.13091537309,0.297825940517,-0.358132860732,0.464160002875,-0.0623070061986,-3.68038932663e-14,0.0,4.27850194991e-15,-1.7763568394e-13,0.0,-8.63550852276e-16,-1.96261557335e-15,2.42028619368e-14,0.0,0.0,0.0,0.0,0.0,0.0,0.0,0.0,0.0,0.0,0.0,0.0,0.0,0.0
0.0102138519287,1.24649856542,1.18575135822,1.19381942041,0.0,0.0,0.935080972244,0.0318874668939,-0.390886413872,0.184455169199,0.0597746554513,0.242861292894,0.130949301872,1.12354570092e-13,0.0,1.75654093815e-15,-7.94859307209e-16,0.593171937576,-0.698930744746,-0.41238239179,0.367023848743,0.97682342053,-0.153858985738,2.00510476725,0.290299539222,-0.453773671503,0.360726024405,0.0260312441204,-3.73034936274e-14,0.0,3.86635267951e-15,-1.7852386236e-13,0.0,-7.85046229342e-16,-2.14906405282e-15,2.43138842393e-14,0.0,0.0,0.0,0.0,0.0,0.0,0.0,0.0,0.0,0.0,0.0,0.0,0.0,0.0
0.0097975730896,1.24638653642,1.1858139016,1.19374013574,0.0,0.0,0.93522183564,0.0317764679038,-0.386764406747,0.176830914642,0.0598836086978,0.242867745415,0.131074922094,1.12576614697e-13,0.0,1.09415818215e-15,-8.04672385075e-16,0.587525727568,-0.691462408671,-0.415606060439,0.367118467855,0.987952828178,-0.133203938557,2.00760785806,0.289935240073,-0.479603237098,0.361064947211,0.0257211839329,-3.71924713249e-14,0.0,4.81331469365e-15,-1.7896795157e-13,0.0,-8.24298540809e-16,-2.18340982536e-15,2.45359288442e-14,0.0,0.0,0.0,0.0,0.0,0.0,0.0,0.0,0.0,0.0,0.0,0.0,0.0,0.0
0.00996899604797,1.24604082237,1.18598026533,1.19373763331,0.0,0.0,0.930486013627,0.0304480800004,-0.383261071702,0.175587284568,0.0595133499057,0.242963516385,0.131357227213,1.13686837722e-13,0.0,8.48831235476e-16,-9.4205547521e-16,0.584916498854,-0.679548341663,-0.404535223309,0.366843540677,0.997189146274,-0.138262391657,2.01610204574,0.290137957813,-0.489127316771,0.366002086364,0.0227386308647,-3.75255382323e-14,0.0,5.11752010752e-15,-1.79856129989e-13,0.0,-8.24298540809e-16,-2.26682098722e-15,2.46469511467e-14,0.0,0.0,0.0,0.0,0.0,0.0,0.0,0.0,0.0,0.0,0.0,0.0,0.0,0.0
0.010223865509,1.24599424874,1.18596772673,1.19407210596,0.0,0.0,0.925368344307,0.0268629518421,-0.378097092685,0.174732589588,0.0592889585586,0.242106539511,0.131889536357,1.15907283771e-13,0.0,1.09906472108e-15,-1.14813011041e-15,0.584498029495,-0.666915743919,-0.389283266896,0.36694471384,1.00358111337,-0.143895831554,2.01181976276,0.2895701,-0.502416499066,0.353781337628,0.0203305817285,-3.77475828373e-14,0.0,4.69555775925e-15,-1.81410442224e-13,0.0,-7.85046229342e-16,-2.69368987443e-15,2.46469511467e-14,0.0,0.0,0.0,0.0,0.0,0.0,0.0,0.0,0.0,0.0,0.0,0.0,0.0,0.0
0.00975203514099,1.24579187365,1.18594200938,1.19400063379,0.0,0.0,0.918974886873,0.0217028797105,-0.37390716798,0.175110590461,0.0594677239103,0.241936690931,0.132257442627,1.17905685215e-13,0.0,1.54555976402e-15,-6.77102372807e-16,0.57941292438,-0.655529935223,-0.390663776406,0.36629821968,1.01358606043,-0.128355573533,2.02836410912,0.289773741293,-0.506621882142,0.361770112849,0.0183123225355,-3.65263375102e-14,0.0,4.75934276539e-15,-1.85629289717e-13,0.0,-7.85046229342e-16,-2.6299048683e-15,2.47579734491e-14,0.0,0.0,0.0,0.0,0.0,0.0,0.0,0.0,0.0,0.0,0.0,0.0,0.0,0.0
0.0100574493408,1.24477153593,1.18654230404,1.19411092431,0.0,0.0,0.885895860372,0.00718369547125,-0.369315122151,0.203249945841,0.059421574731,0.241561177595,0.132747533742,1.1990408666e-13,0.0,1.72219516562e-15,-7.94859307209e-16,0.578317910419,-0.638165889279,-0.358962234833,0.366296017221,1.02274471759,-0.151503648946,2.02878547156,0.289920335025,-0.509546889972,0.354563152095,0.017113050489,-3.64708263589e-14,0.0,4.52873543552e-15,-1.87627691162e-13,0.0,-9.81307786677e-16,-2.55630678429e-15,2.45359288442e-14,0.0,0.0,0.0,0.0,0.0,0.0,0.0,0.0,0.0,0.0,0.0,0.0,0.0,0.0
0.0100855827332,1.24546869377,1.18585007465,1.19430458887,0.0,0.0,0.907742061534,0.0140624602083,-0.364297564715,0.171846226376,0.0593149140763,0.241154543525,0.132946869591,1.20570220474e-13,0.0,1.51121399148e-15,-8.14485462942e-16,0.579964379253,-0.628477349326,-0.358901158922,0.366702537014,1.02692129694,-0.138339658005,2.033859033,0.288560335942,-0.521905934766,0.348864092698,0.0137708047052,-3.65263375102e-14,0.0,4.97523047845e-15,-1.89626092606e-13,0.0,-1.09906472108e-15,-1.50630745255e-15,2.50910403565e-14,0.0,0.0,0.0,0.0,0.0,0.0,0.0,0.0,0.0,0.0,0.0,0.0,0.0,0.0
0.0100681781769,1.24556510339,1.18611015452,1.19440694482,0.0,0.0,0.904445256072,0.0126679458559,-0.359030303285,0.167035213077,0.0594226598441,0.241010107901,0.133191830751,1.21458398894e-13,0.0,1.78107363282e-15,-7.06541606408e-16,0.573535923705,-0.613521033327,-0.33881988099,0.366117416402,1.03605852842,-0.139825483854,2.03309307463,0.289066247151,-0.529140769393,0.341111952395,0.0118698383211,-3.66373598126e-14,0.0,4.99485663419e-15,-1.90958360236e-13,0.0,-1.21682165548e-15,-1.85957825575e-15,2.54241072639e-14,0.0,0.0,0.0,0.0,0.0,0.0,0.0,0.0,0.0,0.0,0.0,0.0,0.0,0.0
0.00988817214966,1.24525336414,1.18640867651,1.19450002343,0.0,0.0,0.890391554746,0.00665625969378,-0.353952508068,0.174135174838,0.0596314607705,0.241005363726,0.133655427353,1.20792265079e-13,0.0,2.24228829256e-15,-5.7897159414e-16,0.571672177219,-0.595852564908,-0.315650756967,0.366175756498,1.04602043979,-0.160422739211,2.10612014604,0.291349990052,-0.484156439428,0.371534166207,-0.0276963108282,-3.66373598126e-14,0.0,5.82406171393e-15,-1.91402449445e-13,0.0,-1.68784939309e-15,-1.91355018402e-15,2.58681964738e-14,0.0,0.0,0.0,0.0,0.0,0.0,0.0,0.0,0.0,0.0,0.0,0.0,0.0,0.0
0.0100989341736,1.24504602069,1.18662680931,1.19476613672,0.0,0.0,0.877973283453,0.000953319578494,-0.349246397791,0.179913803529,0.0592008180109,0.240627430872,0.134194326245,1.21902488104e-13,0.0,2.62009179043e-15,-2.55140024536e-16,0.565702990633,-0.584050725391,-0.301837609127,0.366152088065,1.05089410978,-0.145044454743,2.05590868207,0.289144137025,-0.53013430071,0.332303246875,0.00681657749131,-3.66373598126e-14,0.0,5.61798707873e-15,-1.91846538655e-13,0.0,-1.60934477015e-15,-1.85467171682e-15,2.58681964738e-14,0.0,0.0,0.0,0.0,0.0,0.0,0.0,0.0,0.0,0.0,0.0,0.0,0.0,0.0
0.0100131034851,1.24538312907,1.18610810207,1.19493575342,0.0,0.0,0.885957634203,0.00191465023912,-0.345670513844,0.164418101416,0.0588097808177,0.24021255424,0.134544202583,1.22568621919e-13,0.0,2.45326946669e-15,-3.23831569604e-16,0.56722324786,-0.569134038347,-0.286443919133,0.366286672211,1.05579690048,-0.156097957436,2.09711133136,0.28849053782,-0.490081704348,0.32043544298,0.00462072804192,-3.63598040565e-14,0.0,6.70233218301e-15,-1.92290627865e-13,0.0,-2.04112019629e-15,-1.89392402829e-15,2.60902410787e-14,0.0,0.0,0.0,0.0,0.0,0.0,0.0,0.0,0.0,0.0,0.0,0.0,0.0,0.0
0.00983166694641,1.24520943337,1.18595448536,1.19485732324,0.0,0.0,0.882692599296,-9.77643552011e-05,-0.341851532209,0.159523001118,0.0588846132208,0.240182035685,0.13460995378,1.25455201783e-13,0.0,2.6740637187e-15,-6.67289294941e-16,0.557333010346,-0.555592676093,-0.261023395552,0.365642380106,1.06510549954,-0.151742900178,2.06765623878,0.289833260324,-0.530095818853,0.316555096552,0.00125518528563,-3.73034936274e-14,0.0,6.27055675687e-15,-1.93178806285e-13,0.0,-1.68784939309e-15,-2.30607329869e-15,2.65343302885e-14,0.0,0.0,0.0,0.0,0.0,0.0,0.0,0.0,0.0,0.0,0.0,0.0,0.0,0.0
0.0102355480194,1.24537928908,1.18579073196,1.19510207422,0.0,0.0,0.879248899424,-0.00344016188328,-0.338361433112,0.155735222141,0.0575706145598,0.238988212926,0.133544010684,1.24789067968e-13,0.0,2.91448412643e-15,-1.04999933174e-15,0.560741324556,-0.549032454431,-0.256124277485,0.36693815965,1.06747048866,-0.144768573309,2.11301036313,0.287942309421,-0.497601471559,0.323371400795,0.00339233842338,-3.7692071686e-14,0.0,6.16261290033e-15,-1.94066984704e-13,0.0,-1.60934477015e-15,-2.07546596882e-15,2.68673971959e-14,0.0,0.0,0.0,0.0,0.0,0.0,0.0,0.0,0.0,0.0,0.0,0.0,0.0,0.0
0.00999045372009,1.24539029274,1.18583540485,1.19511458642,0.0,0.0,0.873698919806,-0.00648166935364,-0.334344432271,0.154908661304,0.057730669609,0.238788900108,0.134985072522,1.25011112573e-13,0.0,2.84088604243e-15,-9.61681630944e-16,0.550112499011,-0.531104490499,-0.22499526689,0.365684750038,1.08057165822,-0.161410440084,2.20871150564,0.291550235707,-0.427669905314,0.35987247895,-0.0283234396753,-3.78586051397e-14,0.0,6.44228561954e-15,-1.95843341544e-13,0.0,-1.72710170455e-15,-1.93317633975e-15,2.68673971959e-14,0.0,0.0,0.0,0.0,0.0,0.0,0.0,0.0,0.0,0.0,0.0,0.0,0.0,0.0
0.00982475280762,1.24528229417,1.18590383499,1.19504836328,0.0,0.0,0.869007864967,-0.00691805306392,-0.329564951086,0.151112650171,0.0580979681241,0.238734213923,0.133940808651,1.28119737042e-13,0.0,2.8506991203e-15,-1.08925164321e-15,0.542036393221,-0.519546981069,-0.20001784114,0.366124540388,1.08833465354,-0.172538520858,2.30257987022,0.293116555059,-0.347230438346,0.382523645699,-0.0507925427166,-3.79696274422e-14,0.0,6.5256967814e-15,-1.96287430754e-13,0.0,-1.64859708162e-15,-1.94298941762e-15,2.70894418009e-14,0.0,0.0,0.0,0.0,0.0,0.0,0.0,0.0,0.0,0.0,0.0,0.0,0.0,0.0
0.0100800991058,1.24501099178,1.18592450291,1.19508547266,0.0,0.0,0.858341626498,-0.0105055834406,-0.326899278127,0.154476705513,0.0575885775683,0.238299504723,0.133800352246,1.29007915461e-13,0.0,3.1156522227e-15,-1.36401782348e-15,0.533229154004,-0.511550650432,-0.172414326598,0.366157200012,1.09851778244,-0.179472707714,2.38988852496,0.295508903057,-0.256661766828,0.402615452496,-0.0560399728512,-3.78586051397e-14,0.0,6.4668183142e-15,-1.99174010618e-13,0.0,-1.57009245868e-15,-1.85957825575e-15,2.73114864058e-14,0.0,0.0,0.0,0.0,0.0,0.0,0.0,0.0,0.0,0.0,0.0,0.0,0.0,0.0
0.0100131034851,1.24502938778,1.18582882306,1.19518672998,0.0,0.0,0.8541353984,-0.012128706705,-0.323436494852,0.151434961971,0.057328230466,0.23783819099,0.134053770137,1.28563826252e-13,0.0,2.32569945443e-15,-7.45793917875e-16,0.532175913029,-0.499383566483,-0.15273447206,0.366556413681,1.10422709361,-0.192014874347,2.47610611956,0.296640392334,-0.149260487127,0.394776642742,-0.0432205523297,-3.77475828373e-14,0.0,6.51588370354e-15,-1.98285832198e-13,0.0,-1.37383090135e-15,-2.00677442376e-15,2.74225087082e-14,0.0,0.0,0.0,0.0,0.0,0.0,0.0,0.0,0.0,0.0,0.0,0.0,0.0,0.0
0.00987386703491,1.24492054685,1.18580129846,1.19521602685,0.0,0.0,0.849041569228,-0.0138530686109,-0.319843379079,0.151030489626,0.0575294971213,0.237682661954,0.134326462431,1.28563826252e-13,0.0,2.29626022083e-15,-1.25607396695e-15,0.5194301494,-0.487025703162,-0.124061249884,0.366546916129,1.08793451062,-0.14709177959,2.11995613615,0.287937451746,-0.517650168243,0.269478561862,-0.00640072514791,-3.77475828373e-14,0.0,6.4373790806e-15,-2.00950367457e-13,0.0,-1.57009245868e-15,-1.87920441149e-15,2.77555756156e-14,0.0,0.0,0.0,0.0,0.0,0.0,0.0,0.0,0.0,0.0,0.0,0.0,0.0,0.0
0.0100209712982,1.24460260499,1.18583461074,1.19523683985,0.0,0.0,0.841603065165,-0.0158547178263,-0.317492838373,0.152792419381,0.0567842492459,0.237430106172,0.133997570827,1.29229960066e-13,0.0,2.10981174136e-15,-1.33457858988e-15,0.511737851092,-0.47937305077,-0.0987246382911,0.367354068357,1.09223764452,-0.149539406897,2.15316538476,0.287958578848,-0.49577304891,0.280575614992,-0.00876564504883,-3.85247389545e-14,0.0,6.1724259782e-15,-2.01616501272e-13,0.0,-1.49158783575e-15,-1.99696134589e-15,2.80331313718e-14,0.0,0.0,0.0,0.0,0.0,0.0,0.0,0.0,0.0,0.0,0.0,0.0,0.0,0.0
0.00996685028076,1.24459699634,1.18561075012,1.19540627344,0.0,0.0,0.842567168698,-0.0146171051156,-0.315431690791,0.145516908328,0.056566150395,0.237120605113,0.134379690297,1.31672450721e-13,0.0,2.10490520242e-15,-1.48177475788e-15,0.49959930469,-0.467546475463,-0.0669611326671,0.367139719599,1.09755621536,-0.156317991088,2.17372662973,0.288581788924,-0.475585260548,0.275789615183,-0.00789725393205,-3.9135361618e-14,0.0,6.12336058887e-15,-2.01616501272e-13,0.0,-9.81307786677e-16,-1.98224172909e-15,2.82551759767e-14,0.0,0.0,0.0,0.0,0.0,0.0,0.0,0.0,0.0,0.0,0.0,0.0,0.0,0.0
0.0102074146271,1.24445269342,1.18557916678,1.19563558252,0.0,0.0,0.834403151576,-0.0174617514373,-0.313148641618,0.149558113491,0.0565256872813,0.236699298195,0.13469952534,1.3211653993e-13,0.0,1.13831703255e-15,-1.40327013495e-15,0.493394267947,-0.455197550401,-0.0491644390341,0.367423666423,1.09654922504,-0.154809313696,2.17364711214,0.287990060505,-0.48348925682,0.268960654456,-0.00959089694796,-3.95239396767e-14,0.0,6.20677175073e-15,-2.03392858111e-13,0.0,-1.17756934401e-15,-2.07055942989e-15,2.85327317329e-14,0.0,0.0,0.0,0.0,0.0,0.0,0.0,0.0,0.0,0.0,0.0,0.0,0.0,0.0
0.00981402397156,1.24404502101,1.18555032429,1.19565663965,0.0,0.0,0.824922382174,-0.0177128737013,-0.310325081771,0.154075174327,0.0560031509952,0.236583114521,0.13483764649,1.34559030585e-13,0.0,1.13831703255e-15,-1.83504556109e-15,0.476886134897,-0.447257745655,-0.00711171724028,0.367124308314,1.09747014439,-0.162553590002,2.15971668527,0.288808681936,-0.490542399975,0.254388879392,-0.0111312749099,-4.08562073062e-14,0.0,5.78480940246e-15,-2.06279437975e-13,0.0,-1.02056009814e-15,-2.34041907123e-15,2.89213097915e-14,0.0,0.0,0.0,0.0,0.0,0.0,0.0,0.0,0.0,0.0,0.0,0.0,0.0,0.0
0.0101292133331,1.24362975807,1.18544176958,1.19546456201,0.0,0.0,0.819932190734,-0.0167913517654,-0.308478476003,0.153513603216,0.056327057415,0.236896039467,0.134310671061,1.35447209004e-13,0.0,1.36401782348e-15,-1.94298941762e-15,0.463331464127,-0.441112576576,0.00679750846604,0.367866742265,1.10003238165,-0.153214423868,2.20282660474,0.287985449151,-0.458519588591,0.258114017972,-0.00846532975029,-4.08562073062e-14,0.0,5.91728595366e-15,-2.12052597703e-13,0.0,-1.17756934401e-15,-2.38457792163e-15,2.90878432452e-14,0.0,0.0,0.0,0.0,0.0,0.0,0.0,0.0,0.0,0.0,0.0,0.0,0.0,0.0
0.0100798606873,1.24352971281,1.18507270315,1.19546938379,0.0,0.0,0.815815770225,-0.0182378986079,-0.306768176216,0.15262413677,0.0558339537559,0.2364605537,0.134519896554,1.37889699658e-13,0.0,2.13925097496e-15,-2.17850328642e-15,0.458446794788,-0.431943236855,0.03276430372,0.367879233199,1.0959211353,-0.160484779504,2.2007838653,0.288032539648,-0.462387835546,0.246419360057,-0.0120381220483,-4.07451850037e-14,0.0,6.0841082774e-15,-2.11830553098e-13,0.0,-5.88784672006e-16,-2.16378366962e-15,2.96984659087e-14,0.0,0.0,0.0,0.0,0.0,0.0,0.0,0.0,0.0,0.0,0.0,0.0,0.0,0.0
0.0097348690033,1.24309041332,1.18496251014,1.19556557519,0.0,0.0,0.799342262851,-0.0244873357254,-0.306220270638,0.165631888255,0.0558205356954,0.236083941054,0.135077005647,1.37223565844e-13,0.0,1.98224172909e-15,-2.51214793389e-15,0.452332644861,-0.420430935223,0.0501088755701,0.36855893549,1.09702292447,-0.166963008502,2.22536063746,0.287413628104,-0.442360600563,0.247549875321,-0.00703205223447,-4.09672296087e-14,0.0,5.45116475499e-15,-2.14939177567e-13,0.0,-2.7476618027e-16,-2.27172752616e-15,2.98649993624e-14,0.0,0.0,0.0,0.0,0.0,0.0,0.0,0.0,0.0,0.0,0.0,0.0,0.0,0.0
0.0100688934326,1.24308413455,1.18449243489,1.19570241602,0.0,0.0,0.805123952758,-0.0208929799518,-0.304773170041,0.155570945748,0.0556670696803,0.23586940582,0.135414238958,1.37889699658e-13,0.0,1.44742898535e-15,-2.27663406509e-15,0.434659033409,-0.41299225991,0.0809173416257,0.368678495068,1.09678669885,-0.167872152749,2.20372969167,0.288607316009,-0.46334280256,0.234638333063,-0.0125072324796,-4.18554080284e-14,0.0,5.26471627552e-15,-2.15827355987e-13,0.0,-3.53270803204e-16,-2.14415751389e-15,3.00315328161e-14,0.0,0.0,0.0,0.0,0.0,0.0,0.0,0.0,0.0,0.0,0.0,0.0,0.0,0.0
0.0101010799408,1.24264127469,1.18431741954,1.19573458154,0.0,0.0,0.799188298661,-0.0207524093434,-0.304055456535,0.157215453665,0.0553978273899,0.235744408942,0.13574592893,1.38777878078e-13,0.0,1.55046630295e-15,-2.20794252002e-15,0.429186027948,-0.406899193687,0.086127734081,0.368975866755,1.09149281533,-0.158759456837,2.20459554677,0.288153206695,-0.471120775187,0.230885706856,-0.0107080797118,-4.20774526333e-14,0.0,5.43153859926e-15,-2.16715534407e-13,0.0,-5.10280049072e-16,-2.00186788482e-15,3.0253577421e-14,0.0,0.0,0.0,0.0,0.0,0.0,0.0,0.0,0.0,0.0,0.0,0.0,0.0,0.0
0.00996041297913,1.2422441518,1.18400795685,1.1956214834,0.0,0.0,0.797235882593,-0.0190447379457,-0.303650254292,0.154623871902,0.0552492706593,0.235852989487,0.135120011776,1.38999922683e-13,0.0,1.70256900989e-15,-1.57990553655e-15,0.419436713752,-0.403770621578,0.0950495308353,0.369678807422,1.08977101889,-0.153719181915,2.2345748716,0.287477584688,-0.449479034006,0.235480317912,-0.00694507297096,-4.2243986087e-14,0.0,5.36284705419e-15,-2.16715534407e-13,0.0,-8.63550852276e-16,-2.11471828029e-15,3.0253577421e-14,0.0,0.0,0.0,0.0,0.0,0.0,0.0,0.0,0.0,0.0,0.0,0.0,0.0,0.0
0.0100092887878,1.24205212149,1.18350266333,1.1955232168,0.0,0.0,0.798444881776,-0.0177860059812,-0.303840976745,0.149555865993,0.0545332046967,0.235639079313,0.135193604295,1.40110145708e-13,0.0,2.22266213682e-15,-1.89392402829e-15,0.414466735405,-0.399649896344,0.102647164478,0.370358382097,1.0863019351,-0.146783160734,2.20878278702,0.287285031171,-0.468425358894,0.236306618835,-0.00672576586835,-4.25215418431e-14,0.0,5.04392202352e-15,-2.18491891246e-13,0.0,-3.53270803204e-16,-1.73200824349e-15,3.06421554797e-14,0.0,0.0,0.0,0.0,0.0,0.0,0.0,0.0,0.0,0.0,0.0,0.0,0.0,0.0
0.00996828079224,1.2419144847,1.18315048787,1.19551094873,0.0,0.0,0.793678185891,-0.0184806299734,-0.303447939544,0.150613367113,0.0549494501466,0.235609193366,0.135829265838,1.40554234918e-13,0.0,2.04112019629e-15,-1.86448479469e-15,0.400019380866,-0.391572743739,0.124819580591,0.370589848021,1.08518554653,-0.153976929036,2.21151005139,0.287698693175,-0.462583915088,0.239705995134,-0.00366524792589,-4.29101199018e-14,0.0,5.02920240672e-15,-2.2315482795e-13,0.0,-8.24298540809e-16,-1.64859708162e-15,3.0975222387e-14,0.0,0.0,0.0,0.0,0.0,0.0,0.0,0.0,0.0,0.0,0.0,0.0,0.0,0.0
0.00991415977478,1.24192063941,1.18294621717,1.19555623681,0.0,0.0,0.791433977757,-0.017495671282,-0.302604646422,0.149857375025,0.0547495082424,0.235377054134,0.136176083266,1.41886502547e-13,0.0,2.43854984989e-15,-1.66822323735e-15,0.390576267815,-0.384669872834,0.140734558549,0.371083296964,1.08028300406,-0.160812793328,2.19944847098,0.287437799709,-0.465057512756,0.242471834045,-0.0058852926428,-4.27435864481e-14,0.0,4.79859507685e-15,-2.20268248086e-13,0.0,-7.06541606408e-16,-1.96261557335e-15,3.10307335383e-14,0.0,0.0,0.0,0.0,0.0,0.0,0.0,0.0,0.0,0.0,0.0,0.0,0.0,0.0
0.0100386142731,1.24178900228,1.18290330832,1.19556044824,0.0,0.0,0.785104395412,-0.0174303735279,-0.302015448993,0.153688094062,0.0540853413118,0.234970475058,0.135499852333,1.42774680967e-13,0.0,2.8359795035e-15,-1.66822323735e-15,0.380277210625,-0.382596655678,0.151999289104,0.371595338553,1.0748550009,-0.16297222854,2.18900922134,0.287001596062,-0.460389158081,0.249094738292,-0.00369123345008,-4.27435864481e-14,0.0,5.12242664646e-15,-2.19380069666e-13,0.0,-7.45793917875e-16,-2.20794252002e-15,3.10862446895e-14,0.0,0.0,0.0,0.0,0.0,0.0,0.0,0.0,0.0,0.0,0.0,0.0,0.0,0.0
0.0100486278534,1.24168951718,1.18282427095,1.19543862207,0.0,0.0,0.777202908943,-0.0181615032023,-0.300691092659,0.158866827055,0.054303395501,0.234916603545,0.135574356038,1.44551037806e-13,0.0,2.25700790936e-15,-1.40327013495e-15,0.366950112332,-0.376048822661,0.169082750755,0.372147144071,1.06960598023,-0.172639714605,2.17460437203,0.286863379478,-0.460193785581,0.247576442329,-0.00272158926137,-4.31321645067e-14,0.0,5.01448278992e-15,-2.19824158876e-13,0.0,-7.06541606408e-16,-2.05583981309e-15,3.13638004457e-14,0.0,0.0,0.0,0.0,0.0,0.0,0.0,0.0,0.0,0.0,0.0,0.0,0.0,0.0
0.0101861953735,1.24180252712,1.1824077753,1.19525399072,0.0,0.0,0.780889548374,-0.0152137246984,-0.300228138836,0.152435181381,0.0541047244498,0.234829565606,0.136520771318,1.45217171621e-13,0.0,2.08037250776e-15,-1.25607396695e-15,0.358179380958,-0.372302617612,0.17202117043,0.372801114165,1.06632526078,-0.171202095531,2.16690291626,0.286544591112,-0.456738433097,0.257227365842,-0.00248204665744,-4.37982983215e-14,0.0,4.97523047845e-15,-2.2137847111e-13,0.0,-2.7476618027e-16,-2.18340982536e-15,3.17523785043e-14,0.0,0.0,0.0,0.0,0.0,0.0,0.0,0.0,0.0,0.0,0.0,0.0,0.0,0.0
0.00976586341858,1.24186583816,1.18199604424,1.19510231836,0.0,0.0,0.784564216516,-0.0118111495379,-0.300534207829,0.146819203856,0.0544715725566,0.234950642427,0.137017699481,1.44551037806e-13,0.0,1.94789595655e-15,-1.28551320055e-15,0.340855038354,-0.369288379423,0.18458661562,0.373429387957,1.06427548246,-0.174455420168,2.14636466276,0.286527255989,-0.456691850322,0.263841959113,0.00218375951331,-4.34097202628e-14,0.0,4.92616508912e-15,-2.21156426505e-13,0.0,-2.7476618027e-16,-2.10981174136e-15,3.1918911958e-14,0.0,0.0,0.0,0.0,0.0,0.0,0.0,0.0,0.0,0.0,0.0,0.0,0.0,0.0
0.0100603103638,1.24177958327,1.18169765033,1.19501552637,0.0,0.0,0.781612214554,-0.0109943814985,-0.301250616674,0.148833451227,0.0538355937053,0.234573941108,0.136581558439,1.46549439251e-13,0.0,1.41308321282e-15,-1.64859708162e-15,0.336053891046,-0.371067797228,0.174548106768,0.374230590919,1.05881735265,-0.16567735595,2.12931465301,0.285907119238,-0.461106691757,0.260700152115,0.00312625279023,-4.40758540776e-14,0.0,5.51494976113e-15,-2.20268248086e-13,0.0,-6.67289294941e-16,-2.33551253229e-15,3.18634008067e-14,0.0,0.0,0.0,0.0,0.0,0.0,0.0,0.0,0.0,0.0,0.0,0.0,0.0,0.0
0.00996685028076,1.24166284287,1.1813460378,1.19491378076,0.0,0.0,0.775948808972,-0.0101059106514,-0.301891069955,0.153262033993,0.0536647455448,0.234645164965,0.136911711605,1.46771483855e-13,0.0,1.43761590748e-15,-1.79579324962e-15,0.322166571452,-0.371125921456,0.177269887092,0.373781410853,1.05316563013,-0.164579396979,2.11694358514,0.286848702516,-0.461096332014,0.270372450722,0.00469409870879,-4.41313652288e-14,0.0,5.24018358086e-15,-2.23820961764e-13,0.0,-7.06541606408e-16,-2.11962481922e-15,3.18078896555e-14,0.0,0.0,0.0,0.0,0.0,0.0,0.0,0.0,0.0,0.0,0.0,0.0,0.0,0.0
0.00996041297913,1.2418402339,1.18068815154,1.1947542959,0.0,0.0,0.779658268176,-0.00671856450606,-0.30241502168,0.147915311445,0.0550648911138,0.235205160322,0.138056671842,1.44773082411e-13,0.0,1.16284972721e-15,-1.20700857761e-15,0.309463486084,-0.365861477067,0.19078812677,0.375711925698,1.05074009315,-0.178232066426,2.09808015855,0.285697627463,-0.465884590403,0.275526608627,0.00728683739953,-4.41313652288e-14,0.0,5.22055742512e-15,-2.33590924381e-13,0.0,-1.60934477015e-15,-2.08037250776e-15,3.21964677141e-14,0.0,0.0,0.0,0.0,0.0,0.0,0.0,0.0,0.0,0.0,0.0,0.0,0.0,0.0
0.0100193023682,1.2419020277,1.18014734778,1.19460543115,0.0,0.0,0.779102473321,-0.00562149073199,-0.30345585438,0.147736889702,0.0552989815322,0.235191277031,0.138232014499,1.44551037806e-13,0.0,9.86214325611e-16,-7.26167762141e-16,0.29726446974,-0.366578370568,0.190237687618,0.374949457436,1.04283722561,-0.176643375509,2.07772647173,0.286768663597,-0.468934835517,0.277508893172,0.00794253958151,-4.40758540776e-14,0.0,5.40209936566e-15,-2.32702745961e-13,0.0,-1.68784939309e-15,-2.19322290322e-15,3.24185123191e-14,0.0,0.0,0.0,0.0,0.0,0.0,0.0,0.0,0.0,0.0,0.0,0.0,0.0,0.0
0.00992584228516,1.24196799329,1.17964864919,1.19451296289,0.0,0.0,0.779269033808,-0.00294008553465,-0.304615597274,0.146885704656,0.0559866007067,0.235451217751,0.138407730485,1.46327394646e-13,0.0,1.64859708162e-15,-9.71494708811e-16,0.281718425133,-0.370119998645,0.19186045764,0.37531591865,1.03871799148,-0.173359042812,2.06143465394,0.28766354189,-0.475477621127,0.280868553487,0.00738010662541,-4.38538094727e-14,0.0,5.48551052753e-15,-2.35589325825e-13,0.0,-1.57009245868e-15,-2.03130711842e-15,3.29181126801e-14,0.0,0.0,0.0,0.0,0.0,0.0,0.0,0.0,0.0,0.0,0.0,0.0,0.0,0.0
0.0102236270905,1.2422315291,1.17900385277,1.19450960596,0.0,0.0,0.783408404558,0.00107146744971,-0.305918888621,0.143256098694,0.0564441085237,0.235745097262,0.143706281635,1.46549439251e-13,0.0,1.78598017175e-15,-8.43924696543e-16,0.283143475055,-0.36012061479,0.179022659097,0.374586382181,1.02836159634,-0.180611001024,2.05655380838,0.287311691321,-0.479148273207,0.290681593309,0.0103100961534,-4.41868763801e-14,0.0,5.55420207259e-15,-2.3581137043e-13,0.0,-1.09906472108e-15,-2.36004522696e-15,3.32511795875e-14,0.0,0.0,0.0,0.0,0.0,0.0,0.0,0.0,0.0,0.0,0.0,0.0,0.0,0.0
0.00978899002075,1.24240394266,1.17849097222,1.19447591455,0.0,0.0,0.782994320529,0.00375990430927,-0.307042952723,0.143495185814,0.0551722083881,0.235078257854,0.138858584219,1.47215573065e-13,0.0,1.66822323735e-15,-6.77102372807e-16,0.279555729557,-0.377912265086,0.174015773597,0.376349994394,1.02035830489,-0.175270295345,2.01748314174,0.287297566748,-0.48305859343,0.294130929403,0.00842217333314,-4.48530101949e-14,0.0,5.40209936566e-15,-2.3714363806e-13,0.0,-1.17756934401e-15,-2.15887713069e-15,3.35842464949e-14,0.0,0.0,0.0,0.0,0.0,0.0,0.0,0.0,0.0,0.0,0.0,0.0,0.0,0.0
0.0100293159485,1.24238175982,1.17797247833,1.194278771,0.0,0.0,0.778106265999,0.00551671051693,-0.30878146234,0.147028907082,0.0551592037057,0.235291366615,0.13846195444,1.48991929905e-13,0.0,1.42289629068e-15,-7.65420073608e-16,0.276094114834,-0.38685591002,0.163056058744,0.376527065159,1.01463587807,-0.166548321828,1.99863727561,0.288182769765,-0.492570525109,0.305172977723,0.0151786470284,-4.46864767412e-14,0.0,5.19602473046e-15,-2.38919994899e-13,0.0,-1.17756934401e-15,-2.16378366962e-15,3.39728245535e-14,0.0,0.0,0.0,0.0,0.0,0.0,0.0,0.0,0.0,0.0,0.0,0.0,0.0,0.0
0.0102803707123,1.24275222998,1.17695363206,1.19420125634,0.0,0.0,0.78501333112,0.0101014991895,-0.311670624226,0.140397343381,0.0562942354661,0.235914245464,0.139683189837,1.50546242139e-13,0.0,1.33457858988e-15,-8.14485462942e-16,0.276448829582,-0.386121546492,0.157654104268,0.377322394248,1.00627180169,-0.179872298878,1.98958199001,0.287265169444,-0.486560968891,0.308318831649,0.0156435617865,-4.45199432875e-14,0.0,5.94181864833e-15,-2.38475905689e-13,0.0,-9.02803163743e-16,-2.51214793389e-15,3.41393580072e-14,0.0,0.0,0.0,0.0,0.0,0.0,0.0,0.0,0.0,0.0,0.0,0.0,0.0,0.0
0.009681224823,1.24324424996,1.17587753098,1.19404091699,0.0,0.0,0.794939596528,0.0148185430501,-0.314775449027,0.130259261203,0.0562039978649,0.236036883106,0.139395319181,1.51878509769e-13,0.0,1.75654093815e-15,-7.55606995742e-16,0.278779866907,-0.394949967393,0.137823750957,0.377733465546,1.00005290208,-0.170323037449,1.96712282127,0.287873557456,-0.492183978392,0.312832527464,0.0182029190973,-4.45199432875e-14,0.0,5.53457591686e-15,-2.39808173319e-13,0.0,-1.64859708162e-15,-2.56121332323e-15,3.43058914609e-14,0.0,0.0,0.0,0.0,0.0,0.0,0.0,0.0,0.0,0.0,0.0,0.0,0.0,0.0
0.0100936889648,1.243608864,1.1751082487,1.19387319238,0.0,0.0,0.798407704726,0.0185185521981,-0.317611063721,0.125508762156,0.0569814146246,0.23637107368,0.140260567824,1.52544643583e-13,0.0,1.47686821895e-15,-6.67289294941e-16,0.280123852216,-0.399375794701,0.125770006688,0.377845498449,0.994543160251,-0.172932919617,1.96479827205,0.288471051867,-0.480310203492,0.315094079089,0.0220956338433,-4.47974990436e-14,0.0,5.19602473046e-15,-2.40918396344e-13,0.0,-1.68784939309e-15,-2.52686755069e-15,3.44724249146e-14,0.0,0.0,0.0,0.0,0.0,0.0,0.0,0.0,0.0,0.0,0.0,0.0,0.0,0.0
0.0100519657135,1.24380769644,1.17443825071,1.19386898096,0.0,0.0,0.794097510966,0.0209434538281,-0.319914716213,0.130543833627,0.0570944548909,0.23653090812,0.140112818774,1.53432822003e-13,0.0,1.68784939309e-15,-2.45326946669e-16,0.287763101899,-0.40750650376,0.104484857058,0.37849353094,0.983221448159,-0.172242132866,1.96705776536,0.287754097989,-0.471028863804,0.309581478616,0.0248816718514,-4.44644321362e-14,0.0,5.24018358086e-15,-2.45581333047e-13,0.0,-1.92336326189e-15,-3.0714933723e-15,3.46389583683e-14,0.0,0.0,0.0,0.0,0.0,0.0,0.0,0.0,0.0,0.0,0.0,0.0,0.0,0.0
0.0101008415222,1.24429704491,1.17345283467,1.19381551416,0.0,0.0,0.798305610908,0.0253802285469,-0.323700107147,0.126694279384,0.0557741012466,0.236247712735,0.138645222945,1.53210777398e-13,0.0,1.71728862669e-15,-7.50700456808e-16,0.300608442614,-0.420573833973,0.0846923100278,0.378994832617,0.97295104288,-0.172837176633,1.96044924749,0.288175715221,-0.459319706756,0.312290512623,0.0267534805198,-4.46864767412e-14,0.0,5.44625821606e-15,-2.50910403565e-13,0.0,-1.76635401602e-15,-3.21378300137e-15,3.48610029732e-14,0.0,0.0,0.0,0.0,0.0,0.0,0.0,0.0,0.0,0.0,0.0,0.0,0.0,0.0
0.00995111465454,1.24459113135,1.17286466149,1.19367702539,0.0,0.0,0.797251638344,0.02865041102,-0.327117688135,0.127275122145,0.057052372429,0.236999200232,0.139888112718,1.54098955818e-13,0.0,2.19812944216e-15,-1.07943856535e-15,0.306747576749,-0.425551454827,0.0645651484342,0.37941662583,0.967356987576,-0.173633381634,1.97580675927,0.288083951221,-0.440295477462,0.31804916039,0.0267424146694,-4.42978986825e-14,0.0,5.39228628779e-15,-2.49356091331e-13,0.0,-1.88411095042e-15,-3.1450914563e-15,3.50830475782e-14,0.0,0.0,0.0,0.0,0.0,0.0,0.0,0.0,0.0,0.0,0.0,0.0,0.0,0.0
0.00981497764587,1.24515000466,1.1719150584,1.19361653955,0.0,0.0,0.803823098807,0.0338519472666,-0.330960351626,0.121754354084,0.0568596527745,0.23718306244,0.139491764534,1.54543045028e-13,0.0,2.94392336003e-15,-6.5256967814e-16,0.316410170374,-0.436622000488,0.0433728553241,0.379735959263,0.958761308974,-0.171631552565,1.97238548047,0.288341383399,-0.427728374042,0.319148502793,0.0313558684498,-4.45754544387e-14,0.0,5.819155175e-15,-2.48689957516e-13,0.0,-1.92336326189e-15,-3.24322223497e-15,3.54161144855e-14,0.0,0.0,0.0,0.0,0.0,0.0,0.0,0.0,0.0,0.0,0.0,0.0,0.0,0.0
0.0101318359375,1.24576309696,1.17105167757,1.19339290674,0.0,0.0,0.808849513281,0.0400144431749,-0.333031818847,0.115957805537,0.0573531212413,0.237432549926,0.138930863619,1.54987134238e-13,0.0,3.01752144403e-15,-1.06962548748e-15,0.324459179384,-0.446500891757,0.0269447149138,0.380513526781,0.95121666268,-0.174458362669,1.97685730937,0.288391623923,-0.406731840563,0.324395683902,0.0326145716868,-4.47419878924e-14,0.0,5.76518324673e-15,-2.48467912911e-13,0.0,-2.27663406509e-15,-3.1303718395e-15,3.59712259979e-14,0.0,0.0,0.0,0.0,0.0,0.0,0.0,0.0,0.0,0.0,0.0,0.0,0.0,0.0
0.00997591018677,1.24619678899,1.17019409678,1.1931739126,0.0,0.0,0.805686376178,0.0414625533916,-0.337221706288,0.119974620914,0.0595812332275,0.238727215926,0.145297623674,1.55875312657e-13,0.0,2.99298874937e-15,-1.26588704481e-15,0.337591646329,-0.43844432718,0.0117499161236,0.379009006096,0.94574036768,-0.191454388294,1.97126052409,0.288693011623,-0.390748760346,0.322340030883,0.0353332401403,-4.59077220683e-14,0.0,5.75046362993e-15,-2.50466314355e-13,0.0,-2.39439099949e-15,-2.61027871256e-15,3.65263375102e-14,0.0,0.0,0.0,0.0,0.0,0.0,0.0,0.0,0.0,0.0,0.0,0.0,0.0,0.0
0.0101025104523,1.24669422667,1.16912885092,1.1929353872,0.0,0.0,0.808404597518,0.0446099142305,-0.341245715804,0.118126589678,0.0580483106367,0.237804268947,0.138806621293,1.57429624892e-13,0.0,2.8506991203e-15,-1.70256900989e-15,0.346984675382,-0.466100831757,-0.00701909748516,0.381083694327,0.936650102019,-0.181082295252,1.94680369842,0.289490226913,-0.37064356414,0.322485886046,0.0351431409647,-4.59632332195e-14,0.0,5.66214592913e-15,-2.52242671195e-13,0.0,-2.31588637656e-15,-2.60537217363e-15,3.73034936274e-14,0.0,0.0,0.0,0.0,0.0,0.0,0.0,0.0,0.0,0.0,0.0,0.0,0.0,0.0
0.0098876953125,1.24715252389,1.16841633727,1.1927798086,0.0,0.0,0.812454635806,0.0522469202451,-0.345282856118,0.113498180551,0.0571579619745,0.237658473128,0.137345944973,1.60760293966e-13,0.0,3.16226434257e-15,-1.51121399148e-15,0.367412273054,-0.484171038937,-0.0401563020105,0.382165324786,0.921870848239,-0.170447810829,1.94938436576,0.28885169866,-0.372443761355,0.326404691109,0.0365943162768,-4.79616346638e-14,0.0,5.71121131846e-15,-2.54463117244e-13,0.0,-2.19812944216e-15,-2.6299048683e-15,3.75255382323e-14,0.0,0.0,0.0,0.0,0.0,0.0,0.0,0.0,0.0,0.0,0.0,0.0,0.0,0.0
0.00990223884583,1.24770362306,1.16758535444,1.19278579003,0.0,0.0,0.812041756448,0.0548181062898,-0.350448542219,0.116838973255,0.0572148900538,0.237543412747,0.137775605775,1.60982338571e-13,0.0,2.82616642563e-15,-1.18738242188e-15,0.37770815805,-0.49376061269,-0.0556238524084,0.381825534613,0.911254446638,-0.172776673933,1.95121163229,0.289889371459,-0.369966864634,0.324093833455,0.0360949977402,-4.85722573274e-14,0.0,6.59929486541e-15,-2.53796983429e-13,0.0,-1.80560632749e-15,-2.43364331096e-15,3.79696274422e-14,0.0,0.0,0.0,0.0,0.0,0.0,0.0,0.0,0.0,0.0,0.0,0.0,0.0,0.0
0.0100584030151,1.2483078682,1.16653032573,1.19244515283,0.0,0.0,0.820398567642,0.0623989824045,-0.35464554176,0.107473245118,0.0587442649722,0.238229017273,0.13802332739,1.60538249361e-13,0.0,2.76483468896e-15,-1.25607396695e-15,0.38652938623,-0.505151863245,-0.0735864346241,0.381618243322,0.902094506049,-0.165829337759,1.95693911122,0.290716984655,-0.377313636019,0.323499639878,0.0385374578586,-4.82947015712e-14,0.0,6.4668183142e-15,-2.49800180541e-13,0.0,-1.68784939309e-15,-2.37231157429e-15,3.77475828373e-14,0.0,0.0,0.0,0.0,0.0,0.0,0.0,0.0,0.0,0.0,0.0,0.0,0.0,0.0
0.010115146637,1.2485027359,1.1656216839,1.19208113916,0.0,0.0,0.815067735892,0.0647878657865,-0.361416563741,0.1152196348,0.058118810642,0.238424008867,0.137307444109,1.60982338571e-13,0.0,2.69368987443e-15,-1.26588704481e-15,0.406791430067,-0.520049032838,-0.0932711275047,0.38297172436,0.887081963229,-0.169404090632,1.95476084537,0.289946933906,-0.380611076066,0.315124049935,0.0396826641362,-4.90718576884e-14,0.0,6.1650661698e-15,-2.46913600677e-13,0.0,-1.80560632749e-15,-2.43119004149e-15,3.76365605348e-14,0.0,0.0,0.0,0.0,0.0,0.0,0.0,0.0,0.0,0.0,0.0,0.0,0.0,0.0
0.0100870132446,1.24913522375,1.16463050502,1.19175679834,0.0,0.0,0.821874236858,0.0719554508789,-0.365708634013,0.109173773013,0.0592631655108,0.238917419971,0.137219407184,1.63868918435e-13,0.0,2.38948446056e-15,-9.32242397343e-16,0.414725812092,-0.530172366606,-0.0962676376676,0.383157604241,0.876885091677,-0.1765098,1.94707457691,0.290478266755,-0.390681433436,0.310745520078,0.0389642493428,-4.90718576884e-14,0.0,6.150346553e-15,-2.48689957516e-13,0.0,-1.80560632749e-15,-2.38948446056e-15,3.76365605348e-14,0.0,0.0,0.0,0.0,0.0,0.0,0.0,0.0,0.0,0.0,0.0,0.0,0.0,0.0
0.00981712341309,1.24985990895,1.16375820838,1.19159981592,0.0,0.0,0.826610742707,0.0780042750921,-0.369562204724,0.106929541149,0.058651102132,0.238327084891,0.135679892221,1.63868918435e-13,0.0,2.52441428123e-15,-9.17522780543e-16,0.42562579507,-0.548092577278,-0.111109758504,0.38310939209,0.862233841081,-0.169596143454,1.9534177539,0.291207543161,-0.392367608415,0.304087699766,0.0372970002269,-4.94049245958e-14,0.0,6.11109424153e-15,-2.49800180541e-13,0.0,-1.80560632749e-15,-2.43119004149e-15,3.78586051397e-14,0.0,0.0,0.0,0.0,0.0,0.0,0.0,0.0,0.0,0.0,0.0,0.0,0.0,0.0
0.00991535186768,1.25055750286,1.16300548309,1.19115340479,0.0,0.0,0.831190140966,0.0852523451162,-0.372762155979,0.10230159175,0.0605221529716,0.239074044788,0.13629086066,1.66089364484e-13,0.0,3.47873610377e-15,-4.36681965071e-16,0.427963141645,-0.556844885647,-0.107810429677,0.382798959836,0.857561977724,-0.176062891106,1.95679675202,0.291934950962,-0.389839881703,0.300338180221,0.0406638807737,-4.92939022934e-14,0.0,6.334341763e-15,-2.47801779096e-13,0.0,-2.23738175362e-15,-2.54649370643e-15,3.78586051397e-14,0.0,0.0,0.0,0.0,0.0,0.0,0.0,0.0,0.0,0.0,0.0,0.0,0.0,0.0
0.0102736949921,1.25119222668,1.16206355057,1.19085646875,0.0,0.0,0.832179232672,0.0885508525964,-0.378130648029,0.103724821948,0.0605133354624,0.238987834741,0.136167891955,1.66977542904e-13,0.0,3.67745093057e-15,-3.97429653604e-16,0.442714279862,-0.571317679754,-0.132791581323,0.383611761649,0.846933117333,-0.165542490128,1.98372050766,0.291247799473,-0.382392887427,0.2961464322,0.0400495205811,-4.97379915032e-14,0.0,6.34660811034e-15,-2.54463117244e-13,0.0,-2.15887713069e-15,-2.53668062856e-15,3.81916720471e-14,0.0,0.0,0.0,0.0,0.0,0.0,0.0,0.0,0.0,0.0,0.0,0.0,0.0,0.0
0.00975680351257,1.25191709076,1.1612479535,1.19063716943,0.0,0.0,0.833310323737,0.0916869216811,-0.383841601652,0.104741263852,0.0603392925914,0.238648457854,0.135325427814,1.68531855138e-13,0.0,3.70934343364e-15,-5.64251977339e-16,0.447902276053,-0.585911328528,-0.135880166783,0.383304333874,0.842266045935,-0.162719410376,1.98857892509,0.292794568945,-0.378353704344,0.295738155876,0.0419538600604,-4.95714580495e-14,0.0,6.49135100887e-15,-2.54019028034e-13,0.0,-2.04112019629e-15,-2.6225450599e-15,3.8413716652e-14,0.0,0.0,0.0,0.0,0.0,0.0,0.0,0.0,0.0,0.0,0.0,0.0,0.0,0.0
0.0101625919342,1.25229665259,1.16037560558,1.19031911523,0.0,0.0,0.831947467216,0.0927610927921,-0.390775196785,0.109852862615,0.0597619713384,0.238519334714,0.135166836858,1.68309810533e-13,0.0,4.32266080031e-15,-4.12149270404e-16,0.459778195173,-0.599523969125,-0.15010281545,0.383395426945,0.834726602302,-0.159758858996,1.99368400675,0.293467056608,-0.371835839907,0.292308561131,0.0398849872618,-4.97379915032e-14,0.0,6.2018652118e-15,-2.54907206454e-13,0.0,-1.68784939309e-15,-2.53668062856e-15,3.83026943496e-14,0.0,0.0,0.0,0.0,0.0,0.0,0.0,0.0,0.0,0.0,0.0,0.0,0.0,0.0
0.0101475715637,1.25292911181,1.15962064715,1.19006142481,0.0,0.0,0.836029748044,0.102605569841,-0.393870865489,0.106876059086,0.0605858414353,0.238951562588,0.134296998896,1.69864122768e-13,0.0,4.32756733925e-15,-5.15186588006e-16,0.463756313409,-0.61343812737,-0.153929362293,0.383558493754,0.826671192024,-0.158555973362,2.00565439033,0.293435670442,-0.369610085332,0.296266600515,0.044760927887,-5.0404125318e-14,0.0,6.46191177527e-15,-2.54241072639e-13,0.0,-1.29532627841e-15,-2.64217121563e-15,3.80806497446e-14,0.0,0.0,0.0,0.0,0.0,0.0,0.0,0.0,0.0,0.0,0.0,0.0,0.0,0.0
0.00965785980225,1.25365687407,1.15871079382,1.18981484277,0.0,0.0,0.838228765209,0.109411130553,-0.397004914658,0.106652561232,0.0608618116252,0.238904797771,0.132687634465,1.70752301187e-13,0.0,4.10186654831e-15,-2.15887713069e-16,0.470900796379,-0.629818794542,-0.161682382807,0.384245581099,0.815811245426,-0.153082552273,2.01153961543,0.292526720826,-0.359346868639,0.291539649132,0.0446288808813,-5.10702591328e-14,0.0,6.13317366673e-15,-2.52686760405e-13,0.0,-1.09906472108e-15,-3.0567737555e-15,3.83026943496e-14,0.0,0.0,0.0,0.0,0.0,0.0,0.0,0.0,0.0,0.0,0.0,0.0,0.0,0.0
0.0102529525757,1.25449202815,1.15803136897,1.18950814111,0.0,0.0,0.841787398517,0.115117026049,-0.401285498312,0.105298491169,0.0605540274664,0.238584046922,0.131202900215,1.70308211977e-13,0.0,5.14695934112e-15,-3.43457725337e-16,0.478068933783,-0.644387487811,-0.169905551471,0.384073276705,0.805382411331,-0.150104024788,2.02214037208,0.292928931336,-0.346668035615,0.288155104231,0.0441853701659,-5.12923037377e-14,0.0,6.1577063614e-15,-2.48023823701e-13,0.0,-1.05981240961e-15,-2.68633006603e-15,3.8635761257e-14,0.0,0.0,0.0,0.0,0.0,0.0,0.0,0.0,0.0,0.0,0.0,0.0,0.0,0.0
0.00993299484253,1.25523468848,1.157168594,1.18942940576,0.0,0.0,0.841808707309,0.118370345761,-0.405707181385,0.109484029281,0.0605094705061,0.238744085484,0.130801163956,1.70308211977e-13,0.0,5.44380494659e-15,-6.5256967814e-16,0.482501471065,-0.655474492762,-0.170510424556,0.384138616604,0.798091014269,-0.150112926112,2.02610628033,0.293572997069,-0.341171880009,0.288781327916,0.0456301419009,-5.15698594938e-14,0.0,6.16261290033e-15,-2.44027020813e-13,0.0,-1.21682165548e-15,-2.80163373096e-15,3.8635761257e-14,0.0,0.0,0.0,0.0,0.0,0.0,0.0,0.0,0.0,0.0,0.0,0.0,0.0,0.0
0.0100238323212,1.25560464449,1.15671537933,1.18909774072,0.0,0.0,0.831773509594,0.117198168922,-0.410401876097,0.122953760491,0.0607716363529,0.238915268102,0.130445038539,1.70974345792e-13,0.0,5.46833764126e-15,-9.5677509201e-16,0.492108676894,-0.664362682759,-0.174862534872,0.384147688925,0.786853367572,-0.1534855354,2.0270873499,0.293360747848,-0.335985097944,0.280295688313,0.0451851366109,-5.16253706451e-14,0.0,5.98597749873e-15,-2.46469511467e-13,0.0,-9.81307786677e-16,-2.34777887963e-15,3.88578058619e-14,0.0,0.0,0.0,0.0,0.0,0.0,0.0,0.0,0.0,0.0,0.0,0.0,0.0,0.0
0.00993657112122,1.25597389087,1.1559838106,1.18896254785,0.0,0.0,0.822819361465,0.115822893827,-0.418266227709,0.13644654315,0.0607977969445,0.239453293403,0.130307630164,1.70974345792e-13,0.0,5.59345438406e-15,-1.21927492495e-15,0.499982775848,-0.676257629036,-0.190284339561,0.383605981749,0.778732017676,-0.144550420618,2.043147528,0.293654753084,-0.323996725138,0.279776597145,0.0454849458496,-5.15143483426e-14,0.0,6.4668183142e-15,-2.5113244817e-13,0.0,-1.29532627841e-15,-2.25946117882e-15,3.85247389545e-14,0.0,0.0,0.0,0.0,0.0,0.0,0.0,0.0,0.0,0.0,0.0,0.0,0.0,0.0
0.00998544692993,1.25730390059,1.15484267468,1.18891304834,0.0,0.0,0.843859590892,0.128743433124,-0.418981346522,0.117138882901,0.0610753994,0.239698709117,0.129055708767,1.72528658027e-13,0.0,5.07336125712e-15,-1.16284972721e-15,0.50177681845,-0.687617322074,-0.191500188217,0.384293802533,0.772152431963,-0.138181480649,2.03972994983,0.293712075617,-0.330612388545,0.284152309559,0.0487984152465,-5.184741525e-14,0.0,6.10373443313e-15,-2.48245868306e-13,0.0,-1.17756934401e-15,-2.75256834163e-15,3.85247389545e-14,0.0,0.0,0.0,0.0,0.0,0.0,0.0,0.0,0.0,0.0,0.0,0.0,0.0,0.0
0.010073184967,1.25838630781,1.15366891926,1.18877822168,0.0,0.0,0.858130833553,0.137438645462,-0.421906960493,0.106214414701,0.0605919644,0.23952647058,0.127975332051,1.73194791842e-13,0.0,4.88323287345e-15,-1.09415818215e-15,0.508741094935,-0.698610948755,-0.194577740636,0.38473791511,0.761313704842,-0.140100221127,2.05411968239,0.29321051511,-0.315612325575,0.28338874847,0.0492849855362,-5.22915044598e-14,0.0,5.55297543786e-15,-2.52242671195e-13,0.0,-1.09906472108e-15,-2.8764584497e-15,3.89688281643e-14,0.0,0.0,0.0,0.0,0.0,0.0,0.0,0.0,0.0,0.0,0.0,0.0,0.0,0.0
0.0100743770599,1.25893026605,1.1530423834,1.18867232568,0.0,0.0,0.855101623926,0.137594775691,-0.426592042059,0.113409813329,0.060247310166,0.239565375897,0.127822528135,1.74305014866e-13,0.0,5.43276523399e-15,-1.32476551201e-15,0.515717945814,-0.707293102372,-0.195605555971,0.385095680454,0.75292358183,-0.141140304491,2.05567103644,0.293123530613,-0.309877959124,0.283924668028,0.0493076192614,-5.20694598549e-14,0.0,5.53089601266e-15,-2.5068835896e-13,0.0,-1.33457858988e-15,-3.0972527017e-15,3.94129173742e-14,0.0,0.0,0.0,0.0,0.0,0.0,0.0,0.0,0.0,0.0,0.0,0.0,0.0,0.0
0.00981903076172,1.25973570108,1.15201630711,1.18863875635,0.0,0.0,0.862356646635,0.144364106578,-0.429476077382,0.10910891621,0.060566300522,0.240141708244,0.127392371105,1.73194791842e-13,0.0,5.763956612e-15,-1.40327013495e-15,0.51956697207,-0.71635828257,-0.2037650889,0.385321079111,0.745105666995,-0.135358138072,2.06373586935,0.292690060657,-0.303673986972,0.279642036618,0.0491714070958,-5.29021271234e-14,0.0,5.52721610846e-15,-2.49578135936e-13,0.0,-1.33457858988e-15,-3.2628483907e-15,3.95239396767e-14,0.0,0.0,0.0,0.0,0.0,0.0,0.0,0.0,0.0,0.0,0.0,0.0,0.0,0.0
0.0100295543671,1.26040695623,1.15129505534,1.18853597315,0.0,0.0,0.865037277295,0.145726594266,-0.433593322882,0.110312003418,0.0607887779123,0.240344919037,0.127584882726,1.74082970261e-13,0.0,6.22149136753e-15,-1.24380761961e-15,0.522511143563,-0.721839448439,-0.204851844812,0.384643670101,0.739436155474,-0.134916680201,2.0648781379,0.29350138537,-0.300351061684,0.276098491164,0.0482057608692,-5.30686605771e-14,0.0,5.28066252706e-15,-2.49578135936e-13,0.0,-1.45233552428e-15,-3.1634909773e-15,3.9857006584e-14,0.0,0.0,0.0,0.0,0.0,0.0,0.0,0.0,0.0,0.0,0.0,0.0,0.0,0.0
0.00990056991577,1.26134520332,1.15043382205,1.18851296289,0.0,0.0,0.870227886946,0.150686768467,-0.436480320154,0.108513560503,0.0609918402924,0.240726052314,0.12732239784,1.74527059471e-13,0.0,6.36255436187e-15,-1.23154127228e-15,0.526242219141,-0.72894361647,-0.215945940472,0.384778121809,0.733037216213,-0.127229620452,2.07629315007,0.293096130236,-0.298103556052,0.278636619437,0.0493228190483,-5.29021271234e-14,0.0,5.19111819152e-15,-2.49578135936e-13,0.0,-1.45233552428e-15,-3.2150096361e-15,4.07451850037e-14,0.0,0.0,0.0,0.0,0.0,0.0,0.0,0.0,0.0,0.0,0.0,0.0,0.0,0.0
0.0100748538971,1.2621546284,1.14948215724,1.18844759424,0.0,0.0,0.875910504983,0.153985901121,-0.439474300701,0.106362318042,0.0607378528322,0.240805712112,0.126966584351,1.75637282496e-13,0.0,6.77102372807e-15,-7.18807953741e-16,0.529044243459,-0.735662534294,-0.214567401781,0.384730402128,0.727319580528,-0.125968437002,2.08325559019,0.293455752851,-0.297664118772,0.277739314382,0.0499067861661,-5.29576382746e-14,0.0,5.23159713772e-15,-2.48912002121e-13,0.0,-1.57009245868e-15,-3.45297677437e-15,4.08562073062e-14,0.0,0.0,0.0,0.0,0.0,0.0,0.0,0.0,0.0,0.0,0.0,0.0,0.0,0.0
0.0100584030151,1.26284996555,1.14888966319,1.18833028467,0.0,0.0,0.878053453381,0.154776362565,-0.442631125186,0.107986013518,0.0604421897953,0.240618058454,0.126507520673,1.76081371706e-13,0.0,6.87896758461e-15,-2.84579258136e-16,0.531533643548,-0.740393226101,-0.20381898812,0.385047872953,0.722960224718,-0.133609915453,2.07738073971,0.29380901464,-0.295982929995,0.275311864892,0.0511271971079,-5.33462163332e-14,0.0,4.93107162805e-15,-2.50244269751e-13,0.0,-1.05981240961e-15,-3.52412158891e-15,4.09672296087e-14,0.0,0.0,0.0,0.0,0.0,0.0,0.0,0.0,0.0,0.0,0.0,0.0,0.0,0.0
0.0098991394043,1.2637411052,1.1481905902,1.18837996728,0.0,0.0,0.880146120421,0.15752048865,-0.444163226105,0.110132016571,0.0609848265606,0.240599088791,0.125797311908,1.76081371706e-13,0.0,6.87160777621e-15,-5.83878133073e-16,0.52869751381,-0.746424254508,-0.19921128609,0.385161391613,0.719175158155,-0.129957242648,2.08463195464,0.293724177587,-0.296157491299,0.27601710566,0.0503005046084,-5.36237720894e-14,0.0,5.31132839539e-15,-2.524647158e-13,0.0,-1.13831703255e-15,-3.61857246337e-15,4.09672296087e-14,0.0,0.0,0.0,0.0,0.0,0.0,0.0,0.0,0.0,0.0,0.0,0.0,0.0,0.0
0.0100228786469,1.26469803545,1.14766558908,1.18826406152,0.0,0.0,0.88816495131,0.162576763056,-0.444429138512,0.105289640428,0.0612639808584,0.240805150065,0.125802315815,1.75859327101e-13,0.0,7.24082483095e-15,-6.1577063614e-16,0.526753408581,-0.74952006485,-0.196254229542,0.38494570531,0.715930088703,-0.128917525705,2.08844259852,0.294086463394,-0.30056379596,0.27301476524,0.0515461045958,-5.35682609382e-14,0.0,5.40945917406e-15,-2.52242671195e-13,0.0,-1.17756934401e-15,-3.63819861911e-15,4.10782519111e-14,0.0,0.0,0.0,0.0,0.0,0.0,0.0,0.0,0.0,0.0,0.0,0.0,0.0,0.0
0.00997948646545,1.26531164282,1.14712892077,1.18822249658,0.0,0.0,0.888999671576,0.162505037941,-0.448139547046,0.109606926106,0.0607489278131,0.240870347771,0.125991332362,1.75415237891e-13,0.0,6.79678305747e-15,-3.97429653604e-16,0.531351402764,-0.754743948369,-0.21001213645,0.385672667205,0.710065376306,-0.119359309299,2.10564428902,0.293258181039,-0.304241240261,0.271220888702,0.0515860587106,-5.41233724505e-14,0.0,5.53580255159e-15,-2.55795384874e-13,0.0,-1.05981240961e-15,-3.59649303817e-15,4.09672296087e-14,0.0,0.0,0.0,0.0,0.0,0.0,0.0,0.0,0.0,0.0,0.0,0.0,0.0,0.0
0.00996971130371,1.26639037308,1.14640997515,1.18825295313,0.0,0.0,0.903553452712,0.170991004279,-0.447661057392,0.097879853719,0.0607034266576,0.24087583541,0.12567388228,1.75193193286e-13,0.0,6.96728528541e-15,-5.26226300606e-16,0.528165896742,-0.758400164492,-0.1967799447,0.385398260077,0.707263364759,-0.125702055777,2.0975944164,0.293868474968,-0.31336893796,0.254810455204,0.0539465558828,-5.42899059042e-14,0.0,5.6793188154e-15,-2.57571741713e-13,0.0,-1.05981240961e-15,-3.57196034351e-15,4.09672296087e-14,0.0,0.0,0.0,0.0,0.0,0.0,0.0,0.0,0.0,0.0,0.0,0.0,0.0,0.0
0.0100510120392,1.2668940962,1.146261052,1.18824623925,0.0,0.0,0.898874387604,0.169241535714,-0.450216025567,0.106728072848,0.060886201227,0.240570595498,0.125527927071,1.74749104076e-13,0.0,6.84339517734e-15,-6.4152996554e-16,0.527154354819,-0.762782165479,-0.204513864315,0.385575539141,0.704927773817,-0.116614097164,2.10587514753,0.293688127102,-0.313096381978,0.263904084276,0.0542981188101,-5.41788836017e-14,0.0,5.8780336422e-15,-2.55795384874e-13,0.0,-1.33457858988e-15,-3.68971727791e-15,4.10782519111e-14,0.0,0.0,0.0,0.0,0.0,0.0,0.0,0.0,0.0,0.0,0.0,0.0,0.0,0.0
0.00996160507202,1.26778774586,1.14548467841,1.18819686181,0.0,0.0,0.904687456402,0.17114547148,-0.452470452396,0.106686778953,0.0609353200944,0.240657281932,0.125611124106,1.75415237891e-13,0.0,7.74251843688e-15,1.50876072202e-16,0.52619338114,-0.762659552574,-0.192113194056,0.385856396811,0.702404011576,-0.129956989121,2.1012369982,0.293701954985,-0.303543874796,0.27024401584,0.0523187278778,-5.39568389968e-14,0.0,6.003150385e-15,-2.58459920133e-13,0.0,-1.41308321282e-15,-3.68971727791e-15,4.10782519111e-14,0.0,0.0,0.0,0.0,0.0,0.0,0.0,0.0,0.0,0.0,0.0,0.0,0.0,0.0
0.0102639198303,1.26854357467,1.14514610837,1.18809511621,0.0,0.0,0.909664416069,0.174656604008,-0.452571639149,0.104110522162,0.060965439298,0.240549274582,0.125124550869,1.75637282496e-13,0.0,7.77931747888e-15,0.0,0.524919733391,-0.767704941497,-0.204986899101,0.386082480737,0.699915769567,-0.11617606604,2.10563791321,0.293657640869,-0.308400730256,0.270498852438,0.0549570594732,-5.41788836017e-14,0.0,6.39935340387e-15,-2.63566946046e-13,0.0,-1.57009245868e-15,-3.37569878617e-15,4.16333634234e-14,0.0,0.0,0.0,0.0,0.0,0.0,0.0,0.0,0.0,0.0,0.0,0.0,0.0,0.0
0.0097062587738,1.26948004319,1.14473012983,1.18803005273,0.0,0.0,0.92057163704,0.181942840249,-0.451514717443,0.0951272804231,0.0610737655392,0.240522614944,0.124895297121,1.75637282496e-13,0.0,6.97219182434e-15,-3.0052550967e-16,0.524383991735,-0.768914593857,-0.196625174299,0.386417908445,0.695111830848,-0.124480203214,2.0981876151,0.293620946252,-0.309249948434,0.268398328856,0.0542456637364,-5.41233724505e-14,0.0,6.43492581114e-15,-2.63344901441e-13,0.0,-1.60934477015e-15,-3.73264949357e-15,4.16333634234e-14,0.0,0.0,0.0,0.0,0.0,0.0,0.0,0.0,0.0,0.0,0.0,0.0,0.0,0.0
0.0100739002228,1.2701382955,1.14429546208,1.18799593408,0.0,0.0,0.919327163494,0.1806577412,-0.453941722288,0.102118143409,0.060983683331,0.240177205295,0.125070872473,1.75859327101e-13,0.0,7.05069644728e-15,0.0,0.522795637269,-0.769406489872,-0.19524910989,0.386523861217,0.693156797736,-0.127647193362,2.10065702367,0.293804102296,-0.308197892211,0.272438431639,0.0559970640068,-5.4012350148e-14,0.0,6.32820858934e-15,-2.68451927354e-13,0.0,-1.68784939309e-15,-3.4137244629e-15,4.17443857259e-14,0.0,0.0,0.0,0.0,0.0,0.0,0.0,0.0,0.0,0.0,0.0,0.0,0.0,0.0
0.0100643634796,1.27084745731,1.14395428255,1.18781856592,0.0,0.0,0.92298206658,0.182365417095,-0.454479123693,0.102669996161,0.0613536385504,0.239985155088,0.125248138622,1.78301817755e-13,0.0,7.11570808814e-15,0.0,0.519722082665,-0.771795182454,-0.207903447886,0.386186905131,0.690687388192,-0.116192457366,2.11252414429,0.293890749519,-0.30913757336,0.268894871566,0.0549599983924,-5.52891066263e-14,0.0,7.20279915421e-15,-2.68673971959e-13,0.0,-1.92336326189e-15,-3.3732455167e-15,4.24105195407e-14,0.0,0.0,0.0,0.0,0.0,0.0,0.0,0.0,0.0,0.0,0.0,0.0,0.0,0.0
0.0101690292358,1.27146189784,1.14378465778,1.18766494043,0.0,0.0,0.924386109814,0.184697396072,-0.45449000558,0.10440150962,0.0614799190342,0.239794547509,0.12470885007,1.80300219199e-13,0.0,7.52111086752e-15,-2.77219449736e-16,0.515186937766,-0.773429373489,-0.196025749194,0.38637722793,0.688154018494,-0.121797620455,2.10855006196,0.294387627519,-0.316840054657,0.267058442725,0.0578167053397,-5.52891066263e-14,0.0,6.98077826748e-15,-2.76889622342e-13,0.0,-1.92336326189e-15,-3.27879464224e-15,4.26325641456e-14,0.0,0.0,0.0,0.0,0.0,0.0,0.0,0.0,0.0,0.0,0.0,0.0,0.0,0.0
0.00994920730591,1.27206960791,1.14341432359,1.18758901269,0.0,0.0,0.929567892673,0.189063928469,-0.454109728898,0.101894299945,0.0615960682701,0.239728841523,0.124301786778,1.81632486829e-13,0.0,7.90198095222e-15,-2.51460120336e-16,0.512679596926,-0.776018238183,-0.196986226637,0.386758695515,0.684591724513,-0.119288271369,2.11358023743,0.294219796646,-0.322497993308,0.259972713716,0.0576346146776,-5.52891066263e-14,0.0,7.14024078281e-15,-2.75779399317e-13,0.0,-1.76635401602e-15,-3.47750946904e-15,4.2965631053e-14,0.0,0.0,0.0,0.0,0.0,0.0,0.0,0.0,0.0,0.0,0.0,0.0,0.0,0.0
0.00994849205017,1.27250099185,1.14311819706,1.18761660059,0.0,0.0,0.927775705319,0.187244134603,-0.456368337319,0.109019326194,0.0611550273847,0.239285339392,0.124623864271,1.82298620643e-13,0.0,7.77563757468e-15,0.0,0.512607618471,-0.77862123392,-0.20635935789,0.386633064638,0.679044830128,-0.112377389922,2.12339041987,0.294148405827,-0.325695619196,0.252107352656,0.0565412390774,-5.51780843239e-14,0.0,6.97587172854e-15,-2.89102075612e-13,0.0,-1.72710170455e-15,-3.52780149311e-15,4.28546087505e-14,0.0,0.0,0.0,0.0,0.0,0.0,0.0,0.0,0.0,0.0,0.0,0.0,0.0,0.0
0.00998044013977,1.27302689878,1.14277011007,1.18765657861,0.0,0.0,0.932306405453,0.190404522434,-0.457171329444,0.107384786848,0.0607789331562,0.239090375857,0.124437912413,1.82742709853e-13,0.0,7.61494842462e-15,1.79088671069e-16,0.511658941936,-0.782117439267,-0.205338986785,0.386901379786,0.675409531317,-0.110406806476,2.12584369301,0.294030469123,-0.330199944149,0.253934268308,0.0597928668906,-5.66768854071e-14,0.0,7.09669524978e-15,-2.89546164822e-13,0.0,-1.92336326189e-15,-3.49161576847e-15,4.27435864481e-14,0.0,0.0,0.0,0.0,0.0,0.0,0.0,0.0,0.0,0.0,0.0,0.0,0.0,0.0
0.00983333587646,1.27326747638,1.14257409529,1.18766048486,0.0,0.0,0.929893160963,0.190512251346,-0.458688851418,0.112825217775,0.0608730828563,0.23917618177,0.124448889477,1.83630888273e-13,0.0,7.63457458035e-15,-2.83352623403e-16,0.508884613185,-0.782868048141,-0.198093124987,0.386792794185,0.673964951664,-0.114943767823,2.12357197606,0.294465297546,-0.332163301463,0.255699750202,0.0591181338588,-5.7842619583e-14,0.0,7.34263551381e-15,-2.89990254032e-13,0.0,-1.92336326189e-15,-3.24690213917e-15,4.27435864481e-14,0.0,0.0,0.0,0.0,0.0,0.0,0.0,0.0,0.0,0.0,0.0,0.0,0.0,0.0
0.0100963115692,1.27387075301,1.14214460153,1.18764809473,0.0,0.0,0.938610317827,0.193972863186,-0.457649832044,0.107028823679,0.0609421722883,0.239058192156,0.12478744202,1.82742709853e-13,0.0,7.92590032952e-15,0.0,0.507854195698,-0.782668714147,-0.201902760374,0.386998573183,0.671888712228,-0.113171679719,2.12555277214,0.294208208852,-0.331107101506,0.25302579246,0.0580613138015,-5.86197757002e-14,0.0,7.51804428068e-15,-2.88213897193e-13,0.0,-1.80560632749e-15,-2.36801835273e-15,4.27435864481e-14,0.0,0.0,0.0,0.0,0.0,0.0,0.0,0.0,0.0,0.0,0.0,0.0,0.0,0.0
0.0102567672729,1.27421214345,1.14182346156,1.1876720205,0.0,0.0,0.939625261561,0.193417253751,-0.459279186728,0.109589237409,0.0609652494425,0.239136138153,0.124910138849,1.82964754458e-13,0.0,7.74803829318e-15,0.0,0.506483741219,-0.782499328473,-0.206576578337,0.38705417521,0.671106985343,-0.111685540293,2.1268294683,0.294409315459,-0.32783229907,0.250502247548,0.0577941106587,-5.86197757002e-14,0.0,7.59409563415e-15,-2.89324120217e-13,0.0,-1.88411095042e-15,-1.98285504645e-15,4.31876756579e-14,0.0,0.0,0.0,0.0,0.0,0.0,0.0,0.0,0.0,0.0,0.0,0.0,0.0,0.0
0.00983381271362,1.27453292516,1.14148369668,1.18776320704,0.0,0.0,0.942237622413,0.195398049835,-0.459697992306,0.108935144485,0.0613057005245,0.239261154643,0.124474888096,1.82742709853e-13,0.0,7.88419474859e-15,0.0,0.503555788907,-0.783027196519,-0.20233939852,0.387083529848,0.670376031574,-0.114595011286,2.12130219538,0.294828030232,-0.32541887737,0.253584277149,0.0584312502539,-6.03406213884e-14,0.0,7.19911925001e-15,-2.89546164822e-13,0.0,-2.35513868803e-15,-1.63387746482e-15,4.35207425653e-14,0.0,0.0,0.0,0.0,0.0,0.0,0.0,0.0,0.0,0.0,0.0,0.0,0.0,0.0
