0.0,1.2641568024,1.2254747242,1.09829409082,0.0,0.0,0.723329304815,0.012844988045,-0.375857739881,0.138651220533,0.0688817223259,0.243170510025,0.106277108283,2.82884826674e-13,0.0,1.83112032994e-14,-6.86915450674e-15,1.03928045295,-0.69402439406,-0.649759362382,0.40581587712,1.20128902455,-0.225473488892,2.69424130861,0.242624234992,0.217811808071,0.176476026776,-0.0281959341618,-2.62567745324e-13,0.0,4.41588504005e-16,-3.8635761257e-13,0.0,1.53084014722e-15,0.0,1.84630088995e-13,0.0,0.0,0.0,0.0,0.0,0.0,0.0,0.0,0.0,0.0,0.0,0.0,0.0,0.0
0.00974631309509,1.26423116924,1.22593412064,1.09847701319,0.0,0.0,0.714966438355,0.00946600311335,-0.373884339359,0.14639513194,0.0690223840494,0.242594073821,0.106261954374,2.82440737465e-13,0.0,1.83357359941e-14,-6.35887445767e-15,1.03898823759,-0.68951179436,-0.653325270297,0.406415895418,1.20732330717,-0.224007825436,2.69750603353,0.242562493637,0.21975270091,0.176735581075,-0.0292296032606,-2.6240121187e-13,0.0,3.1892503067e-16,-3.87245790989e-13,0.0,1.29532627841e-15,0.0,1.84630088995e-13,0.0,0.0,0.0,0.0,0.0,0.0,0.0,0.0,0.0,0.0,0.0,0.0,0.0,0.0
0.0100903511047,1.26417440185,1.22590392516,1.09843300684,0.0,0.0,0.714229735716,0.00961349538858,-0.37297636762,0.146232550048,0.0691361086666,0.242574518626,0.106209753553,2.82440737465e-13,0.0,1.85025583178e-14,-5.64251977339e-15,1.03728519535,-0.686226872746,-0.662501526248,0.406407200057,1.21289048145,-0.214915121781,2.69737982408,0.242581001364,0.227301424715,0.183346503153,-0.0286539283878,-2.62678767626e-13,0.0,-2.20794252002e-16,-3.88133969409e-13,0.0,9.02803163743e-16,0.0,1.85351733961e-13,0.0,0.0,0.0,0.0,0.0,0.0,0.0,0.0,0.0,0.0,0.0,0.0,0.0,0.0
0.0100059509277,1.26401042932,1.22592978099,1.09835494287,0.0,0.0,0.711648184797,0.00803865770328,-0.373911028918,0.148765669262,0.0687570679068,0.242658088327,0.106419681004,2.83106871279e-13,0.0,1.78058297893e-14,-6.4668183142e-15,1.03576612079,-0.683306161236,-0.676217397993,0.405875613349,1.21820894921,-0.202190359781,2.69527215452,0.242873122773,0.223203958965,0.19064460112,-0.0284888122504,-2.6328939029e-13,0.0,-1.12850395468e-16,-3.88356014014e-13,0.0,8.63550852276e-16,0.0,1.85684800869e-13,0.0,0.0,0.0,0.0,0.0,0.0,0.0,0.0,0.0,0.0,0.0,0.0,0.0,0.0
0.00987601280212,1.26390340503,1.22596610688,1.09830336816,0.0,0.0,0.709722350506,0.00754984953222,-0.373814399666,0.150315155856,0.0685883681925,0.24276599,0.106543617356,2.83328915884e-13,0.0,1.76291943877e-14,-6.260743679e-15,1.03330840953,-0.678083608737,-0.682719951334,0.406081948769,1.22741155928,-0.197493903103,2.69191935969,0.242878653418,0.230349378716,0.198841198106,-0.0289385760576,-2.64455124466e-13,0.0,0.0,-3.90798504668e-13,0.0,7.26167762141e-16,0.0,1.85906845473e-13,0.0,0.0,0.0,0.0,0.0,0.0,0.0,0.0,0.0,0.0,0.0,0.0,0.0,0.0
0.0101752281189,1.26374992528,1.22599807548,1.09827126367,0.0,0.0,0.707199791617,0.00656596580492,-0.373900922714,0.152540470744,0.0683142175231,0.242839417726,0.106743227324,2.83328915884e-13,0.0,1.73691478242e-14,-5.7897159414e-15,1.03107407037,-0.671387298421,-0.687385111041,0.406597600403,1.23960643376,-0.196093363393,2.68294914454,0.242989804263,0.236721866249,0.216043151336,-0.029038907536,-2.64455124466e-13,0.0,0.0,-3.93907129137e-13,0.0,6.28036983474e-16,0.0,1.86128890078e-13,0.0,0.0,0.0,0.0,0.0,0.0,0.0,0.0,0.0,0.0,0.0,0.0,0.0,0.0
0.0100138187408,1.26366554024,1.22597373334,1.0982253042,0.0,0.0,0.707813027268,0.00766063989974,-0.373170207971,0.151124639558,0.0682694127136,0.242971226845,0.106841879164,2.83106871279e-13,0.0,1.73446151295e-14,-5.56401515046e-15,1.01960579029,-0.658195491355,-0.709956884682,0.407097099508,1.26356785958,-0.170441532694,2.68202364933,0.245422251948,0.240228128052,0.230640855765,-0.0285997259854,-2.64677169071e-13,0.0,-1.27570012268e-16,-3.92796906112e-13,0.0,7.06541606408e-16,0.0,1.86961557347e-13,0.0,0.0,0.0,0.0,0.0,0.0,0.0,0.0,0.0,0.0,0.0,0.0,0.0,0.0
0.0100672245026,1.26354762625,1.22591459939,1.09815877588,0.0,0.0,0.709023723593,0.00737239029042,-0.374230174022,0.149805183583,0.0677590084898,0.243132663437,0.107171020024,2.83328915884e-13,0.0,1.72759235845e-14,-5.60326746193e-15,1.0232139765,-0.657115137097,-0.715009715646,0.406725259546,1.26269631312,-0.169768093607,2.65375461231,0.242445385658,0.233656713488,0.250699172315,-0.027655559804,-2.64455124466e-13,0.0,0.0,-3.93240995322e-13,0.0,1.09906472108e-15,0.0,1.87239113103e-13,0.0,0.0,0.0,0.0,0.0,0.0,0.0,0.0,0.0,0.0,0.0,0.0,0.0,0.0
0.00992798805237,1.26331711747,1.22589244368,1.09805037744,0.0,0.0,0.707314920254,0.00632483097977,-0.374365011804,0.151031762277,0.0676023999006,0.243344394768,0.107357821885,2.83328915884e-13,0.0,1.77224186274e-14,-5.54438899473e-15,1.02959057374,-0.65132127416,-0.707029038803,0.407325226372,1.26633068404,-0.193034668257,2.62667597504,0.23962440679,0.234402291497,0.261914321351,-0.0276022949896,-2.64732680222e-13,0.0,0.0,-4.03233002544e-13,0.0,1.05981240961e-15,0.0,1.87350135405e-13,0.0,0.0,0.0,0.0,0.0,0.0,0.0,0.0,0.0,0.0,0.0,0.0,0.0,0.0
0.00986790657043,1.26312186459,1.22601059127,1.09802089746,0.0,0.0,0.705103775892,0.00571604223181,-0.374648651902,0.152087009478,0.0673101101562,0.243498979004,0.107487454628,2.83773005094e-13,0.0,1.68245220026e-14,-5.59345438406e-15,1.0370766173,-0.644399058588,-0.697154800598,0.409942104625,1.27722091898,-0.219266281059,2.61714984098,0.235494940897,0.224734602563,0.280139198588,-0.0251201028363,-2.66175970154e-13,0.0,0.0,-4.05009359383e-13,0.0,1.07943856535e-15,0.0,1.87350135405e-13,0.0,0.0,0.0,0.0,0.0,0.0,0.0,0.0,0.0,0.0,0.0,0.0,0.0,0.0
0.0101962089539,1.26310735009,1.22606047583,1.0980423208,0.0,0.0,0.704366799358,0.00417073653815,-0.37476566992,0.152308262969,0.06692663598,0.243373488696,0.10789918814,2.83550960489e-13,0.0,1.64614381215e-14,-5.62289361766e-15,1.04109979563,-0.644567519947,-0.700103717333,0.410101501156,1.27410444459,-0.217541761442,2.59395750967,0.230101050105,0.222242961847,0.296324467675,-0.0238348750604,-2.66675570515e-13,0.0,2.10981174136e-16,-4.07673894642e-13,0.0,3.72896958937e-16,1.27570012268e-16,1.87405646557e-13,0.0,0.0,0.0,0.0,0.0,0.0,0.0,0.0,0.0,0.0,0.0,0.0,0.0,0.0
0.00977110862732,1.26306574595,1.22615407824,1.09803316552,0.0,0.0,0.703264082599,0.00288037196841,-0.374857229724,0.152701919135,0.0664838542483,0.243277771877,0.108324860556,2.84217094304e-13,0.0,1.66331669842e-14,-5.77990286353e-15,0.677268888347,-0.525319767733,-0.235440788965,0.462308020787,1.72839677635,-0.298218783565,2.64881509797,0.320626902337,0.371174578634,0.479616935035,-0.103043592943,-2.67119659725e-13,0.0,0.0,-4.05897537803e-13,0.0,6.47663139207e-16,0.0,1.87627691162e-13,0.0,0.0,0.0,0.0,0.0,0.0,0.0,0.0,0.0,0.0,0.0,0.0,0.0,0.0
0.0101330280304,1.26303784186,1.22641327064,1.09804433496,0.0,0.0,0.701906072632,0.00245780928262,-0.374958474624,0.152380552667,0.0660886478393,0.243234097235,0.108704369684,2.83106871279e-13,0.0,1.60198496175e-14,-5.49532360539e-15,0.663269324874,-0.509259016169,-0.244795348036,0.464235943609,1.74679914254,-0.28245792789,2.64138155467,0.321910472404,0.361698191441,0.490816794025,-0.098330235711,-2.66786592817e-13,0.0,0.0,-4.09450251482e-13,0.0,5.10280049072e-16,0.0,1.87905246918e-13,0.0,0.0,0.0,0.0,0.0,0.0,0.0,0.0,0.0,0.0,0.0,0.0,0.0,0.0
0.0101039409637,1.26288634516,1.22678232552,1.09800557763,0.0,0.0,0.694004790983,-0.00142867261089,-0.374009216196,0.159834355836,0.0659447212924,0.243080001162,0.109313602107,2.83550960489e-13,0.0,1.60885411626e-14,-5.59345438406e-15,0.645882024386,-0.492529156622,-0.238443680435,0.466576747943,1.76691420682,-0.277003367809,2.62861346708,0.322771895187,0.356638308278,0.516218990261,-0.0964077343865,-2.66786592817e-13,0.0,0.0,-4.09894340692e-13,0.0,7.06541606408e-16,0.0,1.87960758069e-13,0.0,0.0,0.0,0.0,0.0,0.0,0.0,0.0,0.0,0.0,0.0,0.0,0.0,0.0
0.00975465774536,1.26308117111,1.22680522116,1.0980499502,0.0,0.0,0.698509974892,3.56813977391e-05,-0.373032268896,0.1539751527,0.0659228592085,0.242841774316,0.109836344186,2.83773005094e-13,0.0,1.60492888511e-14,-5.7308374742e-15,0.62673506577,-0.478189566509,-0.209813136123,0.468554313086,1.78497526749,-0.2895228723,2.62106049791,0.322579071307,0.344048165776,0.530625778642,-0.0915429240494,-2.66786592817e-13,0.0,-1.37383090135e-16,-4.12780920556e-13,0.0,4.90653893339e-16,-1.32476551201e-16,1.88349336128e-13,0.0,0.0,0.0,0.0,0.0,0.0,0.0,0.0,0.0,0.0,0.0,0.0,0.0,0.0
0.0101692676544,1.26319052038,1.22705559126,1.09811763818,0.0,0.0,0.698607787134,-0.000585551560452,-0.372537843645,0.152665243499,0.0657091376516,0.242568835448,0.110514419671,2.83995049699e-13,0.0,1.5764709593e-14,-5.54438899473e-15,0.599520841501,-0.464889946139,-0.192038226545,0.467656392532,1.79367047966,-0.279695319356,2.59800242298,0.322679580398,0.3173658216,0.549678447478,-0.0841900382002,-2.67896815842e-13,0.0,0.0,-4.16999768049e-13,0.0,0.0,0.0,1.88571380733e-13,0.0,0.0,0.0,0.0,0.0,0.0,0.0,0.0,0.0,0.0,0.0,0.0,0.0,0.0
0.0100114345551,1.26312334241,1.22760181004,1.09820021875,0.0,0.0,0.691126696973,-0.00422499158535,-0.372568502677,0.159072475102,0.0654824333537,0.242342769084,0.111209249094,2.83773005094e-13,0.0,1.6201391558e-14,-5.72102439633e-15,0.572116314984,-0.446062166005,-0.183154768622,0.4719905531,1.81900049256,-0.26616550887,2.59415383924,0.32466549985,0.315023541405,0.563568454565,-0.0825167663861,-2.68174371598e-13,0.0,1.96261557335e-16,-4.09894340692e-13,0.0,8.24298540809e-16,0.0,1.88737914186e-13,0.0,0.0,0.0,0.0,0.0,0.0,0.0,0.0,0.0,0.0,0.0,0.0,0.0,0.0
0.0101261138916,1.26326883055,1.22788955451,1.09827101953,0.0,0.0,0.694365792102,-0.00389884200984,-0.372061053374,0.153950273729,0.0654145747886,0.242086157835,0.111963448758,2.85105272724e-13,0.0,1.56812984311e-14,-5.83878133073e-15,0.541489027003,-0.4330960916,-0.144904695661,0.472562881687,1.83046450783,-0.271421207096,2.58434372917,0.323938810024,0.297097908982,0.575050914756,-0.0787739393221,-2.68229882749e-13,0.0,2.45326946669e-16,-4.10560474506e-13,0.0,7.06541606408e-16,0.0,1.88848936489e-13,0.0,0.0,0.0,0.0,0.0,0.0,0.0,0.0,0.0,0.0,0.0,0.0,0.0,0.0
0.00996851921082,1.26310335377,1.22854959172,1.09834261377,0.0,0.0,0.684168723885,-0.00797236369835,-0.372071360314,0.163397035458,0.0650952472952,0.242099882885,0.11245698376,2.84661183514e-13,0.0,1.64319988879e-14,-5.8485944086e-15,0.503677895847,-0.421061199209,-0.0940684074597,0.473032079815,1.8412179259,-0.282599960667,2.57877328538,0.32415043997,0.278704543257,0.587755869687,-0.0727102417746,-2.69784194984e-13,0.0,0.0,-4.16555678839e-13,0.0,7.45793917875e-16,0.0,1.88793425338e-13,0.0,0.0,0.0,0.0,0.0,0.0,0.0,0.0,0.0,0.0,0.0,0.0,0.0,0.0
0.0100295543671,1.26333321257,1.22863136435,1.09836129052,0.0,0.0,0.690580390142,-0.00626368805096,-0.371675066436,0.156172580302,0.0650058553024,0.241824696316,0.113002922682,2.85105272724e-13,0.0,1.64418119658e-14,-6.01541673233e-15,0.465556334958,-0.4142855929,-0.0341991896833,0.473039140317,1.84774774527,-0.297109899634,2.56932528106,0.322387181241,0.249912712134,0.601936490367,-0.0663573127327,-2.70283795345e-13,0.0,0.0,-4.16555678839e-13,0.0,9.61681630944e-16,0.0,1.89126492245e-13,0.0,0.0,0.0,0.0,0.0,0.0,0.0,0.0,0.0,0.0,0.0,0.0,0.0,0.0
0.00982117652893,1.26346586386,1.2288204497,1.09834505517,0.0,0.0,0.694315321031,-0.00557212883058,-0.371651474088,0.152219877595,0.0646399284706,0.241750398776,0.113630952157,2.87547763378e-13,0.0,1.62161111748e-14,-5.48551052753e-15,0.424862135353,-0.407807463264,0.0304918694102,0.471514596365,1.84865774575,-0.314909216409,2.56316698085,0.320460029347,0.231900841829,0.603926882141,-0.0606489724991,-2.70006239589e-13,0.0,0.0,-4.20330437123e-13,0.0,8.8317700801e-16,0.0,1.8934853685e-13,0.0,0.0,0.0,0.0,0.0,0.0,0.0,0.0,0.0,0.0,0.0,0.0,0.0,0.0
0.00985717773438,1.26344701037,1.22930993541,1.09841799218,0.0,0.0,0.693333908559,-0.00605879595143,-0.371468109308,0.152956330329,0.0641748680207,0.241611719189,0.114324830293,2.88435941798e-13,0.0,1.63976531154e-14,-5.53457591686e-15,0.427015302351,-0.407100409029,0.0286575792959,0.47147668123,1.8379059945,-0.307033237668,2.54762250454,0.310472035129,0.216682388678,0.611820102444,-0.0591214168466,-2.70283795345e-13,0.0,0.0,-4.20996570938e-13,0.0,5.69158516273e-16,0.0,1.89459559152e-13,0.0,0.0,0.0,0.0,0.0,0.0,0.0,0.0,0.0,0.0,0.0,0.0,0.0,0.0
0.0101683139801,1.26328998137,1.22954690942,1.09823183496,0.0,0.0,0.694891909476,-0.00538045802456,-0.372490740014,0.150501811438,0.0636403036977,0.241915070961,0.114866846277,2.89324120217e-13,0.0,1.64319988879e-14,-5.66214592913e-15,0.431509997615,-0.407290544234,0.0247019818544,0.471450472769,1.82528495223,-0.299593744279,2.5451000278,0.300692331234,0.207217539243,0.617493313574,-0.058346018048,-2.70672373404e-13,0.0,-1.76635401602e-16,-4.22994972382e-13,0.0,6.86915450674e-16,0.0,1.89626092606e-13,0.0,0.0,0.0,0.0,0.0,0.0,0.0,0.0,0.0,0.0,0.0,0.0,0.0,0.0
0.0100634098053,1.26314057046,1.23019018991,1.09836440332,0.0,0.0,0.690866403824,-0.00591366414593,-0.372434913082,0.154364525807,0.0632253576007,0.241833773455,0.115497545587,2.89546164822e-13,0.0,1.60149430786e-14,-5.50513668326e-15,0.432196432418,-0.407353616666,0.0241598173005,0.47136149288,1.81027741912,-0.291479233774,2.53445111211,0.290539316059,0.195826712711,0.621458655817,-0.0559028809682,-2.71449529521e-13,0.0,-5.88784672006e-16,-4.21440660148e-13,0.0,3.3364464747e-16,0.0,1.89737114908e-13,0.0,0.0,0.0,0.0,0.0,0.0,0.0,0.0,0.0,0.0,0.0,0.0,0.0,0.0
0.0100207328796,1.26284969549,1.23036932568,1.0981582876,0.0,0.0,0.688522440789,-0.0066419753567,-0.373952818988,0.156090849206,0.0625666562411,0.242197657679,0.116175191345,2.89102075612e-13,0.0,1.66527931399e-14,-5.65233285126e-15,0.438773136513,-0.407635701959,0.0179807526521,0.471206633087,1.79274959914,-0.283957449327,2.52629150429,0.280405614989,0.180973027698,0.619386982602,-0.0536384193587,-2.72226685638e-13,0.0,-5.44625821606e-16,-4.22550883172e-13,0.0,2.15887713069e-16,0.0,1.8979262606e-13,0.0,0.0,0.0,0.0,0.0,0.0,0.0,0.0,0.0,0.0,0.0,0.0,0.0,0.0
0.00998258590698,1.26275342585,1.2306837916,1.09818453271,0.0,0.0,0.687373820611,-0.00743311165037,-0.375172381433,0.156572027236,0.0618332769918,0.242183140398,0.11687311748,2.88435941798e-13,0.0,1.58088684434e-14,-5.819155175e-15,0.445376125301,-0.407543365199,0.0119340393484,0.471092748205,1.77325778095,-0.275353775788,2.51010887955,0.270653419968,0.15754315598,0.629301191237,-0.0481487597396,-2.72226685638e-13,0.0,-1.42780282962e-15,-4.22994972382e-13,0.0,2.55140024536e-16,0.0,1.90125692967e-13,0.0,0.0,0.0,0.0,0.0,0.0,0.0,0.0,0.0,0.0,0.0,0.0,0.0,0.0
0.00982737541199,1.26262378714,1.2310216963,1.09823281152,0.0,0.0,0.68408043615,-0.00907545369536,-0.376580910279,0.15925755798,0.061133493888,0.2421749026,0.117454741373,2.88435941798e-13,0.0,1.58971861442e-14,-5.7602767078e-15,0.452110770375,-0.407653815449,0.00583465128741,0.471002267543,1.75205546036,-0.267982513897,2.49525911759,0.260916224917,0.138330365796,0.637515186138,-0.0435194025809,-2.72004641033e-13,0.0,-1.13341049361e-15,-4.22106793962e-13,0.0,1.57009245868e-16,-2.7476618027e-16,1.90514271026e-13,0.0,0.0,0.0,0.0,0.0,0.0,0.0,0.0,0.0,0.0,0.0,0.0,0.0,0.0
0.0102500915527,1.26258702736,1.23123768334,1.09827162988,0.0,0.0,0.684337709469,-0.00877618144097,-0.377706312987,0.156826710917,0.0605536144402,0.242200478747,0.117749297357,2.88657986403e-13,0.0,1.63387746482e-14,-6.18223905607e-15,0.458984072911,-0.408270932069,0.000804489578249,0.470960574354,1.72854041914,-0.260304576138,2.48086325168,0.251397468955,0.121846390704,0.637822019483,-0.0394997535236,-2.72115663336e-13,0.0,-1.10887779895e-15,-4.22994972382e-13,0.0,0.0,0.0,1.90958360236e-13,0.0,0.0,0.0,0.0,0.0,0.0,0.0,0.0,0.0,0.0,0.0,0.0,0.0,0.0
0.0100274085999,1.26256098594,1.23165947888,1.09844014795,0.0,0.0,0.682099211944,-0.00841426645001,-0.377981799956,0.15697840751,0.0603359443046,0.242174235756,0.117894512432,2.90434343242e-13,0.0,1.6353494265e-14,-5.7013982406e-15,0.461476631775,-0.40894954223,0.000156322994819,0.470953664091,1.70403543087,-0.25294129427,2.45891622794,0.24204642075,0.110000624447,0.644236388673,-0.0366373424811,-2.72060152184e-13,0.0,-1.84976517789e-15,-4.22772927777e-13,0.0,0.0,-2.25700790936e-16,1.9118040484e-13,0.0,0.0,0.0,0.0,0.0,0.0,0.0,0.0,0.0,0.0,0.0,0.0,0.0,0.0
0.00989866256714,1.26246355486,1.23198287951,1.09848415429,0.0,0.0,0.677780470027,-0.00935576717982,-0.37856889804,0.158851961835,0.0600488466973,0.242266618498,0.118101926673,2.90656387847e-13,0.0,1.63436811871e-14,-5.57382822833e-15,0.466768057979,-0.409411095707,-0.00272714659917,0.470914782342,1.67932661988,-0.247646105232,2.45707784112,0.233326206266,0.108093561301,0.654692017579,-0.0361059775229,-2.72615263697e-13,0.0,-1.81541940535e-15,-4.24549284617e-13,0.0,0.0,-3.87616575738e-16,1.91402449445e-13,0.0,0.0,0.0,0.0,0.0,0.0,0.0,0.0,0.0,0.0,0.0,0.0,0.0,0.0
0.0101268291473,1.2624757179,1.23229487654,1.09852126367,0.0,0.0,0.674200410634,-0.0110868922128,-0.379020160528,0.160053848144,0.0593664404853,0.242129599712,0.118933265584,2.89990254032e-13,0.0,1.63731204207e-14,-6.09392135527e-15,0.476246130286,-0.408591071437,-0.00968202627338,0.47069939815,1.65107036677,-0.239551862785,2.44453893004,0.224872568538,0.107990850703,0.663232327033,-0.0366980480842,-2.72337707941e-13,0.0,-1.83013902215e-15,-4.27435864481e-13,0.0,-3.14018491737e-16,-2.8948579707e-16,1.9162449405e-13,0.0,0.0,0.0,0.0,0.0,0.0,0.0,0.0,0.0,0.0,0.0,0.0,0.0,0.0
0.0096321105957,1.26249789927,1.23240520035,1.09846041162,0.0,0.0,0.672182542582,-0.0126376498523,-0.379640085415,0.15935393131,0.0590642023989,0.242273172557,0.119787700929,2.91544566267e-13,0.0,1.58775599884e-14,-5.94672518726e-15,0.485708307616,-0.407067995289,-0.0162791084872,0.47058157419,1.6357259996,-0.236144996299,2.52414228509,0.221068025716,0.291501536431,0.713291493377,-0.0729159151378,-2.73336908663e-13,0.0,-1.72710170455e-15,-4.27879953691e-13,0.0,-4.51401581872e-16,-4.71027737605e-16,1.91791027504e-13,0.0,0.0,0.0,0.0,0.0,0.0,0.0,0.0,0.0,0.0,0.0,0.0,0.0,0.0
0.0101149082184,1.26254389185,1.23268787963,1.09842726953,0.0,0.0,0.668932934608,-0.0131302320586,-0.379038351489,0.159413681527,0.0588878533949,0.242421970221,0.120261860097,2.91322521662e-13,0.0,1.52544295439e-14,-5.62289361766e-15,0.491096560726,-0.406305668373,-0.0184348146379,0.470548298698,1.5890194999,-0.222917110176,2.40265985572,0.208585814713,0.0711539570519,0.664834625229,-0.0251483632045,-2.7322588636e-13,0.0,-1.52593360828e-15,-4.2876813211e-13,0.0,-2.55140024536e-16,0.0,1.91791027504e-13,0.0,0.0,0.0,0.0,0.0,0.0,0.0,0.0,0.0,0.0,0.0,0.0,0.0,0.0
0.0100064277649,1.26280400259,1.23268736053,1.09841378076,0.0,0.0,0.672120210067,-0.0111476983435,-0.378649794244,0.152158612851,0.0587239623271,0.242518490787,0.120392761289,2.91322521662e-13,0.0,1.51121399148e-14,-5.11261356859e-15,0.496880240101,-0.40601574118,-0.0205904164649,0.470564353968,1.55642927849,-0.213371818807,2.37563300771,0.201239459686,0.0407961818069,0.668127660825,-0.0146465916269,-2.7411406478e-13,0.0,-1.58481207548e-15,-4.28101998295e-13,0.0,-7.65420073608e-16,0.0,1.91957560958e-13,0.0,0.0,0.0,0.0,0.0,0.0,0.0,0.0,0.0,0.0,0.0,0.0,0.0,0.0
0.00988483428955,1.26310399989,1.23271426013,1.09849367578,0.0,0.0,0.673692938695,-0.0102170894721,-0.378120001473,0.146375994703,0.058528607479,0.242425349321,0.120670432132,2.91322521662e-13,0.0,1.4361439458e-14,-5.45607129393e-15,0.504220433343,-0.405238728714,-0.0239302802576,0.470518866386,1.52246012501,-0.20363179952,2.35504210558,0.194120727877,0.00988718463019,0.65883040872,-0.00354040275768,-2.73892020175e-13,0.0,-1.77126055495e-15,-4.25881552246e-13,0.0,-8.24298540809e-16,-1.37383090135e-16,1.92179605563e-13,0.0,0.0,0.0,0.0,0.0,0.0,0.0,0.0,0.0,0.0,0.0,0.0,0.0,0.0
0.0101552009583,1.26341130678,1.23267007158,1.09850026758,0.0,0.0,0.677834989683,-0.00797641396749,-0.377488519656,0.137323015619,0.0579070688843,0.242194079539,0.121272825708,2.92654789291e-13,0.0,1.4881532585e-14,-5.49532360539e-15,0.514782483422,-0.404683229029,-0.0301135057866,0.470226313813,1.48818434437,-0.194275505982,2.34339181436,0.187638185835,-0.00842882020504,0.648640327526,0.00299924699501,-2.7455815399e-13,0.0,-1.80069978855e-15,-4.283240429e-13,0.0,-9.81307786677e-16,0.0,1.92290627865e-13,0.0,0.0,0.0,0.0,0.0,0.0,0.0,0.0,0.0,0.0,0.0,0.0,0.0,0.0
0.00990319252014,1.26365757683,1.23243419954,1.09848568018,0.0,0.0,0.680759734793,-0.0078460558381,-0.377543614988,0.130459348081,0.05931492384,0.24271063021,0.122347652248,2.92876833896e-13,0.0,1.48471868124e-14,-5.61308053979e-15,0.51929580621,-0.400247581543,-0.0306028380215,0.470164018389,1.46122108378,-0.182345930137,2.3335171256,0.181800317548,-0.0239322044043,0.636907040884,0.00856015961713,-2.75335310107e-13,0.0,-1.48668129682e-15,-4.26325641456e-13,0.0,-1.04018625388e-15,0.0,1.9251267247e-13,0.0,0.0,0.0,0.0,0.0,0.0,0.0,0.0,0.0,0.0,0.0,0.0,0.0,0.0
0.0099880695343,1.26371576054,1.23247922661,1.0984417959,0.0,0.0,0.675210222749,-0.010994486029,-0.377233636039,0.132770181368,0.0587674866774,0.242429214672,0.122496440508,2.93320923106e-13,0.0,1.47196168002e-14,-5.32850128166e-15,0.172344145854,-0.263983629542,0.0595333900998,0.430146853907,1.42172617275,-0.190333318669,2.47575558561,0.24341951171,0.00821131636253,0.347001347936,-0.000595884048634,-2.76223488527e-13,0.0,-1.40327013495e-15,-4.26325641456e-13,0.0,-1.43270936855e-15,0.0,1.92734717075e-13,0.0,0.0,0.0,0.0,0.0,0.0,0.0,0.0,0.0,0.0,0.0,0.0,0.0,0.0
0.0102560520172,1.26403998695,1.23240777749,1.09856844385,0.0,0.0,0.672911644937,-0.0130861968425,-0.376655236991,0.131285237262,0.0597819361833,0.242507732086,0.12271096296,2.93987056921e-13,0.0,1.50679810644e-14,-5.53457591686e-15,0.129414200956,-0.260109829296,0.10719518373,0.43063873573,1.41404454953,-0.193272462864,2.4813252039,0.243352058414,0.000906769413216,0.329488347062,-6.52442654872e-05,-2.7639002198e-13,0.0,-1.54065322508e-15,-4.26325641456e-13,0.0,-1.35420474561e-15,0.0,1.93067783982e-13,0.0,0.0,0.0,0.0,0.0,0.0,0.0,0.0,0.0,0.0,0.0,0.0,0.0,0.0
0.00986385345459,1.26426428229,1.23249255065,1.09868288477,0.0,0.0,0.667271773908,-0.0155666128854,-0.375899436266,0.133847632708,0.0589196555977,0.241900756853,0.122644816593,2.94431146131e-13,0.0,1.55095695684e-14,-5.32850128166e-15,0.100751945671,-0.259534138442,0.144199101698,0.430374825081,1.40435306074,-0.198553393557,2.49219230533,0.243357075997,0.000598140747812,0.318269225534,-4.51118760364e-05,-2.76778600039e-13,0.0,-1.73200824349e-15,-4.29878355135e-13,0.0,-1.49158783575e-15,0.0,1.93123295134e-13,0.0,0.0,0.0,0.0,0.0,0.0,0.0,0.0,0.0,0.0,0.0,0.0,0.0,0.0
0.010223865509,1.26435482177,1.23236040523,1.09864290674,0.0,0.0,0.666080974806,-0.0156753145921,-0.376227688659,0.132185434193,0.0587104965704,0.241990307245,0.122803717984,2.9576341376e-13,0.0,1.5691111509e-14,-5.24999665872e-15,0.0681982045137,-0.260315032521,0.177242478132,0.430465031801,1.3975256981,-0.191502218856,2.47054157526,0.243664527632,-0.0261459361738,0.316699678805,0.00200718871967,-2.77111666946e-13,0.0,-1.66822323735e-15,-4.30322444345e-13,0.0,-1.37383090135e-15,-1.42289629068e-16,1.93345339738e-13,0.0,0.0,0.0,0.0,0.0,0.0,0.0,0.0,0.0,0.0,0.0,0.0,0.0,0.0
0.0098352432251,1.26439930282,1.23234021378,1.09852986963,0.0,0.0,0.661108907394,-0.0173824366641,-0.376008690117,0.134579115713,0.0586133848695,0.242047290254,0.123061897659,2.9709568139e-13,0.0,1.54408780234e-14,-5.06354817926e-15,0.0352430500779,-0.261507710957,0.207879646843,0.4303844992,1.39460337215,-0.187224846298,2.49652730495,0.244087595485,-0.00966313311387,0.303645697802,0.000721556125953,-2.76889622342e-13,0.0,-1.40817667388e-15,-4.28101998295e-13,0.0,-1.64859708162e-15,0.0,1.93622895495e-13,0.0,0.0,0.0,0.0,0.0,0.0,0.0,0.0,0.0,0.0,0.0,0.0,0.0,0.0
0.00998878479004,1.26453735383,1.23236045141,1.09851265772,0.0,0.0,0.654818249276,-0.0200490567645,-0.375657511561,0.138265579009,0.0585809430787,0.241918973221,0.123125880907,2.9709568139e-13,0.0,1.51612053042e-14,-5.06354817926e-15,0.011828803111,-0.261299445509,0.240236807606,0.430741451535,1.39192171541,-0.192056595106,2.49893890038,0.243776769273,-0.00999554881579,0.301164510142,0.000700430197722,-2.78277401122e-13,0.0,-1.01074702028e-15,-4.24993373827e-13,0.0,-1.31495243415e-15,0.0,1.93678406646e-13,0.0,0.0,0.0,0.0,0.0,0.0,0.0,0.0,0.0,0.0,0.0,0.0,0.0,0.0
0.010103225708,1.26474737935,1.23206820257,1.09855764062,0.0,0.0,0.658392419584,-0.0187466365898,-0.376144956914,0.130749524124,0.0585244644081,0.241795121341,0.123343455642,2.96873636785e-13,0.0,1.4145551745e-14,-4.94579124485e-15,-0.0108677089725,-0.263068133946,0.266533823645,0.430274585344,1.39002032865,-0.188629910247,2.50196373069,0.244034186844,-0.00479704540877,0.306222780544,0.000347903101401,-2.78221889971e-13,0.0,-1.08925164321e-15,-4.26991775271e-13,0.0,-1.05981240961e-15,0.0,1.94011473553e-13,0.0,0.0,0.0,0.0,0.0,0.0,0.0,0.0,0.0,0.0,0.0,0.0,0.0,0.0
0.00970792770386,1.26488330097,1.23195425937,1.09857332666,0.0,0.0,0.656377569546,-0.019799187353,-0.376370106165,0.130444609901,0.0579503737298,0.241574673598,0.123220331611,2.975397706e-13,0.0,1.40277948106e-14,-4.62195967525e-15,-0.0256218223665,-0.266432162611,0.278657644181,0.431621288318,1.39234024097,-0.17731318891,2.49609877532,0.243662971285,-0.0109707836186,0.31165396228,0.000875585076492,-2.78332912274e-13,0.0,-1.15794318828e-15,-4.25881552246e-13,0.0,-9.02803163743e-16,0.0,1.94289029309e-13,0.0,0.0,0.0,0.0,0.0,0.0,0.0,0.0,0.0,0.0,0.0,0.0,0.0,0.0
0.0101404190063,1.26501243042,1.23159286691,1.09847542627,0.0,0.0,0.660358272149,-0.0178068555045,-0.37704045012,0.123572842887,0.0576413176479,0.241660989755,0.123218739236,2.98872038229e-13,0.0,1.40866732778e-14,-3.96448345818e-15,-0.0426342782634,-0.270011667831,0.290035874982,0.431442565003,1.39205473016,-0.164266301748,2.49431029355,0.243845226171,-0.0135766864558,0.304992837899,0.0011373284341,-2.79165579542e-13,0.0,-9.51868553077e-16,-4.21662704753e-13,0.0,-5.88784672006e-16,0.0,1.94289029309e-13,0.0,0.0,0.0,0.0,0.0,0.0,0.0,0.0,0.0,0.0,0.0,0.0,0.0,0.0
0.0100426673889,1.26500263962,1.23161048406,1.09847274073,0.0,0.0,0.658347604405,-0.017374387401,-0.376939491162,0.123843644426,0.0573127918931,0.241697003288,0.123238999867,3.00426350464e-13,0.0,1.38119070975e-14,-3.88597883524e-15,-0.0576287811436,-0.271494013125,0.307331501567,0.43131049538,1.39092424368,-0.166961822829,2.50434475322,0.243849240386,-0.0128859485484,0.293675271637,0.00100689543178,-2.79720691054e-13,0.0,-1.55046630295e-15,-4.21662704753e-13,0.0,-5.88784672006e-16,0.0,1.94455562763e-13,0.0,0.0,0.0,0.0,0.0,0.0,0.0,0.0,0.0,0.0,0.0,0.0,0.0,0.0
0.0100710391998,1.26486916218,1.23165267392,1.09840773828,0.0,0.0,0.656170065215,-0.0164069025396,-0.376861966282,0.123476265404,0.0572627822679,0.241880267997,0.123274334695,3.00204305859e-13,0.0,1.31298981857e-14,-3.87616575738e-15,-0.0698035618297,-0.273539649661,0.320474124362,0.431903243009,1.39247215556,-0.166185280597,2.50469393221,0.24345535721,-0.020536002523,0.287526154332,0.00176803952476,-2.79776202206e-13,0.0,-2.20303598109e-15,-4.20108392518e-13,0.0,-1.04018625388e-15,0.0,1.94733118519e-13,0.0,0.0,0.0,0.0,0.0,0.0,0.0,0.0,0.0,0.0,0.0,0.0,0.0,0.0
0.00991415977478,1.26449152799,1.23137936484,1.09801039942,0.0,0.0,0.650668310408,-0.0183649992262,-0.378129935575,0.125741026674,0.0573996604062,0.242520321461,0.123643373631,3.01980662698e-13,0.0,1.40376078884e-14,-3.60139957711e-15,-0.0754922912882,-0.272619565503,0.330256416545,0.431832877345,1.39319763923,-0.170704703389,2.51251087192,0.243281421786,-0.0146867952498,0.280885335585,0.00107904795235,-2.79554157601e-13,0.0,-2.17850328642e-15,-4.20330437123e-13,0.0,-1.17756934401e-15,0.0,1.95010674275e-13,0.0,0.0,0.0,0.0,0.0,0.0,0.0,0.0,0.0,0.0,0.0,0.0,0.0,0.0
0.0100085735321,1.26457723336,1.23181189199,1.09834645899,0.0,0.0,0.647212606789,-0.0169459932069,-0.376559162616,0.127625785654,0.0563639506681,0.241792857446,0.123379863023,3.02202707303e-13,0.0,1.32967205095e-14,-3.62102573284e-15,-0.082944953263,-0.276839836897,0.33347288695,0.431207048269,1.39096646123,-0.164628274516,2.51064899791,0.243563149071,-0.026901889827,0.276492404426,0.00208291767299,-2.80608869474e-13,0.0,-2.09018558562e-15,-4.21662704753e-13,0.0,-9.81307786677e-16,0.0,1.95288230032e-13,0.0,0.0,0.0,0.0,0.0,0.0,0.0,0.0,0.0,0.0,0.0,0.0,0.0,0.0
0.010046005249,1.26463872845,1.23172480175,1.09840663965,0.0,0.0,0.646889477421,-0.0165614474544,-0.376260125462,0.125133577328,0.0570923480379,0.241971014509,0.124085628658,3.02868841118e-13,0.0,1.32133093476e-14,-3.85653960164e-15,-0.0911466278037,-0.272604594155,0.35156906512,0.431878814146,1.39421642907,-0.180693504131,2.51907140319,0.24291007072,-0.022804712423,0.272542372749,0.00161384960903,-2.8133051444e-13,0.0,-1.76144747709e-15,-4.24771329222e-13,0.0,-9.22429319477e-16,0.0,1.95399252334e-13,0.0,0.0,0.0,0.0,0.0,0.0,0.0,0.0,0.0,0.0,0.0,0.0,0.0,0.0
0.0097987651825,1.2645325653,1.2316917195,1.09837264307,0.0,0.0,0.643346897037,-0.016964891663,-0.375721674943,0.126197385082,0.0569585218169,0.241965641383,0.124025651403,3.01980662698e-13,0.0,1.2595085442e-14,-3.91541806884e-15,-0.0967058327733,-0.273409179664,0.357924312642,0.431752893605,1.39831244895,-0.182145896115,2.51896250186,0.243214614334,-0.0190785738397,0.280679081487,0.00138009028246,-2.81608070196e-13,0.0,-1.87429787255e-15,-4.24549284617e-13,0.0,-8.04672385075e-16,0.0,1.96009874998e-13,0.0,0.0,0.0,0.0,0.0,0.0,0.0,0.0,0.0,0.0,0.0,0.0,0.0,0.0
0.0100512504578,1.2645087736,1.23162281272,1.09836354883,0.0,0.0,0.641902697308,-0.0165954452666,-0.375114557863,0.124966433042,0.0568252521527,0.241853738812,0.123926401258,3.00870439673e-13,0.0,1.27766273825e-14,-3.95467038031e-15,-0.0958059265888,-0.273732410633,0.356194889166,0.43204218307,1.4033429376,-0.182231108295,2.51931786291,0.242856839391,-0.0198213893031,0.282471906526,0.00151783209782,-2.81552559045e-13,0.0,-1.73200824349e-15,-4.27213819876e-13,0.0,-7.65420073608e-16,0.0,1.96342941905e-13,0.0,0.0,0.0,0.0,0.0,0.0,0.0,0.0,0.0,0.0,0.0,0.0,0.0,0.0
0.0100722312927,1.26447192522,1.23159642005,1.09839363916,0.0,0.0,0.639322648782,-0.0168558394111,-0.374403344129,0.124882387789,0.0568777429996,0.241742278127,0.123757230697,3.00426350464e-13,0.0,1.34095709049e-14,-4.21962348271e-15,-0.0948918302657,-0.274356024698,0.355040428541,0.431688080418,1.4063163901,-0.184150926319,2.51773119172,0.242945590977,-0.0215141999327,0.271077754532,0.00156020490178,-2.81608070196e-13,0.0,-1.98714826802e-15,-4.27213819876e-13,0.0,-2.15887713069e-16,0.0,1.96620497661e-13,0.0,0.0,0.0,0.0,0.0,0.0,0.0,0.0,0.0,0.0,0.0,0.0,0.0,0.0
0.00990557670593,1.26451971842,1.23147764419,1.09842189843,0.0,0.0,0.640603373001,-0.0151002959473,-0.373861477661,0.120685742891,0.0564201887988,0.241460526329,0.123159711101,3.01758618093e-13,0.0,1.31887766529e-14,-4.19018424911e-15,-0.0874325591157,-0.275964816399,0.345472976068,0.431329487231,1.41010243209,-0.184680835738,2.51891868399,0.243227631172,-0.021088607387,0.270863155004,0.00140691040687,-2.81996648255e-13,0.0,-1.86939133362e-15,-4.28101998295e-13,0.0,-7.45793917875e-16,0.0,1.96787031115e-13,0.0,0.0,0.0,0.0,0.0,0.0,0.0,0.0,0.0,0.0,0.0,0.0,0.0,0.0
0.0100245475769,1.26450627258,1.2313946503,1.09846035058,0.0,0.0,0.640547998153,-0.0139132579143,-0.373424825979,0.11849440304,0.0569290703411,0.241700129543,0.123414898761,3.02202707303e-13,0.0,1.32770943537e-14,-4.27850194991e-15,-0.0828298726489,-0.275650166834,0.3350407677,0.431347820271,1.4168012701,-0.182022460421,2.52006529566,0.242878959412,-0.0174863829551,0.271484926577,0.00111520914914,-2.81885625952e-13,0.0,-1.17266280508e-15,-4.28546087505e-13,0.0,-3.92523114671e-16,0.0,1.96953564569e-13,0.0,0.0,0.0,0.0,0.0,0.0,0.0,0.0,0.0,0.0,0.0,0.0,0.0,0.0
0.0101976394653,1.26441898978,1.23135703246,1.09840895898,0.0,0.0,0.639961057941,-0.0126221887509,-0.373193207829,0.117409265892,0.0571416493425,0.242027493993,0.123428316967,3.01980662698e-13,0.0,1.31200851079e-14,-4.50420274085e-15,-0.0783290934027,-0.276168201586,0.322362598664,0.43124886846,1.42560113267,-0.178109475158,2.5216187665,0.242872829457,-0.0147334619322,0.287066623076,0.000976202602283,-2.82884826674e-13,0.0,-1.10887779895e-15,-4.31432667369e-13,0.0,-1.17756934401e-15,0.0,1.97342142627e-13,0.0,0.0,0.0,0.0,0.0,0.0,0.0,0.0,0.0,0.0,0.0,0.0,0.0,0.0
0.00979161262512,1.26431746905,1.23132791159,1.09841713769,0.0,0.0,0.639258123763,-0.0116388519669,-0.373017835169,0.116707166883,0.0570802336582,0.242202349628,0.123362385345,3.02202707303e-13,0.0,1.28207862329e-14,-4.37663272858e-15,-0.0711757285219,-0.276896974077,0.306521102907,0.43160171706,1.43596462812,-0.175551988238,2.51661437154,0.243263263223,-0.00814961404482,0.295017276018,0.000525757943411,-2.8266278207e-13,0.0,-1.68784939309e-15,-4.32986979604e-13,0.0,-1.41308321282e-15,0.0,1.97841742988e-13,0.0,0.0,0.0,0.0,0.0,0.0,0.0,0.0,0.0,0.0,0.0,0.0,0.0,0.0
0.0100319385529,1.26419733217,1.23141382973,1.09846706445,0.0,0.0,0.635055526377,-0.0121754980156,-0.372735185087,0.119761539072,0.0569919811104,0.242291606511,0.123301379818,3.02424751908e-13,0.0,1.29876085567e-14,-4.86728662192e-15,-0.0566631271246,-0.273218144121,0.290214348961,0.430451683876,1.43764015886,-0.188721527438,2.52330084611,0.243046303977,-0.00784941838107,0.288969260442,0.000449735513459,-2.8266278207e-13,0.0,-1.62897092588e-15,-4.40092406961e-13,0.0,-9.4205547521e-16,0.0,1.98174809896e-13,0.0,0.0,0.0,0.0,0.0,0.0,0.0,0.0,0.0,0.0,0.0,0.0,0.0,0.0
0.00988483428955,1.26414141513,1.23137727505,1.09848256738,0.0,0.0,0.633943834454,-0.0115707026902,-0.37252317474,0.119525092092,0.0570718360425,0.242447389016,0.123331698387,3.01092484278e-13,0.0,1.25558331305e-14,-4.78878199899e-15,-0.0417155189694,-0.272601177801,0.263736490666,0.430302687628,1.4469553049,-0.18585660017,2.52972603637,0.242966842139,-0.00132062347316,0.293041067323,8.10521428995e-05,-2.83439938187e-13,0.0,-1.58971861442e-15,-4.41424674591e-13,0.0,-1.02056009814e-15,-1.42289629068e-16,1.98341343349e-13,0.0,0.0,0.0,0.0,0.0,0.0,0.0,0.0,0.0,0.0,0.0,0.0,0.0,0.0
0.0103709697723,1.26411923352,1.23140233729,1.09850991113,0.0,0.0,0.632217384359,-0.0110811129875,-0.372078736322,0.11994223224,0.057368373755,0.242589476295,0.123404309813,3.02646796513e-13,0.0,1.25656462084e-14,-5.10280049072e-15,-0.0293278146682,-0.271501267509,0.239868547153,0.430202760492,1.45640576345,-0.187747677231,2.53424381154,0.243392908718,0.0048769297971,0.288651104539,-0.000293220410638,-2.8360647164e-13,0.0,-1.50630745255e-15,-4.39870362356e-13,0.0,-2.35513868803e-16,0.0,1.98507876803e-13,0.0,0.0,0.0,0.0,0.0,0.0,0.0,0.0,0.0,0.0,0.0,0.0,0.0,0.0
0.00976014137268,1.26397830426,1.23137824454,1.09855623682,0.0,0.0,0.630935994301,-0.0102873056833,-0.372534238676,0.119498939875,0.0579701978506,0.242987933676,0.123587753599,3.03312930328e-13,0.0,1.24331696572e-14,-4.36681965071e-15,-0.00856374664958,-0.271294765711,0.195776066235,0.43005812537,1.46572344796,-0.174608138027,2.54247814088,0.243262427959,0.00471640125232,0.299965554594,-0.000263803122704,-2.84772205816e-13,0.0,-1.90373710615e-15,-4.40536496171e-13,0.0,-3.72896958937e-16,0.0,1.9884094371e-13,0.0,0.0,0.0,0.0,0.0,0.0,0.0,0.0,0.0,0.0,0.0,0.0,0.0,0.0
0.00998711585999,1.26397560938,1.23132390211,1.09860012109,0.0,0.0,0.630393601063,-0.00982840250619,-0.372766515338,0.119184557099,0.0581906127214,0.243185770999,0.123704464838,3.03312930328e-13,0.0,1.22908800281e-14,-3.99392269178e-15,0.0150109829026,-0.269430064105,0.164441743638,0.429828425274,1.4734814359,-0.184225913214,2.54997379381,0.243057807477,0.013858609399,0.293196316934,-0.000769530561656,-2.84550161211e-13,0.0,-1.68294285415e-15,-4.38538094727e-13,0.0,-1.96261557335e-16,0.0,1.99007477164e-13,0.0,0.0,0.0,0.0,0.0,0.0,0.0,0.0,0.0,0.0,0.0,0.0,0.0,0.0
0.0101034641266,1.26404515273,1.23114316601,1.09863393457,0.0,0.0,0.633081250856,-0.00813412387471,-0.372983199957,0.115715575308,0.0581925576082,0.243309094559,0.123644891342,3.03534974933e-13,0.0,1.18541980631e-14,-3.69953035577e-15,0.0433811152097,-0.267471888099,0.128221121144,0.429752721511,1.48163646164,-0.195460101806,2.5521744692,0.242685546287,0.022024501794,0.298349668827,-0.00131758290579,-2.84328116607e-13,0.0,-1.56027938082e-15,-4.37205827097e-13,0.0,-1.76635401602e-16,0.0,1.98951966013e-13,0.0,0.0,0.0,0.0,0.0,0.0,0.0,0.0,0.0,0.0,0.0,0.0,0.0,0.0
0.00986433029175,1.26403051918,1.23108613344,1.09866689355,0.0,0.0,0.631382234884,-0.00849673093671,-0.373466989943,0.117141047322,0.0583035352975,0.243499940169,0.123673632003,3.03757019537e-13,0.0,1.17364411287e-14,-3.67009112217e-15,0.0722962620247,-0.268008062533,0.0751844965332,0.429622783992,1.49129655052,-0.186729701046,2.55575717891,0.24286429236,0.0303575435008,0.314333062514,-0.00186193638439,-2.84994250421e-13,0.0,-2.18831636429e-15,-4.38760139332e-13,0.0,-2.94392336003e-16,0.0,1.99340544071e-13,0.0,0.0,0.0,0.0,0.0,0.0,0.0,0.0,0.0,0.0,0.0,0.0,0.0,0.0
0.0100462436676,1.26405433409,1.23098430702,1.0986864248,0.0,0.0,0.631308151839,-0.00794392411889,-0.374046906102,0.116820632545,0.058607780034,0.243762593354,0.123622959821,3.03534974933e-13,0.0,1.11427499177e-14,-3.73878266724e-15,0.102575618622,-0.268049780636,0.0287279014711,0.429463515109,1.4958009713,-0.186817038431,2.52033719609,0.242612020964,-0.0037309798104,0.328641702706,0.000264240957636,-2.85327317329e-13,0.0,-1.85467171682e-15,-4.38316050122e-13,0.0,-3.92523114671e-16,0.0,1.99451566374e-13,0.0,0.0,0.0,0.0,0.0,0.0,0.0,0.0,0.0,0.0,0.0,0.0,0.0,0.0
0.00994968414307,1.26409907343,1.23094978371,1.09870900781,0.0,0.0,0.630653119766,-0.0076283814176,-0.374318783859,0.117489581129,0.0585955699432,0.243783693257,0.123395731315,3.03312930328e-13,0.0,1.11574695345e-14,-3.83691344591e-15,0.134657667571,-0.270175676071,-0.0272030333188,0.429103733643,1.5011863247,-0.182849098034,2.52204439491,0.242664336801,0.000209586912234,0.326859525593,-1.52505723414e-05,-2.85327317329e-13,0.0,-1.85467171682e-15,-4.45199432875e-13,0.0,-4.71027737605e-16,0.0,1.99673610979e-13,0.0,0.0,0.0,0.0,0.0,0.0,0.0,0.0,0.0,0.0,0.0,0.0,0.0,0.0
0.0101232528687,1.26415579279,1.23093782041,1.09869027002,0.0,0.0,0.630225190306,-0.00721278253874,-0.374448895765,0.118122251845,0.0586274264412,0.243781278359,0.123172490707,3.03757019537e-13,0.0,1.13242918583e-14,-3.85653960164e-15,0.16731659566,-0.272722432391,-0.0855294972489,0.428874148324,1.5049634846,-0.172327762721,2.47726930907,0.242747335448,-0.033477410341,0.378903131903,0.00269409949929,-2.85882428841e-13,0.0,-1.89883056722e-15,-4.4497738827e-13,0.0,-3.53270803204e-16,0.0,2.00117700189e-13,0.0,0.0,0.0,0.0,0.0,0.0,0.0,0.0,0.0,0.0,0.0,0.0,0.0,0.0
0.00986862182617,1.2641919014,1.23095995265,1.09868758447,0.0,0.0,0.629784035353,-0.0066662761065,-0.374667744393,0.118584911946,0.0587314388281,0.243764447078,0.122925582605,3.04423153352e-13,0.0,1.16088711164e-14,-3.84672652378e-15,0.197382209158,-0.274598453781,-0.137387360995,0.428478601114,1.51155639426,-0.175160985923,2.47876091022,0.243416380978,-0.0362186530334,0.373897294421,0.00316714276775,-2.85937939992e-13,0.0,-1.78107363282e-15,-4.46975789714e-13,0.0,-2.7476618027e-16,0.0,2.00672811701e-13,0.0,0.0,0.0,0.0,0.0,0.0,0.0,0.0,0.0,0.0,0.0,0.0,0.0,0.0
0.0099663734436,1.26434410959,1.23094751569,1.09869368799,0.0,0.0,0.630724105361,-0.00594477393264,-0.374679264785,0.117750238165,0.0589444892217,0.243659124985,0.122625790797,3.04423153352e-13,0.0,1.16726561225e-14,-4.83784738832e-15,0.228904583897,-0.277881749312,-0.18551391064,0.427794718964,1.51450644779,-0.180948537594,2.48859620267,0.243743221552,-0.0237974468978,0.378627005849,0.00203155978986,-2.85715895387e-13,0.0,-1.73691478242e-15,-4.48086012739e-13,0.0,-3.72896958937e-16,0.0,2.00728322852e-13,0.0,0.0,0.0,0.0,0.0,0.0,0.0,0.0,0.0,0.0,0.0,0.0,0.0,0.0
0.0100011825562,1.26428056752,1.2310317495,1.09863192041,0.0,0.0,0.629553399204,-0.00535813877261,-0.375461957482,0.118822208287,0.0608587234723,0.244348547881,0.12175336889,3.04423153352e-13,0.0,1.21731230937e-14,-4.80840815472e-15,0.249452315454,-0.283907787901,-0.242299653192,0.428022610494,1.52108069507,-0.164832018851,2.49517822518,0.243226547036,-0.0177344442762,0.377947573288,0.00157776804004,-2.85771406539e-13,0.0,-2.43364331096e-15,-4.48086012739e-13,0.0,-2.35513868803e-16,0.0,2.01116900911e-13,0.0,0.0,0.0,0.0,0.0,0.0,0.0,0.0,0.0,0.0,0.0,0.0,0.0,0.0
0.0100445747375,1.26441857084,1.23107265719,1.09859395654,0.0,0.0,0.630677025776,-0.00439175338409,-0.375570075001,0.117772416334,0.05921923849,0.243457730237,0.121912662759,3.05311331772e-13,0.0,1.21485903991e-14,-5.00466971205e-15,0.310481494378,-0.28689935761,-0.28762481111,0.426954089108,1.52074422101,-0.211303855902,2.54711286142,0.242588426483,0.0377186658255,0.364510386944,-0.00283382232815,-2.84883228119e-13,0.0,-2.64953102403e-15,-4.50306458788e-13,0.0,-4.71027737605e-16,0.0,2.01505478969e-13,0.0,0.0,0.0,0.0,0.0,0.0,0.0,0.0,0.0,0.0,0.0,0.0,0.0,0.0
0.0102043151855,1.26448181067,1.23119370763,1.09851058252,0.0,0.0,0.629110629748,-0.0043882774834,-0.375933526788,0.119822030809,0.0593269173695,0.243330970818,0.121538945542,3.05533376377e-13,0.0,1.21142446265e-14,-5.25980973659e-15,0.333190115625,-0.296875105747,-0.345627999827,0.426814407572,1.52752784294,-0.188029722601,2.56394879408,0.242411093429,0.0452520832446,0.360136529479,-0.003323515542,-2.84550161211e-13,0.0,-2.9978952883e-15,-4.49862369578e-13,0.0,0.0,0.0,2.01616501272e-13,0.0,0.0,0.0,0.0,0.0,0.0,0.0,0.0,0.0,0.0,0.0,0.0,0.0,0.0
0.0099310874939,1.26459422134,1.23121212216,1.09841170556,0.0,0.0,0.631699007483,-0.0024377227686,-0.376816164757,0.117613993725,0.0593289047266,0.243263214434,0.121165300677,3.06199510192e-13,0.0,1.24577023519e-14,-5.42663206033e-15,0.350563580891,-0.308077445844,-0.385240297765,0.426209159128,1.53704683094,-0.176460545919,2.59087803853,0.242703777643,0.0742025468202,0.354870163996,-0.0054364958025,-2.84550161211e-13,0.0,-2.9537364379e-15,-4.50306458788e-13,0.0,0.0,0.0,2.01838545877e-13,0.0,0.0,0.0,0.0,0.0,0.0,0.0,0.0,0.0,0.0,0.0,0.0,0.0,0.0
0.00995540618896,1.26468481823,1.23131962339,1.09829360254,0.0,0.0,0.632403722862,-0.00122433580692,-0.377582589885,0.117402130997,0.0592431326305,0.24318936901,0.120893444622,3.06421554797e-13,0.0,1.29483562452e-14,-5.08317433499e-15,0.365649063443,-0.320458844221,-0.41729587729,0.426062721959,1.54775974815,-0.162859894227,2.58843864992,0.242175518547,0.0672726773044,0.356853353517,-0.00561676550953,-2.84550161211e-13,0.0,-2.27663406509e-15,-4.51194637208e-13,0.0,-4.31775426138e-16,0.0,2.01894057028e-13,0.0,0.0,0.0,0.0,0.0,0.0,0.0,0.0,0.0,0.0,0.0,0.0,0.0,0.0
0.00996398925781,1.26478022093,1.2315481113,1.09821755273,0.0,0.0,0.629944665483,-0.00165144238218,-0.378369151564,0.120775671694,0.0592037590324,0.243025999333,0.120816898338,3.05977465587e-13,0.0,1.29581693231e-14,-6.113547511e-15,0.378887175949,-0.334521178561,-0.438887463662,0.426000738917,1.56068049512,-0.156463418053,2.60960553833,0.241663388378,0.0927158952414,0.327195134916,-0.00665620067117,-2.84661183514e-13,0.0,-1.65841015948e-15,-4.51194637208e-13,0.0,-4.12149270404e-16,-1.27570012268e-16,2.02116101633e-13,0.0,0.0,0.0,0.0,0.0,0.0,0.0,0.0,0.0,0.0,0.0,0.0,0.0,0.0
0.0100567340851,1.26497504516,1.23169515491,1.09803389795,0.0,0.0,0.630249069933,-0.00111136315631,-0.378930941195,0.121106707033,0.0590787575518,0.242899786153,0.120808003982,3.05533376377e-13,0.0,1.33899447492e-14,-6.06448212167e-15,0.390956682734,-0.345334175139,-0.448655663059,0.425145730001,1.57373699305,-0.154492754512,2.59912217414,0.241401274157,0.0887920965717,0.355000445081,-0.00669209710351,-2.84661183514e-13,0.0,-1.96261557335e-15,-4.52526904837e-13,0.0,-8.43924696543e-16,0.0,2.02504679692e-13,0.0,0.0,0.0,0.0,0.0,0.0,0.0,0.0,0.0,0.0,0.0,0.0,0.0,0.0
0.010036945343,1.26521914351,1.23189826925,1.09783779199,0.0,0.0,0.629748970771,-0.00100564141762,-0.379228444996,0.122257067442,0.0588421657481,0.242820398025,0.120900169316,3.05311331772e-13,0.0,1.37922809418e-14,-5.72102439633e-15,0.400740225464,-0.357134280224,-0.45205422701,0.424875698875,1.58967986312,-0.157335791261,2.60678754644,0.241428171861,0.101480992254,0.332166361833,-0.00640061091733,-2.84994250421e-13,0.0,-1.73691478242e-15,-4.54303261677e-13,0.0,-7.45793917875e-16,0.0,2.02948768901e-13,0.0,0.0,0.0,0.0,0.0,0.0,0.0,0.0,0.0,0.0,0.0,0.0,0.0,0.0
0.00988149642944,1.26557811837,1.23199794861,1.0976885,0.0,0.0,0.632422562475,0.000415291680446,-0.379716219048,0.119734424632,0.0572321381862,0.242067380899,0.1198362197,3.05311331772e-13,0.0,1.36009259233e-14,-5.60326746193e-15,0.411746431967,-0.371279431123,-0.44282492138,0.423626813731,1.60141990507,-0.165345043126,2.58048236425,0.241568764711,0.0745953591379,0.341669816788,-0.00491255921073,-2.85327317329e-13,0.0,-1.66331669842e-15,-4.54747350886e-13,0.0,-8.63550852276e-16,0.0,2.03281835809e-13,0.0,0.0,0.0,0.0,0.0,0.0,0.0,0.0,0.0,0.0,0.0,0.0,0.0,0.0
0.00992155075073,1.2659157122,1.23223933145,1.09749300439,0.0,0.0,0.631517588686,0.000425601673436,-0.379525567753,0.121342064236,0.05837365162,0.242490679913,0.120667438842,3.05311331772e-13,0.0,1.33506924377e-14,-5.86822056433e-15,0.416745488753,-0.379219118031,-0.434446034212,0.423700325201,1.62806736646,-0.173137577499,2.59607664453,0.24144738563,0.120931394718,0.331864851618,-0.00522216595534,-2.84994250421e-13,0.0,-1.60443823122e-15,-4.54747350886e-13,0.0,-7.65420073608e-16,1.22663473335e-16,2.03725925019e-13,0.0,0.0,0.0,0.0,0.0,0.0,0.0,0.0,0.0,0.0,0.0,0.0,0.0,0.0
0.0100116729736,1.26610013626,1.23255710596,1.09731478174,0.0,0.0,0.626258181874,-0.00148940207739,-0.380330157949,0.127621373112,0.0581718656871,0.242550881599,0.120672872213,3.05755420982e-13,0.0,1.32476551201e-14,-6.113547511e-15,0.41822781877,-0.392720920238,-0.43807684483,0.422641399513,1.64822069929,-0.150524841387,2.57590155852,0.241112118934,0.110214180152,0.338582634424,-0.00566478781927,-2.84661183514e-13,0.0,-1.59953169228e-15,-4.56967796936e-13,0.0,-5.49532360539e-16,0.0,2.03836947321e-13,0.0,0.0,0.0,0.0,0.0,0.0,0.0,0.0,0.0,0.0,0.0,0.0,0.0,0.0
0.00992822647095,1.26645191452,1.2326721151,1.09711129053,0.0,0.0,0.627229925907,-0.000940100834189,-0.380653663378,0.126954185363,0.0582555868911,0.242784096072,0.120926121318,3.05533376377e-13,0.0,1.29434497063e-14,-6.53550985927e-15,0.433074165711,-0.404854773295,-0.419509544575,0.423769736075,1.67596468193,-0.16914422375,2.57486526186,0.239707322098,0.134323307023,0.335858254136,-0.00661449589266,-2.84605672363e-13,0.0,-1.65350362055e-15,-4.56967796936e-13,0.0,-7.65420073608e-16,0.0,2.04058991926e-13,0.0,0.0,0.0,0.0,0.0,0.0,0.0,0.0,0.0,0.0,0.0,0.0,0.0,0.0
0.0101194381714,1.26682706346,1.2326791216,1.09687410791,0.0,0.0,0.630377622524,0.00041372005192,-0.381632646268,0.123340796799,0.0583086395267,0.243161526043,0.121076930511,3.04423153352e-13,0.0,1.23154127228e-14,-6.1724259782e-15,0.438170592991,-0.416837429434,-0.428140070622,0.424326951023,1.70529578642,-0.146291966116,2.57265684202,0.240188111202,0.144347983456,0.332896050996,-0.00657552390878,-2.85327317329e-13,0.0,-1.63387746482e-15,-4.56079618516e-13,0.0,-7.26167762141e-16,0.0,2.04780636892e-13,0.0,0.0,0.0,0.0,0.0,0.0,0.0,0.0,0.0,0.0,0.0,0.0,0.0,0.0
0.0101201534271,1.26728455133,1.23297887865,1.09680233057,0.0,0.0,0.630843533623,0.00136970863267,-0.381907859023,0.122523589866,0.0568340755268,0.242720615929,0.11989053852,3.04867242562e-13,0.0,1.22565342556e-14,-6.21167828967e-15,0.452454225851,-0.431821192803,-0.415905039013,0.422524214245,1.72032786413,-0.153839947377,2.5646338872,0.240060719552,0.147503314748,0.32465479083,-0.0059492345004,-2.85993451143e-13,0.0,-1.55046630295e-15,-4.56301663121e-13,0.0,-9.02803163743e-16,0.0,2.05113703799e-13,0.0,0.0,0.0,0.0,0.0,0.0,0.0,0.0,0.0,0.0,0.0,0.0,0.0,0.0
0.0099413394928,1.26764796371,1.2332581417,1.09661769922,0.0,0.0,0.630539788336,0.00223631366838,-0.382166310128,0.122105103419,0.0579027060605,0.243644027888,0.120599965797,3.05089287167e-13,0.0,1.29483562452e-14,-6.66307987154e-15,0.4514417896,-0.441723215864,-0.4199121079,0.419042101563,1.73662789622,-0.125565023749,2.55610290359,0.240436230843,0.121716599605,0.326655372569,-0.0045939497407,-2.87159185319e-13,0.0,-9.22429319477e-16,-4.57411886146e-13,0.0,-1.39345705708e-15,0.0,2.05280237253e-13,0.0,0.0,0.0,0.0,0.0,0.0,0.0,0.0,0.0,0.0,0.0,0.0,0.0,0.0
0.0100498199463,1.2680985202,1.23348878005,1.09645156152,0.0,0.0,0.628817306957,0.00177408052259,-0.381801640468,0.122640072975,0.0578864367944,0.243933291132,0.120260485168,3.04867242562e-13,0.0,1.33212532041e-14,-6.83971527314e-15,0.457586664269,-0.451523532805,-0.419860234341,0.416297607001,1.75394991165,-0.11154306072,2.55645100299,0.241681536559,0.122063890107,0.323623151679,-0.00355515256143,-2.87436741075e-13,0.0,-1.24135435015e-15,-4.59632332195e-13,0.0,-1.37383090135e-15,0.0,2.05502281858e-13,0.0,0.0,0.0,0.0,0.0,0.0,0.0,0.0,0.0,0.0,0.0,0.0,0.0,0.0
0.00996565818787,1.26860909746,1.23354914943,1.0963034292,0.0,0.0,0.628740507477,0.00107540668513,-0.381966785768,0.12077627919,0.0583008174557,0.244457935989,0.120183023699,3.05089287167e-13,0.0,1.35812997676e-14,-6.91821989608e-15,0.4789548504,-0.460976679808,-0.414196114269,0.415607784782,1.77453598879,-0.118776452079,2.56006413257,0.241202288409,0.116655302868,0.324786055394,-0.0031398863067,-2.8765878568e-13,0.0,-1.14322357148e-15,-4.65405491923e-13,0.0,-1.51121399148e-15,0.0,2.05502281858e-13,0.0,0.0,0.0,0.0,0.0,0.0,0.0,0.0,0.0,0.0,0.0,0.0,0.0,0.0
0.00997591018677,1.26911856889,1.23349430993,1.09618050439,0.0,0.0,0.631817483464,0.00148472315099,-0.382451630284,0.115215358728,0.0567459260025,0.244102343196,0.11865009486,3.04867242562e-13,0.0,1.32721878148e-14,-6.3196221462e-15,0.499940270238,-0.479250448635,-0.438707445317,0.414356582784,1.7879024688,-0.0907871684633,2.55325288242,0.241180380418,0.105482389932,0.331248563496,-0.00346123607542,-2.88213897193e-13,0.0,-1.22663473335e-15,-4.64961402713e-13,0.0,-1.41308321282e-15,0.0,2.05779837614e-13,0.0,0.0,0.0,0.0,0.0,0.0,0.0,0.0,0.0,0.0,0.0,0.0,0.0,0.0
0.00989198684692,1.26945534171,1.23356482798,1.09610836084,0.0,0.0,0.631990525833,0.000940476853828,-0.383299903859,0.113590922402,0.0571610101667,0.244583805018,0.118725672746,3.05311331772e-13,0.0,1.35567670729e-14,-5.9369121094e-15,0.524076619879,-0.490158691064,-0.442748950578,0.413849184723,1.80832917556,-0.0921793183595,2.56058343613,0.240912405292,0.110222720973,0.349474560481,-0.00335632287556,-2.8810287489e-13,0.0,-1.38364397922e-15,-4.63185045874e-13,0.0,-1.66822323735e-15,0.0,2.05779837614e-13,0.0,0.0,0.0,0.0,0.0,0.0,0.0,0.0,0.0,0.0,0.0,0.0,0.0,0.0
0.00999188423157,1.2698084359,1.23383344106,1.09615584619,0.0,0.0,0.629045307112,-0.000647634381318,-0.383527587705,0.115209179253,0.0570064297223,0.244498051291,0.118260607551,3.03979064142e-13,0.0,1.33801316713e-14,-6.36868753554e-15,0.549037402429,-0.504372448329,-0.459614395743,0.413449899767,1.82473089537,-0.0816291527006,2.56750678527,0.241045070254,0.0903969461249,0.336337997382,-0.00420875007527,-2.88213897193e-13,0.0,-1.68294285415e-15,-4.64295268898e-13,0.0,-2.13925097496e-15,0.0,2.05890859917e-13,0.0,0.0,0.0,0.0,0.0,0.0,0.0,0.0,0.0,0.0,0.0,0.0,0.0,0.0
0.00997614860535,1.2703732772,1.23374908859,1.09618990381,0.0,0.0,0.636660869061,0.00235745587623,-0.384421645324,0.105699278236,0.057045432059,0.244556186999,0.117976580503,3.04423153352e-13,0.0,1.34439166775e-14,-6.69251910514e-15,0.578991044116,-0.517504315679,-0.468935977493,0.413477397002,1.84253946765,-0.0900422455181,2.58341187452,0.240626778852,0.102688507591,0.331137526348,-0.00453262037418,-2.88269408344e-13,0.0,-1.61915784802e-15,-4.62740956664e-13,0.0,-2.27663406509e-15,0.0,2.06168415673e-13,0.0,0.0,0.0,0.0,0.0,0.0,0.0,0.0,0.0,0.0,0.0,0.0,0.0,0.0
0.00996279716492,1.27066635787,1.23392292504,1.09618239648,0.0,0.0,0.635128408905,0.0019389046324,-0.385805766648,0.106678565526,0.057077380753,0.244734882864,0.11766726913,3.05089287167e-13,0.0,1.37432155524e-14,-6.66307987154e-15,0.603530814052,-0.53184907081,-0.487655073205,0.412444873654,1.85445362411,-0.0856388774771,2.5901872151,0.240642493878,0.0972917401932,0.351502072925,-0.0054304135667,-2.89712698276e-13,0.0,-1.77126055495e-15,-4.62740956664e-13,0.0,-2.27663406509e-15,0.0,2.06556993732e-13,0.0,0.0,0.0,0.0,0.0,0.0,0.0,0.0,0.0,0.0,0.0,0.0,0.0,0.0
0.0100219249725,1.27091747501,1.23417531577,1.09611208399,0.0,0.0,0.631089037758,0.000657523494683,-0.386983098519,0.110739149479,0.0570373527515,0.244944573816,0.117102927529,3.05089287167e-13,0.0,1.34733559111e-14,-6.07429519953e-15,0.62697107249,-0.548205692817,-0.514824341976,0.411550615033,1.86273769408,-0.0744257311973,2.59562157448,0.240547004676,0.105025109204,0.345648305084,-0.00728868287555,-2.89990254032e-13,0.0,-2.25700790936e-15,-4.5896619838e-13,0.0,-2.06074635202e-15,-5.39719282673e-16,2.06612504883e-13,0.0,0.0,0.0,0.0,0.0,0.0,0.0,0.0,0.0,0.0,0.0,0.0,0.0,0.0
0.0100224018097,1.27124549207,1.23441853898,1.09606203516,0.0,0.0,0.628564959586,-0.000164499506439,-0.387350269518,0.112993818873,0.0573472688757,0.24501685331,0.116522115148,3.05755420982e-13,0.0,1.32820008927e-14,-5.77008978566e-15,0.652152985933,-0.562673105679,-0.529793950315,0.410763432079,1.86958248889,-0.0825706037807,2.60484210301,0.240299471106,0.142803494892,0.334229426181,-0.0115193366799,-2.90156787486e-13,0.0,-2.26682098722e-15,-4.60964599824e-13,0.0,-1.98224172909e-15,-3.0420541387e-16,2.06890060639e-13,0.0,0.0,0.0,0.0,0.0,0.0,0.0,0.0,0.0,0.0,0.0,0.0,0.0,0.0
0.00999689102173,1.27150274357,1.2347645409,1.0960110708,0.0,0.0,0.624169572338,-0.00112308022879,-0.388029750999,0.117373468307,0.0575451087371,0.24516211915,0.115797509909,3.06421554797e-13,0.0,1.33261597431e-14,-5.83878133073e-15,0.668941646064,-0.578903692187,-0.549439980342,0.408069604176,1.86558927373,-0.0801392088047,2.61631561963,0.240854300937,0.146518764889,0.327790301618,-0.0131224898053,-2.90767410149e-13,0.0,-2.32569945443e-15,-4.62518912059e-13,0.0,-2.57102640109e-15,-5.54438899473e-16,2.07445172151e-13,0.0,0.0,0.0,0.0,0.0,0.0,0.0,0.0,0.0,0.0,0.0,0.0,0.0,0.0
0.0102076530457,1.27172432723,1.23503620634,1.096001,0.0,0.0,0.620966256452,-0.00147500691822,-0.389127908781,0.120283848271,0.0575231016881,0.245256648681,0.114545734673,3.07531777821e-13,0.0,1.38119070975e-14,-5.77008978566e-15,0.691918350004,-0.597821094476,-0.573132924148,0.407741755047,1.86543921345,-0.0860779179875,2.62721624592,0.241522997827,0.14586390228,0.335414423343,-0.013065840081,-2.91600077418e-13,0.0,-2.28154060402e-15,-4.62963001269e-13,0.0,-2.59065255683e-15,-6.42756600274e-16,2.07722727907e-13,0.0,0.0,0.0,0.0,0.0,0.0,0.0,0.0,0.0,0.0,0.0,0.0,0.0,0.0
0.00992155075073,1.27202267714,1.23519672323,1.09601479394,0.0,0.0,0.621325349959,-0.00100903520575,-0.390031466008,0.120105501814,0.0575386980924,0.245319397222,0.113406567141,3.07309733216e-13,0.0,1.3998355577e-14,-5.8485944086e-15,0.714365774022,-0.614781122006,-0.60303866647,0.406736470801,1.85641311746,-0.0910093497386,2.63655937563,0.24190585663,0.167411492048,0.327082441153,-0.0155214601272,-2.92210700081e-13,0.0,-2.25700790936e-15,-4.64961402713e-13,0.0,-3.00280182723e-15,-6.72195833874e-16,2.07944772512e-13,0.0,0.0,0.0,0.0,0.0,0.0,0.0,0.0,0.0,0.0,0.0,0.0,0.0,0.0
0.0100891590118,1.27228186342,1.23538255908,1.09604641016,0.0,0.0,0.617616898842,-0.003211763424,-0.391453993826,0.125541547324,0.0576628691032,0.245446598517,0.112762994235,3.07975867031e-13,0.0,1.43810656138e-14,-5.7602767078e-15,0.734702669129,-0.634084905657,-0.631558957167,0.405544947749,1.8411346545,-0.0951991123958,2.6471065113,0.2418697209,0.171484243822,0.308553945106,-0.0169588635202,-2.92099677779e-13,0.0,-2.38948446056e-15,-4.61852778244e-13,0.0,-2.7476618027e-15,1.17756934401e-16,2.07889261361e-13,0.0,0.0,0.0,0.0,0.0,0.0,0.0,0.0,0.0,0.0,0.0,0.0,0.0,0.0
0.00985431671143,1.27260617707,1.23538046306,1.09614809472,0.0,0.0,0.618355792938,-0.00329078334418,-0.393721853959,0.126330736943,0.0576888674199,0.245579350526,0.112155156522,3.07531777821e-13,0.0,1.4729429878e-14,-5.74065055206e-15,0.758381544708,-0.65259221929,-0.662896712393,0.404799325156,1.82438934736,-0.104013619369,2.65459096956,0.242272727811,0.199954400596,0.323307468316,-0.0236031336506,-2.91933144325e-13,0.0,-2.36495176589e-15,-4.62740956664e-13,0.0,-2.51214793389e-15,0.0,2.08333350571e-13,0.0,0.0,0.0,0.0,0.0,0.0,0.0,0.0,0.0,0.0,0.0,0.0,0.0,0.0
0.0100791454315,1.27299179889,1.23536464717,1.09626326806,0.0,0.0,0.620330520083,-0.00309736339623,-0.395048003443,0.126305741394,0.058002586694,0.245672462315,0.111751792333,3.07309733216e-13,0.0,1.48913456628e-14,-5.66214592913e-15,0.778863329917,-0.671487105331,-0.695492231358,0.40390991706,1.80005639625,-0.108829370982,2.66047766935,0.24226905023,0.222014647161,0.315964362735,-0.0276845224272,-2.92266211233e-13,0.0,-2.31097983763e-15,-4.64961402713e-13,0.0,-2.8065402699e-15,0.0,2.08499884025e-13,0.0,0.0,0.0,0.0,0.0,0.0,0.0,0.0,0.0,0.0,0.0,0.0,0.0,0.0
0.010148525238,1.27320770153,1.23552655261,1.09635750635,0.0,0.0,0.617312544267,-0.00462796483647,-0.39668487036,0.131639233113,0.0580989754468,0.245793471578,0.111176057753,3.07531777821e-13,0.0,1.56518591975e-14,-5.77990286353e-15,0.794294915191,-0.691914463852,-0.7183758306,0.403060222314,1.77341418543,-0.11920142467,2.68066531038,0.242881574849,0.260888098972,0.31446356155,-0.0336615977302,-2.92321722384e-13,0.0,-2.52686755069e-15,-4.65627536528e-13,0.0,-2.8654187371e-15,0.0,2.08333350571e-13,0.0,0.0,0.0,0.0,0.0,0.0,0.0,0.0,0.0,0.0,0.0,0.0,0.0,0.0
0.00982570648193,1.27350587908,1.23563594776,1.09635964257,0.0,0.0,0.619220811229,-0.00373066891675,-0.398242831404,0.13168789888,0.0578883153368,0.245857730862,0.110238401614,3.07531777821e-13,0.0,1.57941488266e-14,-5.65233285126e-15,0.810476665491,-0.713077156095,-0.742473244755,0.402469159449,1.74076445096,-0.129334405162,2.68369181631,0.243289533039,0.264979697128,0.331827980514,-0.0360203065913,-2.92488255837e-13,0.0,-2.21284905896e-15,-4.65849581133e-13,0.0,-3.19906338457e-15,0.0,2.0872192863e-13,0.0,0.0,0.0,0.0,0.0,0.0,0.0,0.0,0.0,0.0,0.0,0.0,0.0,0.0
0.0100910663605,1.27376746029,1.23564215821,1.09633602197,0.0,0.0,0.622362484727,-0.00280431139952,-0.400408753971,0.131828761335,0.0577327202084,0.246046678901,0.109297394668,3.07975867031e-13,0.0,1.61964850191e-14,-5.30887512592e-15,0.821895880155,-0.733956673069,-0.76059495119,0.402032854947,1.70413054524,-0.144893925686,2.7015476381,0.244077276262,0.266710500392,0.297909627318,-0.0382023341402,-2.92654789291e-13,0.0,-2.33060599336e-15,-4.65849581133e-13,0.0,-3.31682031897e-15,0.0,2.08499884025e-13,0.0,0.0,0.0,0.0,0.0,0.0,0.0,0.0,0.0,0.0,0.0,0.0,0.0,0.0
0.0100882053375,1.27395208559,1.23583958588,1.09628981836,0.0,0.0,0.623027598508,-0.00208175651092,-0.401938965313,0.133929681997,0.0577891651812,0.246378907888,0.108626194594,3.07975867031e-13,0.0,1.61474196298e-14,-5.33831435952e-15,0.832836667434,-0.757393915459,-0.783045806302,0.401197583534,1.66227578111,-0.156685174096,2.74206630008,0.244634647911,0.331960898742,0.211104697077,-0.0432841618558,-2.9393154577e-13,0.0,-2.43364331096e-15,-4.62740956664e-13,0.0,-3.5130818763e-15,0.0,2.0872192863e-13,0.0,0.0,0.0,0.0,0.0,0.0,0.0,0.0,0.0,0.0,0.0,0.0,0.0,0.0
0.00969934463501,1.27419727078,1.23602354809,1.09630519922,0.0,0.0,0.624574386283,-0.000865302142907,-0.402789238622,0.1356184722,0.0582898025746,0.246776425344,0.108172002163,3.07531777821e-13,0.0,1.59266253778e-14,-5.53457591686e-15,0.843983838321,-0.776989485014,-0.797049516668,0.401002919722,1.62008975462,-0.175761231715,2.74281951213,0.24524955551,0.332232421938,0.170850273483,-0.041981852712,-2.94431146131e-13,0.0,-2.45326946669e-15,-4.63407090479e-13,0.0,-3.2186895403e-15,0.0,2.08999484386e-13,0.0,0.0,0.0,0.0,0.0,0.0,0.0,0.0,0.0,0.0,0.0,0.0,0.0,0.0
0.010315656662,1.27460620409,1.23620979463,1.09640389306,0.0,0.0,0.625524524884,-0.000804499460844,-0.403523948314,0.138915006668,0.0583392742848,0.246651693603,0.107727845409,3.07753822426e-13,0.0,1.57058311258e-14,-5.66214592913e-15,0.852845404928,-0.798650586182,-0.816014789818,0.400328965236,1.5690570486,-0.185665027033,2.7302901564,0.245321507986,0.339352819651,0.149260994777,-0.0441886835039,-2.94764213038e-13,0.0,-2.16378366962e-15,-4.66515714947e-13,0.0,-3.25794185177e-15,0.0,2.08943973234e-13,0.0,0.0,0.0,0.0,0.0,0.0,0.0,0.0,0.0,0.0,0.0,0.0,0.0,0.0
0.0098979473114,1.27510245524,1.23638021897,1.09645443018,0.0,0.0,0.628338871036,-0.000553271232491,-0.404482173124,0.140182501363,0.0584671285457,0.246553343051,0.106813963707,3.07531777821e-13,0.0,1.54752237959e-14,-5.57382822833e-15,0.85856453695,-0.821249217257,-0.838531480415,0.399666225978,1.51760208746,-0.179545036112,2.71055214892,0.24440642438,0.308967767452,0.206179315592,-0.0524558127558,-2.95097279945e-13,0.0,-2.18831636429e-15,-4.63851179688e-13,0.0,-2.6299048683e-15,0.0,2.09277040142e-13,0.0,0.0,0.0,0.0,0.0,0.0,0.0,0.0,0.0,0.0,0.0,0.0,0.0,0.0
0.00998330116272,1.27552841241,1.23658127569,1.09637325342,0.0,0.0,0.629137017714,-0.00126615341517,-0.405258989288,0.142860164773,0.058373755941,0.246241393318,0.10553691406,3.06643599401e-13,0.0,1.55242891852e-14,-5.88784672006e-15,0.862940934897,-0.845360531933,-0.853870843566,0.399437847609,1.46738762466,-0.184202822094,2.71695869399,0.245230276898,0.366272799382,0.201394033572,-0.0579853872312,-2.95430346853e-13,0.0,-1.51612053042e-15,-4.61186644429e-13,0.0,-2.61027871256e-15,-2.30607329869e-16,2.09499084747e-13,0.0,0.0,0.0,0.0,0.0,0.0,0.0,0.0,0.0,0.0,0.0,0.0,0.0,0.0
0.00985407829285,1.27615680885,1.23662945306,1.09629293115,0.0,0.0,0.634189373452,-0.000358118199029,-0.405061361399,0.141702047712,0.0592307063598,0.246327381479,0.105001913501,3.06643599401e-13,0.0,1.58481207548e-14,-5.51494976113e-15,0.865922355602,-0.864728333021,-0.870059194831,0.3988497148,1.41570887091,-0.185810572755,2.72023929417,0.245290624269,0.354175223152,0.180827535568,-0.059426942774,-2.95208302248e-13,0.0,-1.63878400375e-15,-4.60964599824e-13,0.0,-2.53177408963e-15,-2.25700790936e-16,2.09943173957e-13,0.0,0.0,0.0,0.0,0.0,0.0,0.0,0.0,0.0,0.0,0.0,0.0,0.0,0.0
0.00994563102722,1.27669355881,1.23691381331,1.09632344873,0.0,0.0,0.632840016918,-0.00263610084886,-0.405205361581,0.148227824897,0.0603317716785,0.246499259951,0.105250237561,3.07087688611e-13,0.0,1.61621392466e-14,-5.98597749873e-15,0.867737614779,-0.881700840436,-0.874138275956,0.398479265774,1.3686077517,-0.196778277434,2.72019562927,0.245636691083,0.354907826757,0.187185766504,-0.0610631977661,-2.95152791097e-13,0.0,-1.37383090135e-15,-4.60076421405e-13,0.0,-2.47289562243e-15,-2.8948579707e-16,2.10276240864e-13,0.0,0.0,0.0,0.0,0.0,0.0,0.0,0.0,0.0,0.0,0.0,0.0,0.0,0.0
0.0100557804108,1.27731369066,1.23700167374,1.09633699853,0.0,0.0,0.640099697876,-0.000163510634532,-0.406915420658,0.144627628091,0.0610033033467,0.246762944358,0.104534881303,3.06865644006e-13,0.0,1.60149430786e-14,-6.48644446994e-15,0.867735453674,-0.900946356619,-0.882249806046,0.398586653959,1.32244414434,-0.202978115954,2.72855974029,0.245733898867,0.357472483815,0.168594157834,-0.0615890263245,-2.95707902609e-13,0.0,-1.16775626615e-15,-4.63185045874e-13,0.0,-2.49252177816e-15,-4.26868887205e-16,2.10442774318e-13,0.0,0.0,0.0,0.0,0.0,0.0,0.0,0.0,0.0,0.0,0.0,0.0,0.0,0.0
0.00998902320862,1.27777309206,1.23723395518,1.09617720849,0.0,0.0,0.643830004185,0.00152134598437,-0.408734614495,0.146134685947,0.0617968419919,0.247413791271,0.103390524475,3.08864045451e-13,0.0,1.59168122999e-14,-7.10466837554e-15,0.862875028883,-0.921264190071,-0.886140797657,0.398773854713,1.27710039814,-0.205415888885,2.73319556108,0.245208198153,0.359514077933,0.151244153053,-0.0638905139604,-2.9576341376e-13,0.0,-1.16775626615e-15,-4.67625937972e-13,0.0,-2.43364331096e-15,-4.26868887205e-16,2.10609307771e-13,0.0,0.0,0.0,0.0,0.0,0.0,0.0,0.0,0.0,0.0,0.0,0.0,0.0,0.0
0.0100584030151,1.2781757538,1.23749569833,1.09595809229,0.0,0.0,0.64739149526,0.00319360105983,-0.409772739272,0.147414581506,0.064683318594,0.249010839534,0.103654866122,3.09974268475e-13,0.0,1.63436811871e-14,-7.42849994515e-15,0.854510280806,-0.932550215845,-0.879956907408,0.397586614102,1.24175184367,-0.213695947728,2.73669518057,0.245698328751,0.358145818816,0.140734591679,-0.0646174837262,-2.95929947214e-13,0.0,-1.31985897308e-15,-4.63851179688e-13,0.0,-2.39439099949e-15,-5.69158516273e-16,2.10664818923e-13,0.0,0.0,0.0,0.0,0.0,0.0,0.0,0.0,0.0,0.0,0.0,0.0,0.0,0.0
0.010148525238,1.27859901729,1.23769803814,1.09582033594,0.0,0.0,0.650092298061,0.00425300737498,-0.411585416192,0.151227896047,0.0657712615616,0.25002203092,0.103313551713,3.1019631308e-13,0.0,1.57303638204e-14,-7.64438765822e-15,0.846877949326,-0.948248897007,-0.882606612123,0.397571320126,1.20356657288,-0.213853300676,2.75372584761,0.245403503745,0.360037143521,0.106002136832,-0.0645412653506,-2.95985458365e-13,0.0,-8.9789662481e-16,-4.64295268898e-13,0.0,-2.49252177816e-15,-1.91355018402e-16,2.11053396981e-13,0.0,0.0,0.0,0.0,0.0,0.0,0.0,0.0,0.0,0.0,0.0,0.0,0.0,0.0
0.00996828079224,1.27937365957,1.23777716121,1.09585115869,0.0,0.0,0.659319213033,0.00874848866566,-0.412903896265,0.14826189456,0.0663947422628,0.250426867227,0.102677538332,3.1019631308e-13,0.0,1.53427472447e-14,-7.91915383849e-15,0.837964626266,-0.962663487888,-0.863554331811,0.398295320283,1.17043900939,-0.23147727434,2.74966725931,0.24527128733,0.359810652084,0.101420751974,-0.0656174834879,-2.9620750297e-13,0.0,-1.11378433788e-15,-4.61852778244e-13,0.0,-2.57102640109e-15,0.0,2.11719530796e-13,0.0,0.0,0.0,0.0,0.0,0.0,0.0,0.0,0.0,0.0,0.0,0.0,0.0,0.0
0.00989246368408,1.27977933045,1.237955082,1.09565541894,0.0,0.0,0.663737227934,0.0104967325464,-0.415201967967,0.148607178971,0.0670511112109,0.251150716586,0.102426115446,3.110844915e-13,0.0,1.60149430786e-14,-7.45793917875e-15,0.831123434007,-0.977579340115,-0.859853642205,0.397949283168,1.13532212813,-0.231434169094,2.76288346682,0.245211542233,0.356479916595,0.0828524318082,-0.0661225844441,-2.97206703692e-13,0.0,-1.10397126001e-15,-4.62518912059e-13,0.0,-2.57102640109e-15,0.0,2.12163620006e-13,0.0,0.0,0.0,0.0,0.0,0.0,0.0,0.0,0.0,0.0,0.0,0.0,0.0,0.0
0.0100431442261,1.28031703864,1.2382556693,1.09536306054,0.0,0.0,0.663276059664,0.00860003321328,-0.417218943195,0.155602585074,0.0670056390506,0.251695933812,0.102150279346,3.1152858071e-13,0.0,1.6353494265e-14,-7.16354684274e-15,0.822743782986,-0.990985804237,-0.856289436026,0.397924063358,1.10256469178,-0.228640197204,2.7726440863,0.245206483909,0.349717804465,0.0623325454637,-0.0670274433058,-2.96984659087e-13,0.0,-1.25607396695e-15,-4.62296867454e-13,0.0,-2.64953102403e-15,0.0,2.12274642308e-13,0.0,0.0,0.0,0.0,0.0,0.0,0.0,0.0,0.0,0.0,0.0,0.0,0.0,0.0
0.0101282596588,1.28096264251,1.23837913438,1.09524471338,0.0,0.0,0.665990022373,0.00851300143859,-0.41836403134,0.156467586754,0.0683108445729,0.252267208545,0.102128329773,3.10862446895e-13,0.0,1.62259242527e-14,-7.21261223208e-15,0.816097556674,-0.999602562801,-0.844562395962,0.397039428084,1.07441943911,-0.232180030425,2.77459974495,0.24580554138,0.34548358601,0.0379836420823,-0.0674798061001,-2.97262214843e-13,0.0,-1.27079358375e-15,-4.61186644429e-13,0.0,-2.45326946669e-15,0.0,2.12607709216e-13,0.0,0.0,0.0,0.0,0.0,0.0,0.0,0.0,0.0,0.0,0.0,0.0,0.0,0.0
0.00994205474854,1.28172540068,1.23830975683,1.09509975488,0.0,0.0,0.667095124056,0.00567058399579,-0.419844693933,0.160277177117,0.0683351816843,0.252310198919,0.101557145044,3.1197266992e-13,0.0,1.65644754391e-14,-6.82008911741e-15,0.811588428397,-1.01004646208,-0.83738914914,0.397381022014,1.04785220108,-0.2349989378,2.77700559668,0.245813900993,0.356838083369,0.0194476209763,-0.0697034886663,-2.97650792902e-13,0.0,-8.8317700801e-16,-4.53415083257e-13,0.0,-2.70840949123e-15,0.0,2.1327384303e-13,0.0,0.0,0.0,0.0,0.0,0.0,0.0,0.0,0.0,0.0,0.0,0.0,0.0,0.0
0.00993967056274,1.28230480098,1.23815132632,1.09492067773,0.0,0.0,0.671077472273,0.00451468799742,-0.422769356389,0.159950524606,0.0684644889509,0.252545238755,0.101182634228,3.1197266992e-13,0.0,1.67754566132e-14,-7.15373376488e-15,0.807254059294,-1.02045428542,-0.829197742291,0.397362330357,1.02250450355,-0.236573597945,2.78115344699,0.245594480144,0.359381204737,0.00647539699077,-0.066524625372,-2.97872837507e-13,0.0,-1.05490587068e-15,-4.51416681813e-13,0.0,-2.29626022083e-15,0.0,2.13384865333e-13,0.0,0.0,0.0,0.0,0.0,0.0,0.0,0.0,0.0,0.0,0.0,0.0,0.0,0.0
0.00999021530151,1.28311751754,1.23803240019,1.09477608545,0.0,0.0,0.678849848379,0.00464057608854,-0.425011160427,0.155555668815,0.0686826541248,0.252868602461,0.101170778876,3.12860848339e-13,0.0,1.66920454514e-14,-6.74158449447e-15,0.803231585176,-1.02586703483,-0.805049048265,0.398001020418,1.00482118208,-0.253696014948,2.78473998802,0.245831308689,0.351531386202,-0.0124926566152,-0.0642996362485,-2.97761815204e-13,0.0,-1.23644781121e-15,-4.52970994047e-13,0.0,-2.15887713069e-15,-1.91355018402e-16,2.1371793224e-13,0.0,0.0,0.0,0.0,0.0,0.0,0.0,0.0,0.0,0.0,0.0,0.0,0.0,0.0
0.00986909866333,1.28390641697,1.23811436938,1.09476583154,0.0,0.0,0.682284230676,0.00286721188052,-0.426938694707,0.156228019426,0.0688965850058,0.252829277946,0.100293352792,3.13971071364e-13,0.0,1.66233539063e-14,-6.68270602727e-15,0.793934485604,-1.03521775583,-0.799003119193,0.397810037921,0.984440649339,-0.242427092651,2.78555057407,0.245941142074,0.349971150427,-0.0213081948323,-0.0651228716027,-2.98538971322e-13,0.0,-1.16775626615e-15,-4.56745752331e-13,0.0,-2.41401715523e-15,0.0,2.1371793224e-13,0.0,0.0,0.0,0.0,0.0,0.0,0.0,0.0,0.0,0.0,0.0,0.0,0.0,0.0
0.0100944042206,1.28457519593,1.23808879038,1.09467916162,0.0,0.0,0.688352024799,0.00328035080632,-0.427963484244,0.152326565507,0.069027944483,0.252981017277,0.10035653603,3.14193115969e-13,0.0,1.5985503845e-14,-6.50607062567e-15,0.793550256378,-1.03686367194,-0.761046258263,0.399659445749,0.971541147856,-0.277371166383,2.77695212498,0.245836871447,0.353926813414,-0.0448820287497,-0.064133051016,-2.9848346017e-13,0.0,-1.15794318828e-15,-4.58300064565e-13,0.0,-2.25700790936e-15,1.32476551201e-16,2.1371793224e-13,0.0,0.0,0.0,0.0,0.0,0.0,0.0,0.0,0.0,0.0,0.0,0.0,0.0,0.0
0.00994157791138,1.28523553077,1.2381648908,1.09455440576,0.0,0.0,0.693979443626,0.00465850871693,-0.428249878621,0.14809355824,0.0686424550297,0.252592030373,0.100028347984,3.14193115969e-13,0.0,1.65595689002e-14,-6.59438832647e-15,0.788238781637,-1.04474438157,-0.767221125924,0.396936046073,0.946827436212,-0.25400817089,2.7856392161,0.247575844531,0.329925192151,-0.0533330415903,-0.0607862440594,-2.99760216649e-13,0.0,-9.22429319477e-16,-4.58300064565e-13,0.0,-2.57102640109e-15,0.0,2.13939976845e-13,0.0,0.0,0.0,0.0,0.0,0.0,0.0,0.0,0.0,0.0,0.0,0.0,0.0,0.0
0.00993728637695,1.28567399438,1.23840143186,1.09434322412,0.0,0.0,0.695542729325,0.00423247808571,-0.430348748835,0.148362063033,0.068743721496,0.253145365787,0.100038043117,3.15081294389e-13,0.0,1.642218581e-14,-5.92709903153e-15,0.784506375898,-1.04904962063,-0.741902926055,0.397592587385,0.934146411525,-0.266065733195,2.78416645213,0.247413536361,0.318950603193,-0.068587509747,-0.0586634664117,-3.01036973127e-13,0.0,-1.18738242188e-15,-4.58300064565e-13,0.0,-2.64953102403e-15,0.0,2.1416202145e-13,0.0,0.0,0.0,0.0,0.0,0.0,0.0,0.0,0.0,0.0,0.0,0.0,0.0,0.0
0.0101180076599,1.2860674066,1.2386986728,1.09419564111,0.0,0.0,0.698128241322,0.00566323097755,-0.432923370629,0.147374239882,0.0681364468933,0.253463248827,0.0992925987027,3.15747428203e-13,0.0,1.62995223367e-14,-6.27055675687e-15,0.779869977487,-1.05570085739,-0.731797559304,0.397789907851,0.921021371463,-0.264203031275,2.78635826772,0.24756239175,0.31050094126,-0.0885366843549,-0.0564235000303,-3.01647595791e-13,0.0,-1.03037317601e-15,-4.58300064565e-13,0.0,-2.27663406509e-15,0.0,2.1416202145e-13,0.0,0.0,0.0,0.0,0.0,0.0,0.0,0.0,0.0,0.0,0.0,0.0,0.0,0.0
0.0099515914917,1.28639387174,1.23918741752,1.09419612939,0.0,0.0,0.69591534945,0.00403833403266,-0.434130651653,0.15235227314,0.0672592830395,0.253299023829,0.0983306713176,3.16413562018e-13,0.0,1.64025596543e-14,-6.87896758461e-15,0.774866116194,-1.05975965498,-0.703482829428,0.399178551625,0.909957927992,-0.277978275625,2.78326514404,0.247850667366,0.298157995438,-0.107263784542,-0.0550050292074,-3.01592084639e-13,0.0,-1.29532627841e-15,-4.59188242985e-13,0.0,-2.55140024536e-15,0.0,2.1460611066e-13,0.0,0.0,0.0,0.0,0.0,0.0,0.0,0.0,0.0,0.0,0.0,0.0,0.0,0.0
0.0102498531342,1.28684867014,1.23954910669,1.09426674707,0.0,0.0,0.698582752754,0.00462920713252,-0.434101110512,0.152140675788,0.0671173665965,0.253014338316,0.098201092182,3.16635606623e-13,0.0,1.63927465764e-14,-6.93784605181e-15,0.770441288967,-1.06206234615,-0.690409999935,0.399347080072,0.89875658806,-0.278808189196,2.78731799085,0.248317763382,0.285285713251,-0.118896641723,-0.0538138421934,-3.02091685001e-13,0.0,-1.68294285415e-15,-4.5852210917e-13,0.0,-2.61027871256e-15,0.0,2.14828155265e-13,0.0,0.0,0.0,0.0,0.0,0.0,0.0,0.0,0.0,0.0,0.0,0.0,0.0,0.0
0.00996255874634,1.28736727199,1.23974972711,1.09424190577,0.0,0.0,0.704121406842,0.00631883090272,-0.434169537485,0.148361572077,0.0674036861733,0.253165971836,0.0983759832357,3.16635606623e-13,0.0,1.72759235845e-14,-6.84952835101e-15,0.766660347022,-1.0624391452,-0.673812061152,0.399155865218,0.889921982164,-0.285503589909,2.78679191192,0.248410917964,0.274741034778,-0.133521067754,-0.0510644609417,-3.02147196152e-13,0.0,-1.59953169228e-15,-4.5941028759e-13,0.0,-2.64953102403e-15,0.0,2.1505019987e-13,0.0,0.0,0.0,0.0,0.0,0.0,0.0,0.0,0.0,0.0,0.0,0.0,0.0,0.0
0.00990223884583,1.28780188334,1.24002479566,1.09424178369,0.0,0.0,0.707376156164,0.00696726412717,-0.43489655834,0.146461924424,0.0676871850008,0.253204195101,0.0980768189706,3.16191517413e-13,0.0,1.73151758959e-14,-7.16354684274e-15,0.763437113482,-1.06301452202,-0.65347663921,0.399707604084,0.882195536757,-0.296731429418,2.78827241818,0.248551758285,0.268849439135,-0.150418444512,-0.0501596777212,-3.02369240757e-13,0.0,-1.68294285415e-15,-4.61630733639e-13,0.0,-2.6299048683e-15,0.0,2.15605311382e-13,0.0,0.0,0.0,0.0,0.0,0.0,0.0,0.0,0.0,0.0,0.0,0.0,0.0,0.0
0.0100741386414,1.28812663188,1.24054233631,1.09417440088,0.0,0.0,0.70370407666,0.00484715615572,-0.434821988289,0.151834454639,0.0670208047698,0.252818960256,0.0978603162032,3.16635606623e-13,0.0,1.75948486151e-14,-7.33036916648e-15,0.762218982155,-1.06549200084,-0.640878587132,0.400240726513,0.871739892072,-0.300348440004,2.78342720948,0.248364651726,0.255703643753,-0.155370877437,-0.0470146007721,-3.02147196152e-13,0.0,-1.59953169228e-15,-4.62518912059e-13,0.0,-2.64953102403e-15,0.0,2.16049400592e-13,0.0,0.0,0.0,0.0,0.0,0.0,0.0,0.0,0.0,0.0,0.0,0.0,0.0,0.0
0.00972747802734,1.28861136593,1.24096700523,1.09414797266,0.0,0.0,0.703229887292,0.00210266294221,-0.4349979621,0.155032554371,0.0665444361384,0.252444785765,0.0981289275651,3.15747428203e-13,0.0,1.73446151295e-14,-7.59532226888e-15,0.76108834123,-1.06539679926,-0.631555374511,0.400439125047,0.861559911351,-0.303845257838,2.78788344745,0.248645095206,0.240475853087,-0.168141598308,-0.045820894379,-3.02313729605e-13,0.0,-1.67312977628e-15,-4.61852778244e-13,0.0,-2.61027871256e-15,-1.52102706935e-16,2.16271445197e-13,0.0,0.0,0.0,0.0,0.0,0.0,0.0,0.0,0.0,0.0,0.0,0.0,0.0,0.0
0.0100889205933,1.2893750968,1.24147368973,1.09427803858,0.0,0.0,0.708355498649,0.00590538441016,-0.432756062141,0.150044033471,0.0665953463931,0.251947989988,0.0971679407226,3.16413562018e-13,0.0,1.7015877021e-14,-7.60513534675e-15,0.757402225202,-1.06553096684,-0.616027083162,0.40100643369,0.853106322089,-0.309161929051,2.78229000504,0.248630503385,0.231312037947,-0.172101582059,-0.0435107765827,-3.02813329967e-13,0.0,-1.34439166775e-15,-4.62963001269e-13,0.0,-2.6299048683e-15,-1.76635401602e-16,2.16604512104e-13,0.0,0.0,0.0,0.0,0.0,0.0,0.0,0.0,0.0,0.0,0.0,0.0,0.0,0.0
0.0100200176239,1.2896085118,1.2422158343,1.09429067285,0.0,0.0,0.699667800403,0.00227263942457,-0.432137339443,0.160177155761,0.066190352101,0.251485521227,0.0964037911881,3.16191517413e-13,0.0,1.76242878487e-14,-7.19298607635e-15,0.756167622194,-1.06726436867,-0.611848679543,0.401553550072,0.843506598569,-0.307661813458,2.79212897414,0.248846482116,0.210421865123,-0.182602632248,-0.0404676887897,-3.0253577421e-13,0.0,-1.62897092588e-15,-4.63851179688e-13,0.0,-2.55140024536e-15,-1.81541940535e-16,2.17159623617e-13,0.0,0.0,0.0,0.0,0.0,0.0,0.0,0.0,0.0,0.0,0.0,0.0,0.0,0.0
0.0101938247681,1.29026663021,1.24264458509,1.09436153467,0.0,0.0,0.704814000062,0.00485416029436,-0.430442235231,0.154428469201,0.0662868085983,0.250991686328,0.09611318575,3.15525383598e-13,0.0,1.7972652113e-14,-6.94765912968e-15,0.756273940512,-1.0667845486,-0.606394602579,0.401749662753,0.833103490769,-0.309217944841,2.80943658888,0.248748564313,0.186748915496,-0.20336217813,-0.0362366254914,-3.02757818815e-13,0.0,-1.69766247095e-15,-4.65405491923e-13,0.0,-2.88504489283e-15,0.0,2.16937579012e-13,0.0,0.0,0.0,0.0,0.0,0.0,0.0,0.0,0.0,0.0,0.0,0.0,0.0,0.0
0.00977659225464,1.2906424158,1.24312125634,1.09434413965,0.0,0.0,0.702141755382,0.00332440932212,-0.429147107941,0.15724182305,0.0663210480587,0.250673702615,0.095838841406,3.14637205179e-13,0.0,1.80364371191e-14,-7.18317299848e-15,0.757171949259,-1.06589687271,-0.600275708504,0.401959983776,0.825469466999,-0.31232491664,2.81789336687,0.248796922443,0.175895727093,-0.21060031486,-0.0343066016617,-3.02757818815e-13,0.0,-1.82523248322e-15,-4.66959804157e-13,0.0,-2.76728795843e-15,0.0,2.17159623617e-13,0.0,0.0,0.0,0.0,0.0,0.0,0.0,0.0,0.0,0.0,0.0,0.0,0.0,0.0
0.0099401473999,1.29102161995,1.24353056927,1.09435305078,0.0,0.0,0.701560583565,0.0028097099774,-0.427806289332,0.157581089068,0.0667654748855,0.250537483669,0.0957403298981,3.14637205179e-13,0.0,1.82179790597e-14,-7.07522914194e-15,0.756895659617,-1.06518569325,-0.597435815155,0.40189636822,0.819399912536,-0.310763704475,2.82323298615,0.24900851311,0.160527397015,-0.215074119586,-0.0321953822052,-3.02757818815e-13,0.0,-1.84485863895e-15,-4.64961402713e-13,0.0,-3.00280182723e-15,0.0,2.17270645919e-13,0.0,0.0,0.0,0.0,0.0,0.0,0.0,0.0,0.0,0.0,0.0,0.0,0.0,0.0
0.0100471973419,1.29134643211,1.2439019446,1.09437807519,0.0,0.0,0.701418392241,0.00259569720065,-0.426922556233,0.157261150371,0.0670326880617,0.250433199251,0.0956575040818,3.14415160574e-13,0.0,1.84731190842e-14,-7.09485529768e-15,0.757337192264,-1.06439872885,-0.589830005794,0.401979306004,0.814683454487,-0.315517076867,2.81661047866,0.248962470284,0.159108133592,-0.22103599842,-0.0313589695891,-3.02757818815e-13,0.0,-1.95770903442e-15,-4.65849581133e-13,0.0,-3.3364464747e-15,0.0,2.17270645919e-13,0.0,0.0,0.0,0.0,0.0,0.0,0.0,0.0,0.0,0.0,0.0,0.0,0.0,0.0
0.0100519657135,1.29152849871,1.24423808822,1.0943947378,0.0,0.0,0.699336199855,0.0014079958909,-0.426802724441,0.159083629985,0.0669006303379,0.250286011037,0.0955721566055,3.14637205179e-13,0.0,1.89588664386e-14,-7.30092993288e-15,0.759286966859,-1.06544106339,-0.591770263796,0.402141989572,0.808176588195,-0.314022083724,2.82180960126,0.248711198165,0.150812513754,-0.23483300964,-0.0297472115542,-3.02757818815e-13,0.0,-1.86448479469e-15,-4.67181848762e-13,0.0,-3.02242798297e-15,0.0,2.17270645919e-13,0.0,0.0,0.0,0.0,0.0,0.0,0.0,0.0,0.0,0.0,0.0,0.0,0.0,0.0
0.00994229316711,1.2918071924,1.24466507498,1.09447383936,0.0,0.0,0.698829731115,0.00142996629372,-0.426059939184,0.15968037644,0.0668601874261,0.24991719585,0.0953864597166,3.15525383598e-13,0.0,1.87920441149e-14,-7.26167762141e-15,0.759282184616,-1.06606054275,-0.592084095896,0.402137039708,0.803231296184,-0.312643621906,2.8230153969,0.248860613095,0.144795599455,-0.243449060966,-0.0291539363874,-3.02868841118e-13,0.0,-1.55537284188e-15,-4.70956607046e-13,0.0,-3.0420541387e-15,0.0,2.17603712827e-13,0.0,0.0,0.0,0.0,0.0,0.0,0.0,0.0,0.0,0.0,0.0,0.0,0.0,0.0
0.0102179050446,1.29185676226,1.24493399966,1.09445992334,0.0,0.0,0.69572202283,-3.88449034356e-06,-0.426337548621,0.163187202399,0.0673147323993,0.250077874973,0.0952903383029,3.15081294389e-13,0.0,1.87184460309e-14,-6.99672451901e-15,0.758856006099,-1.06589202196,-0.593003847286,0.401897025325,0.800447619187,-0.312143645719,2.82578644338,0.249127354971,0.136055871456,-0.249865668446,-0.0279104733811,-3.03035374571e-13,0.0,-1.53084014722e-15,-4.70956607046e-13,0.0,-2.96354951577e-15,0.0,2.17492690524e-13,0.0,0.0,0.0,0.0,0.0,0.0,0.0,0.0,0.0,0.0,0.0,0.0,0.0,0.0
0.00986433029175,1.29190752826,1.24513399947,1.09442348535,0.0,0.0,0.695316789817,0.000174331585149,-0.426893993024,0.164072758363,0.0672098076391,0.250065757657,0.0951750427042,3.16413562018e-13,0.0,1.84976517789e-14,-7.29111685501e-15,0.75835653298,-1.06751254999,-0.594371545684,0.401763300778,0.797011130068,-0.309969073733,2.82731806534,0.249308226043,0.127451757963,-0.254467200981,-0.0264627523154,-3.0342395263e-13,0.0,-1.64369054268e-15,-4.69846384021e-13,0.0,-3.00280182723e-15,0.0,2.18158824339e-13,0.0,0.0,0.0,0.0,0.0,0.0,0.0,0.0,0.0,0.0,0.0,0.0,0.0,0.0
0.0100893974304,1.29198460539,1.24533457296,1.09437404688,0.0,0.0,0.695598837051,0.000591228413778,-0.427503557347,0.164827482321,0.0669836479467,0.25006187033,0.0951084568536,3.17523785043e-13,0.0,1.83995210002e-14,-7.62476150248e-15,0.757059437145,-1.06967153004,-0.597761749101,0.401471136006,0.794062858226,-0.305325873993,2.83029340372,0.249395648693,0.120113256414,-0.257035657087,-0.0251943928184,-3.03590486084e-13,0.0,-1.57499899762e-15,-4.71178651651e-13,0.0,-3.00280182723e-15,0.0,2.18491891246e-13,0.0,0.0,0.0,0.0,0.0,0.0,0.0,0.0,0.0,0.0,0.0,0.0,0.0,0.0
0.0101232528687,1.29204870994,1.24548715836,1.09431868798,0.0,0.0,0.696812364744,0.00168304405518,-0.427998762318,0.164413494271,0.0667919388023,0.250010896867,0.0950281726924,3.19966275697e-13,0.0,1.83602686887e-14,-7.73270535902e-15,0.755891786642,-1.07108795935,-0.590353460073,0.402004266042,0.793008606035,-0.311070846537,2.82704147864,0.249111046232,0.118119547939,-0.259764885328,-0.024887934072,-3.03146396874e-13,0.0,-1.52593360828e-15,-4.72066830071e-13,0.0,-3.00280182723e-15,0.0,2.18491891246e-13,0.0,0.0,0.0,0.0,0.0,0.0,0.0,0.0,0.0,0.0,0.0,0.0,0.0,0.0
0.00984764099121,1.29213885821,1.24556321663,1.09418026025,0.0,0.0,0.697150182449,0.00182784127064,-0.428277065437,0.165067079187,0.0668037459977,0.250041964934,0.0949905852237,3.20410364907e-13,0.0,1.85810629407e-14,-7.07522914194e-15,0.754413575907,-1.07209702467,-0.588262576395,0.401820149814,0.7922529125,-0.311964407292,2.82452091673,0.249170371888,0.116938737009,-0.261301353344,-0.0246169235453,-3.03146396874e-13,0.0,-1.54555976402e-15,-4.72288874676e-13,0.0,-3.43457725337e-15,0.0,2.18602913549e-13,0.0,0.0,0.0,0.0,0.0,0.0,0.0,0.0,0.0,0.0,0.0,0.0,0.0,0.0
0.00995397567749,1.29211846717,1.24569131108,1.09406313379,0.0,0.0,0.696308906828,0.00174212915091,-0.428797174046,0.166762620458,0.0666577481686,0.250050325136,0.0949184846518,3.21298543327e-13,0.0,1.85516237071e-14,-7.13410760914e-15,0.753124101598,-1.0738482371,-0.587974634202,0.40183811577,0.792303173405,-0.311442083683,2.82711682754,0.249043838557,0.113060998579,-0.262427896843,-0.0237093438726,-3.0342395263e-13,0.0,-1.48668129682e-15,-4.72288874676e-13,0.0,-3.3364464747e-15,0.0,2.18602913549e-13,0.0,0.0,0.0,0.0,0.0,0.0,0.0,0.0,0.0,0.0,0.0,0.0,0.0,0.0
0.0100677013397,1.29222753146,1.24572062648,1.09393123682,0.0,0.0,0.698869866181,0.0031057450438,-0.42880699922,0.16457726898,0.0665811355354,0.250021871375,0.0948645517311,3.21964677141e-13,0.0,1.84583994674e-14,-6.88878066248e-15,0.751296844927,-1.07519969202,-0.586487530159,0.401843083535,0.793924353533,-0.310905302617,2.82826947708,0.248951293891,0.112532627941,-0.260127258502,-0.0238189366258,-3.03090885723e-13,0.0,-1.57009245868e-15,-4.77173855984e-13,0.0,-3.37569878617e-15,0.0,2.18713935851e-13,0.0,0.0,0.0,0.0,0.0,0.0,0.0,0.0,0.0,0.0,0.0,0.0,0.0,0.0
0.0100281238556,1.29222616085,1.24581063134,1.09380800683,0.0,0.0,0.697991323012,0.00292988469067,-0.428859521225,0.166018192377,0.0663314736256,0.249961829169,0.0948145906138,3.22408766351e-13,0.0,1.81051286642e-14,-7.32055608861e-15,0.750189051207,-1.07591509413,-0.587758187278,0.40155034381,0.795531432649,-0.31066728023,2.83430891482,0.249336413824,0.109568913611,-0.264000046842,-0.0235571667239,-3.03312930328e-13,0.0,-1.44252244642e-15,-4.7517545454e-13,0.0,-3.37569878617e-15,0.0,2.18824958154e-13,0.0,0.0,0.0,0.0,0.0,0.0,0.0,0.0,0.0,0.0,0.0,0.0,0.0,0.0
